service_id,date,exception_type
24001IFA_0101,20240908,1
24001IFA_0102,20240908,1
24001IFA_0103,20240908,1
24001IFA_0104,20240908,1
24001IFA_0114,20240908,1
24001IFA_0115,20240908,1
24001IFA_0101,20240915,1
24001IFA_0102,20240915,1
24001IFA_0103,20240915,1
24001IFA_0104,20240915,1
24001IFA_0114,20240915,1
24001IFA_0115,20240915,1
24001IFA_0101,20240922,1
24001IFA_0102,20240922,1
24001IFA_0103,20240922,1
24001IFA_0104,20240922,1
24001IFA_0114,20240922,1
24001IFA_0115,20240922,1
24001IFA_0101,20240929,1
24001IFA_0102,20240929,1
24001IFA_0103,20240929,1
24001IFA_0104,20240929,1
24001IFA_0114,20240929,1
24001IFA_0115,20240929,1
24001IFA_0101,20241006,1
24001IFA_0102,20241006,1
24001IFA_0103,20241006,1
24001IFA_0104,20241006,1
24001IFA_0114,20241006,1
24001IFA_0115,20241006,1
24001IFA_0101,20241012,1
24001IFA_0102,20241012,1
24001IFA_0103,20241012,1
24001IFA_0104,20241012,1
24001IFA_0114,20241012,1
24001IFA_0115,20241012,1
24001IFA_0101,20241013,1
24001IFA_0102,20241013,1
24001IFA_0103,20241013,1
24001IFA_0104,20241013,1
24001IFA_0114,20241013,1
24001IFA_0115,20241013,1
24001IFA_0101,20241020,1
24001IFA_0102,20241020,1
24001IFA_0103,20241020,1
24001IFA_0104,20241020,1
24001IFA_0114,20241020,1
24001IFA_0115,20241020,1
24001IFA_0101,20241027,1
24001IFA_0102,20241027,1
24001IFA_0103,20241027,1
24001IFA_0104,20241027,1
24001IFA_0114,20241027,1
24001IFA_0115,20241027,1
24001IFA_0101,20241103,1
24001IFA_0102,20241103,1
24001IFA_0103,20241103,1
24001IFA_0104,20241103,1
24001IFA_0114,20241103,1
24001IFA_0115,20241103,1
24001IFA_0101,20241110,1
24001IFA_0102,20241110,1
24001IFA_0103,20241110,1
24001IFA_0104,20241110,1
24001IFA_0114,20241110,1
24001IFA_0115,20241110,1
24001IFA_0101,20241117,1
24001IFA_0102,20241117,1
24001IFA_0103,20241117,1
24001IFA_0104,20241117,1
24001IFA_0114,20241117,1
24001IFA_0115,20241117,1
24001IFA_0101,20241124,1
24001IFA_0102,20241124,1
24001IFA_0103,20241124,1
24001IFA_0104,20241124,1
24001IFA_0114,20241124,1
24001IFA_0115,20241124,1
24001IFA_0101,20241201,1
24001IFA_0102,20241201,1
24001IFA_0103,20241201,1
24001IFA_0104,20241201,1
24001IFA_0114,20241201,1
24001IFA_0115,20241201,1
24001IFA_0101,20241206,1
24001IFA_0102,20241206,1
24001IFA_0103,20241206,1
24001IFA_0104,20241206,1
24001IFA_0114,20241206,1
24001IFA_0115,20241206,1
24001IFA_0101,20241208,1
24001IFA_0102,20241208,1
24001IFA_0103,20241208,1
24001IFA_0104,20241208,1
24001IFA_0114,20241208,1
24001IFA_0115,20241208,1
24001IFA_0101,20241215,1
24001IFA_0102,20241215,1
24001IFA_0103,20241215,1
24001IFA_0104,20241215,1
24001IFA_0114,20241215,1
24001IFA_0115,20241215,1
24001IFA_0101,20241222,1
24001IFA_0102,20241222,1
24001IFA_0103,20241222,1
24001IFA_0104,20241222,1
24001IFA_0114,20241222,1
24001IFA_0115,20241222,1
24001IFA_0101,20241225,1
24001IFA_0102,20241225,1
24001IFA_0103,20241225,1
24001IFA_0104,20241225,1
24001IFA_0114,20241225,1
24001IFA_0115,20241225,1
24001IFA_0101,20241229,1
24001IFA_0102,20241229,1
24001IFA_0103,20241229,1
24001IFA_0104,20241229,1
24001IFA_0114,20241229,1
24001IFA_0115,20241229,1
24001IFA_0101,20250101,1
24001IFA_0102,20250101,1
24001IFA_0103,20250101,1
24001IFA_0104,20250101,1
24001IFA_0114,20250101,1
24001IFA_0115,20250101,1
24001IFA_0101,20250105,1
24001IFA_0102,20250105,1
24001IFA_0103,20250105,1
24001IFA_0104,20250105,1
24001IFA_0114,20250105,1
24001IFA_0115,20250105,1
24001IFA_0101,20250106,1
24001IFA_0102,20250106,1
24001IFA_0103,20250106,1
24001IFA_0104,20250106,1
24001IFA_0114,20250106,1
24001IFA_0115,20250106,1
24001IFA_0101,20250112,1
24001IFA_0102,20250112,1
24001IFA_0103,20250112,1
24001IFA_0104,20250112,1
24001IFA_0114,20250112,1
24001IFA_0115,20250112,1
24001IFA_0101,20250119,1
24001IFA_0102,20250119,1
24001IFA_0103,20250119,1
24001IFA_0104,20250119,1
24001IFA_0114,20250119,1
24001IFA_0115,20250119,1
24001IFA_0101,20250126,1
24001IFA_0102,20250126,1
24001IFA_0103,20250126,1
24001IFA_0104,20250126,1
24001IFA_0114,20250126,1
24001IFA_0115,20250126,1
24001IFA_0101,20250202,1
24001IFA_0102,20250202,1
24001IFA_0103,20250202,1
24001IFA_0104,20250202,1
24001IFA_0114,20250202,1
24001IFA_0115,20250202,1
24001IFA_0101,20250209,1
24001IFA_0102,20250209,1
24001IFA_0103,20250209,1
24001IFA_0104,20250209,1
24001IFA_0114,20250209,1
24001IFA_0115,20250209,1
24001IFA_0101,20250216,1
24001IFA_0102,20250216,1
24001IFA_0103,20250216,1
24001IFA_0104,20250216,1
24001IFA_0114,20250216,1
24001IFA_0115,20250216,1
24001IFA_0101,20250223,1
24001IFA_0102,20250223,1
24001IFA_0103,20250223,1
24001IFA_0104,20250223,1
24001IFA_0114,20250223,1
24001IFA_0115,20250223,1
24001IFA_0101,20250302,1
24001IFA_0102,20250302,1
24001IFA_0103,20250302,1
24001IFA_0104,20250302,1
24001IFA_0114,20250302,1
24001IFA_0115,20250302,1
24001IFA_0101,20250309,1
24001IFA_0102,20250309,1
24001IFA_0103,20250309,1
24001IFA_0104,20250309,1
24001IFA_0114,20250309,1
24001IFA_0115,20250309,1
24001IFA_0101,20250316,1
24001IFA_0102,20250316,1
24001IFA_0103,20250316,1
24001IFA_0104,20250316,1
24001IFA_0114,20250316,1
24001IFA_0115,20250316,1
24001IFA_0101,20250323,1
24001IFA_0102,20250323,1
24001IFA_0103,20250323,1
24001IFA_0104,20250323,1
24001IFA_0114,20250323,1
24001IFA_0115,20250323,1
24001IFA_0101,20250330,1
24001IFA_0102,20250330,1
24001IFA_0103,20250330,1
24001IFA_0104,20250330,1
24001IFA_0114,20250330,1
24001IFA_0115,20250330,1
24001IFA_0101,20250406,1
24001IFA_0102,20250406,1
24001IFA_0103,20250406,1
24001IFA_0104,20250406,1
24001IFA_0114,20250406,1
24001IFA_0115,20250406,1
24001IFA_0101,20250413,1
24001IFA_0102,20250413,1
24001IFA_0103,20250413,1
24001IFA_0104,20250413,1
24001IFA_0114,20250413,1
24001IFA_0115,20250413,1
24001IFA_0101,20250417,1
24001IFA_0102,20250417,1
24001IFA_0103,20250417,1
24001IFA_0104,20250417,1
24001IFA_0114,20250417,1
24001IFA_0115,20250417,1
24001IFA_0101,20250418,1
24001IFA_0102,20250418,1
24001IFA_0103,20250418,1
24001IFA_0104,20250418,1
24001IFA_0114,20250418,1
24001IFA_0115,20250418,1
24001IFA_0101,20250420,1
24001IFA_0102,20250420,1
24001IFA_0103,20250420,1
24001IFA_0104,20250420,1
24001IFA_0114,20250420,1
24001IFA_0115,20250420,1
24001IFA_0101,20250427,1
24001IFA_0102,20250427,1
24001IFA_0103,20250427,1
24001IFA_0104,20250427,1
24001IFA_0114,20250427,1
24001IFA_0115,20250427,1
24001IFA_0101,20250501,1
24001IFA_0102,20250501,1
24001IFA_0103,20250501,1
24001IFA_0104,20250501,1
24001IFA_0114,20250501,1
24001IFA_0115,20250501,1
24001IFA_0101,20250504,1
24001IFA_0102,20250504,1
24001IFA_0103,20250504,1
24001IFA_0104,20250504,1
24001IFA_0114,20250504,1
24001IFA_0115,20250504,1
24001IFA_0101,20250511,1
24001IFA_0102,20250511,1
24001IFA_0103,20250511,1
24001IFA_0104,20250511,1
24001IFA_0114,20250511,1
24001IFA_0115,20250511,1
24001IFA_0101,20250518,1
24001IFA_0102,20250518,1
24001IFA_0103,20250518,1
24001IFA_0104,20250518,1
24001IFA_0114,20250518,1
24001IFA_0115,20250518,1
24001IFA_0101,20250525,1
24001IFA_0102,20250525,1
24001IFA_0103,20250525,1
24001IFA_0104,20250525,1
24001IFA_0114,20250525,1
24001IFA_0115,20250525,1
24001IFA_0101,20250601,1
24001IFA_0102,20250601,1
24001IFA_0103,20250601,1
24001IFA_0104,20250601,1
24001IFA_0114,20250601,1
24001IFA_0115,20250601,1
24001IFA_0101,20250608,1
24001IFA_0102,20250608,1
24001IFA_0103,20250608,1
24001IFA_0104,20250608,1
24001IFA_0114,20250608,1
24001IFA_0115,20250608,1
24001IFA_0101,20250609,1
24001IFA_0102,20250609,1
24001IFA_0103,20250609,1
24001IFA_0104,20250609,1
24001IFA_0114,20250609,1
24001IFA_0115,20250609,1
24001IFA_0101,20250615,1
24001IFA_0102,20250615,1
24001IFA_0103,20250615,1
24001IFA_0104,20250615,1
24001IFA_0114,20250615,1
24001IFA_0115,20250615,1
24001IFA_0101,20250622,1
24001IFA_0102,20250622,1
24001IFA_0103,20250622,1
24001IFA_0104,20250622,1
24001IFA_0114,20250622,1
24001IFA_0115,20250622,1
24001IFA_0101,20250629,1
24001IFA_0102,20250629,1
24001IFA_0103,20250629,1
24001IFA_0104,20250629,1
24001IFA_0114,20250629,1
24001IFA_0115,20250629,1
24001IFB_0101,20241101,1
24001IFB_0102,20241101,1
24001IFB_0103,20241101,1
24001IFB_0104,20241101,1
24001IFB_0114,20241101,1
24001IFB_0115,20241101,1
24001ILA_0101,20240903,1
24001ILA_0102,20240903,1
24001ILA_0103,20240903,1
24001ILA_0104,20240903,1
24001ILA_0105,20240903,1
24001ILA_0106,20240903,1
24001ILA_0111,20240903,1
24001ILA_0116,20240903,1
24001ILA_0117,20240903,1
24001ILA_0101,20240904,1
24001ILA_0102,20240904,1
24001ILA_0103,20240904,1
24001ILA_0104,20240904,1
24001ILA_0105,20240904,1
24001ILA_0106,20240904,1
24001ILA_0111,20240904,1
24001ILA_0116,20240904,1
24001ILA_0117,20240904,1
24001ILA_0101,20240905,1
24001ILA_0102,20240905,1
24001ILA_0103,20240905,1
24001ILA_0104,20240905,1
24001ILA_0105,20240905,1
24001ILA_0106,20240905,1
24001ILA_0111,20240905,1
24001ILA_0116,20240905,1
24001ILA_0117,20240905,1
24001ILA_0101,20240906,1
24001ILA_0102,20240906,1
24001ILA_0103,20240906,1
24001ILA_0104,20240906,1
24001ILA_0105,20240906,1
24001ILA_0106,20240906,1
24001ILA_0111,20240906,1
24001ILA_0116,20240906,1
24001ILA_0117,20240906,1
24001ILA_0101,20240909,1
24001ILA_0102,20240909,1
24001ILA_0103,20240909,1
24001ILA_0104,20240909,1
24001ILA_0105,20240909,1
24001ILA_0106,20240909,1
24001ILA_0111,20240909,1
24001ILA_0116,20240909,1
24001ILA_0117,20240909,1
24001ILA_0101,20240910,1
24001ILA_0102,20240910,1
24001ILA_0103,20240910,1
24001ILA_0104,20240910,1
24001ILA_0105,20240910,1
24001ILA_0106,20240910,1
24001ILA_0111,20240910,1
24001ILA_0116,20240910,1
24001ILA_0117,20240910,1
24001ILA_0101,20240911,1
24001ILA_0102,20240911,1
24001ILA_0103,20240911,1
24001ILA_0104,20240911,1
24001ILA_0105,20240911,1
24001ILA_0106,20240911,1
24001ILA_0111,20240911,1
24001ILA_0116,20240911,1
24001ILA_0117,20240911,1
24001ILA_0101,20240912,1
24001ILA_0102,20240912,1
24001ILA_0103,20240912,1
24001ILA_0104,20240912,1
24001ILA_0105,20240912,1
24001ILA_0106,20240912,1
24001ILA_0111,20240912,1
24001ILA_0116,20240912,1
24001ILA_0117,20240912,1
24001ILA_0101,20240913,1
24001ILA_0102,20240913,1
24001ILA_0103,20240913,1
24001ILA_0104,20240913,1
24001ILA_0105,20240913,1
24001ILA_0106,20240913,1
24001ILA_0111,20240913,1
24001ILA_0116,20240913,1
24001ILA_0117,20240913,1
24001ILA_0101,20240916,1
24001ILA_0102,20240916,1
24001ILA_0103,20240916,1
24001ILA_0104,20240916,1
24001ILA_0105,20240916,1
24001ILA_0106,20240916,1
24001ILA_0111,20240916,1
24001ILA_0116,20240916,1
24001ILA_0117,20240916,1
24001ILA_0101,20240917,1
24001ILA_0102,20240917,1
24001ILA_0103,20240917,1
24001ILA_0104,20240917,1
24001ILA_0105,20240917,1
24001ILA_0106,20240917,1
24001ILA_0111,20240917,1
24001ILA_0116,20240917,1
24001ILA_0117,20240917,1
24001ILA_0101,20240918,1
24001ILA_0102,20240918,1
24001ILA_0103,20240918,1
24001ILA_0104,20240918,1
24001ILA_0105,20240918,1
24001ILA_0106,20240918,1
24001ILA_0111,20240918,1
24001ILA_0116,20240918,1
24001ILA_0117,20240918,1
24001ILA_0101,20240919,1
24001ILA_0102,20240919,1
24001ILA_0103,20240919,1
24001ILA_0104,20240919,1
24001ILA_0105,20240919,1
24001ILA_0106,20240919,1
24001ILA_0111,20240919,1
24001ILA_0116,20240919,1
24001ILA_0117,20240919,1
24001ILA_0101,20240920,1
24001ILA_0102,20240920,1
24001ILA_0103,20240920,1
24001ILA_0104,20240920,1
24001ILA_0105,20240920,1
24001ILA_0106,20240920,1
24001ILA_0111,20240920,1
24001ILA_0116,20240920,1
24001ILA_0117,20240920,1
24001ILA_0101,20240923,1
24001ILA_0102,20240923,1
24001ILA_0103,20240923,1
24001ILA_0104,20240923,1
24001ILA_0105,20240923,1
24001ILA_0106,20240923,1
24001ILA_0111,20240923,1
24001ILA_0116,20240923,1
24001ILA_0117,20240923,1
24001ILA_0101,20240924,1
24001ILA_0102,20240924,1
24001ILA_0103,20240924,1
24001ILA_0104,20240924,1
24001ILA_0105,20240924,1
24001ILA_0106,20240924,1
24001ILA_0111,20240924,1
24001ILA_0116,20240924,1
24001ILA_0117,20240924,1
24001ILA_0101,20240925,1
24001ILA_0102,20240925,1
24001ILA_0103,20240925,1
24001ILA_0104,20240925,1
24001ILA_0105,20240925,1
24001ILA_0106,20240925,1
24001ILA_0111,20240925,1
24001ILA_0116,20240925,1
24001ILA_0117,20240925,1
24001ILA_0101,20240926,1
24001ILA_0102,20240926,1
24001ILA_0103,20240926,1
24001ILA_0104,20240926,1
24001ILA_0105,20240926,1
24001ILA_0106,20240926,1
24001ILA_0111,20240926,1
24001ILA_0116,20240926,1
24001ILA_0117,20240926,1
24001ILA_0101,20240927,1
24001ILA_0102,20240927,1
24001ILA_0103,20240927,1
24001ILA_0104,20240927,1
24001ILA_0105,20240927,1
24001ILA_0106,20240927,1
24001ILA_0111,20240927,1
24001ILA_0116,20240927,1
24001ILA_0117,20240927,1
24001ILA_0101,20240930,1
24001ILA_0102,20240930,1
24001ILA_0103,20240930,1
24001ILA_0104,20240930,1
24001ILA_0105,20240930,1
24001ILA_0106,20240930,1
24001ILA_0111,20240930,1
24001ILA_0116,20240930,1
24001ILA_0117,20240930,1
24001ILA_0101,20241001,1
24001ILA_0102,20241001,1
24001ILA_0103,20241001,1
24001ILA_0104,20241001,1
24001ILA_0105,20241001,1
24001ILA_0106,20241001,1
24001ILA_0111,20241001,1
24001ILA_0116,20241001,1
24001ILA_0117,20241001,1
24001ILA_0101,20241002,1
24001ILA_0102,20241002,1
24001ILA_0103,20241002,1
24001ILA_0104,20241002,1
24001ILA_0105,20241002,1
24001ILA_0106,20241002,1
24001ILA_0111,20241002,1
24001ILA_0116,20241002,1
24001ILA_0117,20241002,1
24001ILA_0101,20241003,1
24001ILA_0102,20241003,1
24001ILA_0103,20241003,1
24001ILA_0104,20241003,1
24001ILA_0105,20241003,1
24001ILA_0106,20241003,1
24001ILA_0111,20241003,1
24001ILA_0116,20241003,1
24001ILA_0117,20241003,1
24001ILA_0101,20241004,1
24001ILA_0102,20241004,1
24001ILA_0103,20241004,1
24001ILA_0104,20241004,1
24001ILA_0105,20241004,1
24001ILA_0106,20241004,1
24001ILA_0111,20241004,1
24001ILA_0116,20241004,1
24001ILA_0117,20241004,1
24001ILA_0101,20241007,1
24001ILA_0102,20241007,1
24001ILA_0103,20241007,1
24001ILA_0104,20241007,1
24001ILA_0105,20241007,1
24001ILA_0106,20241007,1
24001ILA_0111,20241007,1
24001ILA_0116,20241007,1
24001ILA_0117,20241007,1
24001ILA_0101,20241008,1
24001ILA_0102,20241008,1
24001ILA_0103,20241008,1
24001ILA_0104,20241008,1
24001ILA_0105,20241008,1
24001ILA_0106,20241008,1
24001ILA_0111,20241008,1
24001ILA_0116,20241008,1
24001ILA_0117,20241008,1
24001ILA_0101,20241009,1
24001ILA_0102,20241009,1
24001ILA_0103,20241009,1
24001ILA_0104,20241009,1
24001ILA_0105,20241009,1
24001ILA_0106,20241009,1
24001ILA_0111,20241009,1
24001ILA_0116,20241009,1
24001ILA_0117,20241009,1
24001ILA_0101,20241010,1
24001ILA_0102,20241010,1
24001ILA_0103,20241010,1
24001ILA_0104,20241010,1
24001ILA_0105,20241010,1
24001ILA_0106,20241010,1
24001ILA_0111,20241010,1
24001ILA_0116,20241010,1
24001ILA_0117,20241010,1
24001ILA_0101,20241011,1
24001ILA_0102,20241011,1
24001ILA_0103,20241011,1
24001ILA_0104,20241011,1
24001ILA_0105,20241011,1
24001ILA_0106,20241011,1
24001ILA_0111,20241011,1
24001ILA_0116,20241011,1
24001ILA_0117,20241011,1
24001ILA_0101,20241014,1
24001ILA_0102,20241014,1
24001ILA_0103,20241014,1
24001ILA_0104,20241014,1
24001ILA_0105,20241014,1
24001ILA_0106,20241014,1
24001ILA_0111,20241014,1
24001ILA_0116,20241014,1
24001ILA_0117,20241014,1
24001ILA_0101,20241015,1
24001ILA_0102,20241015,1
24001ILA_0103,20241015,1
24001ILA_0104,20241015,1
24001ILA_0105,20241015,1
24001ILA_0106,20241015,1
24001ILA_0111,20241015,1
24001ILA_0116,20241015,1
24001ILA_0117,20241015,1
24001ILA_0101,20241016,1
24001ILA_0102,20241016,1
24001ILA_0103,20241016,1
24001ILA_0104,20241016,1
24001ILA_0105,20241016,1
24001ILA_0106,20241016,1
24001ILA_0111,20241016,1
24001ILA_0116,20241016,1
24001ILA_0117,20241016,1
24001ILA_0101,20241017,1
24001ILA_0102,20241017,1
24001ILA_0103,20241017,1
24001ILA_0104,20241017,1
24001ILA_0105,20241017,1
24001ILA_0106,20241017,1
24001ILA_0111,20241017,1
24001ILA_0116,20241017,1
24001ILA_0117,20241017,1
24001ILA_0101,20241018,1
24001ILA_0102,20241018,1
24001ILA_0103,20241018,1
24001ILA_0104,20241018,1
24001ILA_0105,20241018,1
24001ILA_0106,20241018,1
24001ILA_0111,20241018,1
24001ILA_0116,20241018,1
24001ILA_0117,20241018,1
24001ILA_0101,20241021,1
24001ILA_0102,20241021,1
24001ILA_0103,20241021,1
24001ILA_0104,20241021,1
24001ILA_0105,20241021,1
24001ILA_0106,20241021,1
24001ILA_0111,20241021,1
24001ILA_0116,20241021,1
24001ILA_0117,20241021,1
24001ILA_0101,20241022,1
24001ILA_0102,20241022,1
24001ILA_0103,20241022,1
24001ILA_0104,20241022,1
24001ILA_0105,20241022,1
24001ILA_0106,20241022,1
24001ILA_0111,20241022,1
24001ILA_0116,20241022,1
24001ILA_0117,20241022,1
24001ILA_0101,20241023,1
24001ILA_0102,20241023,1
24001ILA_0103,20241023,1
24001ILA_0104,20241023,1
24001ILA_0105,20241023,1
24001ILA_0106,20241023,1
24001ILA_0111,20241023,1
24001ILA_0116,20241023,1
24001ILA_0117,20241023,1
24001ILA_0101,20241024,1
24001ILA_0102,20241024,1
24001ILA_0103,20241024,1
24001ILA_0104,20241024,1
24001ILA_0105,20241024,1
24001ILA_0106,20241024,1
24001ILA_0111,20241024,1
24001ILA_0116,20241024,1
24001ILA_0117,20241024,1
24001ILA_0101,20241025,1
24001ILA_0102,20241025,1
24001ILA_0103,20241025,1
24001ILA_0104,20241025,1
24001ILA_0105,20241025,1
24001ILA_0106,20241025,1
24001ILA_0111,20241025,1
24001ILA_0116,20241025,1
24001ILA_0117,20241025,1
24001ILA_0101,20241028,1
24001ILA_0102,20241028,1
24001ILA_0103,20241028,1
24001ILA_0104,20241028,1
24001ILA_0105,20241028,1
24001ILA_0106,20241028,1
24001ILA_0111,20241028,1
24001ILA_0116,20241028,1
24001ILA_0117,20241028,1
24001ILA_0101,20241029,1
24001ILA_0102,20241029,1
24001ILA_0103,20241029,1
24001ILA_0104,20241029,1
24001ILA_0105,20241029,1
24001ILA_0106,20241029,1
24001ILA_0111,20241029,1
24001ILA_0116,20241029,1
24001ILA_0117,20241029,1
24001ILA_0101,20241030,1
24001ILA_0102,20241030,1
24001ILA_0103,20241030,1
24001ILA_0104,20241030,1
24001ILA_0105,20241030,1
24001ILA_0106,20241030,1
24001ILA_0111,20241030,1
24001ILA_0116,20241030,1
24001ILA_0117,20241030,1
24001ILA_0101,20241031,1
24001ILA_0102,20241031,1
24001ILA_0103,20241031,1
24001ILA_0104,20241031,1
24001ILA_0105,20241031,1
24001ILA_0106,20241031,1
24001ILA_0111,20241031,1
24001ILA_0116,20241031,1
24001ILA_0117,20241031,1
24001ILA_0101,20241104,1
24001ILA_0102,20241104,1
24001ILA_0103,20241104,1
24001ILA_0104,20241104,1
24001ILA_0105,20241104,1
24001ILA_0106,20241104,1
24001ILA_0111,20241104,1
24001ILA_0116,20241104,1
24001ILA_0117,20241104,1
24001ILA_0101,20241105,1
24001ILA_0102,20241105,1
24001ILA_0103,20241105,1
24001ILA_0104,20241105,1
24001ILA_0105,20241105,1
24001ILA_0106,20241105,1
24001ILA_0111,20241105,1
24001ILA_0116,20241105,1
24001ILA_0117,20241105,1
24001ILA_0101,20241106,1
24001ILA_0102,20241106,1
24001ILA_0103,20241106,1
24001ILA_0104,20241106,1
24001ILA_0105,20241106,1
24001ILA_0106,20241106,1
24001ILA_0111,20241106,1
24001ILA_0116,20241106,1
24001ILA_0117,20241106,1
24001ILA_0101,20241107,1
24001ILA_0102,20241107,1
24001ILA_0103,20241107,1
24001ILA_0104,20241107,1
24001ILA_0105,20241107,1
24001ILA_0106,20241107,1
24001ILA_0111,20241107,1
24001ILA_0116,20241107,1
24001ILA_0117,20241107,1
24001ILA_0101,20241108,1
24001ILA_0102,20241108,1
24001ILA_0103,20241108,1
24001ILA_0104,20241108,1
24001ILA_0105,20241108,1
24001ILA_0106,20241108,1
24001ILA_0111,20241108,1
24001ILA_0116,20241108,1
24001ILA_0117,20241108,1
24001ILA_0101,20241111,1
24001ILA_0102,20241111,1
24001ILA_0103,20241111,1
24001ILA_0104,20241111,1
24001ILA_0105,20241111,1
24001ILA_0106,20241111,1
24001ILA_0111,20241111,1
24001ILA_0116,20241111,1
24001ILA_0117,20241111,1
24001ILA_0101,20241112,1
24001ILA_0102,20241112,1
24001ILA_0103,20241112,1
24001ILA_0104,20241112,1
24001ILA_0105,20241112,1
24001ILA_0106,20241112,1
24001ILA_0111,20241112,1
24001ILA_0116,20241112,1
24001ILA_0117,20241112,1
24001ILA_0101,20241113,1
24001ILA_0102,20241113,1
24001ILA_0103,20241113,1
24001ILA_0104,20241113,1
24001ILA_0105,20241113,1
24001ILA_0106,20241113,1
24001ILA_0111,20241113,1
24001ILA_0116,20241113,1
24001ILA_0117,20241113,1
24001ILA_0101,20241114,1
24001ILA_0102,20241114,1
24001ILA_0103,20241114,1
24001ILA_0104,20241114,1
24001ILA_0105,20241114,1
24001ILA_0106,20241114,1
24001ILA_0111,20241114,1
24001ILA_0116,20241114,1
24001ILA_0117,20241114,1
24001ILA_0101,20241115,1
24001ILA_0102,20241115,1
24001ILA_0103,20241115,1
24001ILA_0104,20241115,1
24001ILA_0105,20241115,1
24001ILA_0106,20241115,1
24001ILA_0111,20241115,1
24001ILA_0116,20241115,1
24001ILA_0117,20241115,1
24001ILA_0101,20241118,1
24001ILA_0102,20241118,1
24001ILA_0103,20241118,1
24001ILA_0104,20241118,1
24001ILA_0105,20241118,1
24001ILA_0106,20241118,1
24001ILA_0111,20241118,1
24001ILA_0116,20241118,1
24001ILA_0117,20241118,1
24001ILA_0101,20241119,1
24001ILA_0102,20241119,1
24001ILA_0103,20241119,1
24001ILA_0104,20241119,1
24001ILA_0105,20241119,1
24001ILA_0106,20241119,1
24001ILA_0111,20241119,1
24001ILA_0116,20241119,1
24001ILA_0117,20241119,1
24001ILA_0101,20241120,1
24001ILA_0102,20241120,1
24001ILA_0103,20241120,1
24001ILA_0104,20241120,1
24001ILA_0105,20241120,1
24001ILA_0106,20241120,1
24001ILA_0111,20241120,1
24001ILA_0116,20241120,1
24001ILA_0117,20241120,1
24001ILA_0101,20241121,1
24001ILA_0102,20241121,1
24001ILA_0103,20241121,1
24001ILA_0104,20241121,1
24001ILA_0105,20241121,1
24001ILA_0106,20241121,1
24001ILA_0111,20241121,1
24001ILA_0116,20241121,1
24001ILA_0117,20241121,1
24001ILA_0101,20241122,1
24001ILA_0102,20241122,1
24001ILA_0103,20241122,1
24001ILA_0104,20241122,1
24001ILA_0105,20241122,1
24001ILA_0106,20241122,1
24001ILA_0111,20241122,1
24001ILA_0116,20241122,1
24001ILA_0117,20241122,1
24001ILA_0101,20241125,1
24001ILA_0102,20241125,1
24001ILA_0103,20241125,1
24001ILA_0104,20241125,1
24001ILA_0105,20241125,1
24001ILA_0106,20241125,1
24001ILA_0111,20241125,1
24001ILA_0116,20241125,1
24001ILA_0117,20241125,1
24001ILA_0101,20241126,1
24001ILA_0102,20241126,1
24001ILA_0103,20241126,1
24001ILA_0104,20241126,1
24001ILA_0105,20241126,1
24001ILA_0106,20241126,1
24001ILA_0111,20241126,1
24001ILA_0116,20241126,1
24001ILA_0117,20241126,1
24001ILA_0101,20241127,1
24001ILA_0102,20241127,1
24001ILA_0103,20241127,1
24001ILA_0104,20241127,1
24001ILA_0105,20241127,1
24001ILA_0106,20241127,1
24001ILA_0111,20241127,1
24001ILA_0116,20241127,1
24001ILA_0117,20241127,1
24001ILA_0101,20241128,1
24001ILA_0102,20241128,1
24001ILA_0103,20241128,1
24001ILA_0104,20241128,1
24001ILA_0105,20241128,1
24001ILA_0106,20241128,1
24001ILA_0111,20241128,1
24001ILA_0116,20241128,1
24001ILA_0117,20241128,1
24001ILA_0101,20241129,1
24001ILA_0102,20241129,1
24001ILA_0103,20241129,1
24001ILA_0104,20241129,1
24001ILA_0105,20241129,1
24001ILA_0106,20241129,1
24001ILA_0111,20241129,1
24001ILA_0116,20241129,1
24001ILA_0117,20241129,1
24001ILA_0101,20241202,1
24001ILA_0102,20241202,1
24001ILA_0103,20241202,1
24001ILA_0104,20241202,1
24001ILA_0105,20241202,1
24001ILA_0106,20241202,1
24001ILA_0111,20241202,1
24001ILA_0116,20241202,1
24001ILA_0117,20241202,1
24001ILA_0101,20241203,1
24001ILA_0102,20241203,1
24001ILA_0103,20241203,1
24001ILA_0104,20241203,1
24001ILA_0105,20241203,1
24001ILA_0106,20241203,1
24001ILA_0111,20241203,1
24001ILA_0116,20241203,1
24001ILA_0117,20241203,1
24001ILA_0101,20241204,1
24001ILA_0102,20241204,1
24001ILA_0103,20241204,1
24001ILA_0104,20241204,1
24001ILA_0105,20241204,1
24001ILA_0106,20241204,1
24001ILA_0111,20241204,1
24001ILA_0116,20241204,1
24001ILA_0117,20241204,1
24001ILA_0101,20241205,1
24001ILA_0102,20241205,1
24001ILA_0103,20241205,1
24001ILA_0104,20241205,1
24001ILA_0105,20241205,1
24001ILA_0106,20241205,1
24001ILA_0111,20241205,1
24001ILA_0116,20241205,1
24001ILA_0117,20241205,1
24001ILA_0101,20241209,1
24001ILA_0102,20241209,1
24001ILA_0103,20241209,1
24001ILA_0104,20241209,1
24001ILA_0105,20241209,1
24001ILA_0106,20241209,1
24001ILA_0111,20241209,1
24001ILA_0116,20241209,1
24001ILA_0117,20241209,1
24001ILA_0101,20241210,1
24001ILA_0102,20241210,1
24001ILA_0103,20241210,1
24001ILA_0104,20241210,1
24001ILA_0105,20241210,1
24001ILA_0106,20241210,1
24001ILA_0111,20241210,1
24001ILA_0116,20241210,1
24001ILA_0117,20241210,1
24001ILA_0101,20241211,1
24001ILA_0102,20241211,1
24001ILA_0103,20241211,1
24001ILA_0104,20241211,1
24001ILA_0105,20241211,1
24001ILA_0106,20241211,1
24001ILA_0111,20241211,1
24001ILA_0116,20241211,1
24001ILA_0117,20241211,1
24001ILA_0101,20241212,1
24001ILA_0102,20241212,1
24001ILA_0103,20241212,1
24001ILA_0104,20241212,1
24001ILA_0105,20241212,1
24001ILA_0106,20241212,1
24001ILA_0111,20241212,1
24001ILA_0116,20241212,1
24001ILA_0117,20241212,1
24001ILA_0101,20241213,1
24001ILA_0102,20241213,1
24001ILA_0103,20241213,1
24001ILA_0104,20241213,1
24001ILA_0105,20241213,1
24001ILA_0106,20241213,1
24001ILA_0111,20241213,1
24001ILA_0116,20241213,1
24001ILA_0117,20241213,1
24001ILA_0101,20241216,1
24001ILA_0102,20241216,1
24001ILA_0103,20241216,1
24001ILA_0104,20241216,1
24001ILA_0105,20241216,1
24001ILA_0106,20241216,1
24001ILA_0111,20241216,1
24001ILA_0116,20241216,1
24001ILA_0117,20241216,1
24001ILA_0101,20241217,1
24001ILA_0102,20241217,1
24001ILA_0103,20241217,1
24001ILA_0104,20241217,1
24001ILA_0105,20241217,1
24001ILA_0106,20241217,1
24001ILA_0111,20241217,1
24001ILA_0116,20241217,1
24001ILA_0117,20241217,1
24001ILA_0101,20241218,1
24001ILA_0102,20241218,1
24001ILA_0103,20241218,1
24001ILA_0104,20241218,1
24001ILA_0105,20241218,1
24001ILA_0106,20241218,1
24001ILA_0111,20241218,1
24001ILA_0116,20241218,1
24001ILA_0117,20241218,1
24001ILA_0101,20241219,1
24001ILA_0102,20241219,1
24001ILA_0103,20241219,1
24001ILA_0104,20241219,1
24001ILA_0105,20241219,1
24001ILA_0106,20241219,1
24001ILA_0111,20241219,1
24001ILA_0116,20241219,1
24001ILA_0117,20241219,1
24001ILA_0101,20241220,1
24001ILA_0102,20241220,1
24001ILA_0103,20241220,1
24001ILA_0104,20241220,1
24001ILA_0105,20241220,1
24001ILA_0106,20241220,1
24001ILA_0111,20241220,1
24001ILA_0116,20241220,1
24001ILA_0117,20241220,1
24001ILA_0101,20241223,1
24001ILA_0102,20241223,1
24001ILA_0103,20241223,1
24001ILA_0104,20241223,1
24001ILA_0105,20241223,1
24001ILA_0106,20241223,1
24001ILA_0111,20241223,1
24001ILA_0116,20241223,1
24001ILA_0117,20241223,1
24001ILA_0101,20241224,1
24001ILA_0102,20241224,1
24001ILA_0103,20241224,1
24001ILA_0104,20241224,1
24001ILA_0105,20241224,1
24001ILA_0106,20241224,1
24001ILA_0111,20241224,1
24001ILA_0116,20241224,1
24001ILA_0117,20241224,1
24001ILA_0101,20241226,1
24001ILA_0102,20241226,1
24001ILA_0103,20241226,1
24001ILA_0104,20241226,1
24001ILA_0105,20241226,1
24001ILA_0106,20241226,1
24001ILA_0111,20241226,1
24001ILA_0116,20241226,1
24001ILA_0117,20241226,1
24001ILA_0101,20241227,1
24001ILA_0102,20241227,1
24001ILA_0103,20241227,1
24001ILA_0104,20241227,1
24001ILA_0105,20241227,1
24001ILA_0106,20241227,1
24001ILA_0111,20241227,1
24001ILA_0116,20241227,1
24001ILA_0117,20241227,1
24001ILA_0101,20241230,1
24001ILA_0102,20241230,1
24001ILA_0103,20241230,1
24001ILA_0104,20241230,1
24001ILA_0105,20241230,1
24001ILA_0106,20241230,1
24001ILA_0111,20241230,1
24001ILA_0116,20241230,1
24001ILA_0117,20241230,1
24001ILA_0101,20241231,1
24001ILA_0102,20241231,1
24001ILA_0103,20241231,1
24001ILA_0104,20241231,1
24001ILA_0105,20241231,1
24001ILA_0106,20241231,1
24001ILA_0111,20241231,1
24001ILA_0116,20241231,1
24001ILA_0117,20241231,1
24001ILA_0101,20250102,1
24001ILA_0102,20250102,1
24001ILA_0103,20250102,1
24001ILA_0104,20250102,1
24001ILA_0105,20250102,1
24001ILA_0106,20250102,1
24001ILA_0111,20250102,1
24001ILA_0116,20250102,1
24001ILA_0117,20250102,1
24001ILA_0101,20250103,1
24001ILA_0102,20250103,1
24001ILA_0103,20250103,1
24001ILA_0104,20250103,1
24001ILA_0105,20250103,1
24001ILA_0106,20250103,1
24001ILA_0111,20250103,1
24001ILA_0116,20250103,1
24001ILA_0117,20250103,1
24001ILA_0101,20250107,1
24001ILA_0102,20250107,1
24001ILA_0103,20250107,1
24001ILA_0104,20250107,1
24001ILA_0105,20250107,1
24001ILA_0106,20250107,1
24001ILA_0111,20250107,1
24001ILA_0116,20250107,1
24001ILA_0117,20250107,1
24001ILA_0101,20250108,1
24001ILA_0102,20250108,1
24001ILA_0103,20250108,1
24001ILA_0104,20250108,1
24001ILA_0105,20250108,1
24001ILA_0106,20250108,1
24001ILA_0111,20250108,1
24001ILA_0116,20250108,1
24001ILA_0117,20250108,1
24001ILA_0101,20250109,1
24001ILA_0102,20250109,1
24001ILA_0103,20250109,1
24001ILA_0104,20250109,1
24001ILA_0105,20250109,1
24001ILA_0106,20250109,1
24001ILA_0111,20250109,1
24001ILA_0116,20250109,1
24001ILA_0117,20250109,1
24001ILA_0101,20250110,1
24001ILA_0102,20250110,1
24001ILA_0103,20250110,1
24001ILA_0104,20250110,1
24001ILA_0105,20250110,1
24001ILA_0106,20250110,1
24001ILA_0111,20250110,1
24001ILA_0116,20250110,1
24001ILA_0117,20250110,1
24001ILA_0101,20250113,1
24001ILA_0102,20250113,1
24001ILA_0103,20250113,1
24001ILA_0104,20250113,1
24001ILA_0105,20250113,1
24001ILA_0106,20250113,1
24001ILA_0111,20250113,1
24001ILA_0116,20250113,1
24001ILA_0117,20250113,1
24001ILA_0101,20250114,1
24001ILA_0102,20250114,1
24001ILA_0103,20250114,1
24001ILA_0104,20250114,1
24001ILA_0105,20250114,1
24001ILA_0106,20250114,1
24001ILA_0111,20250114,1
24001ILA_0116,20250114,1
24001ILA_0117,20250114,1
24001ILA_0101,20250115,1
24001ILA_0102,20250115,1
24001ILA_0103,20250115,1
24001ILA_0104,20250115,1
24001ILA_0105,20250115,1
24001ILA_0106,20250115,1
24001ILA_0111,20250115,1
24001ILA_0116,20250115,1
24001ILA_0117,20250115,1
24001ILA_0101,20250116,1
24001ILA_0102,20250116,1
24001ILA_0103,20250116,1
24001ILA_0104,20250116,1
24001ILA_0105,20250116,1
24001ILA_0106,20250116,1
24001ILA_0111,20250116,1
24001ILA_0116,20250116,1
24001ILA_0117,20250116,1
24001ILA_0101,20250117,1
24001ILA_0102,20250117,1
24001ILA_0103,20250117,1
24001ILA_0104,20250117,1
24001ILA_0105,20250117,1
24001ILA_0106,20250117,1
24001ILA_0111,20250117,1
24001ILA_0116,20250117,1
24001ILA_0117,20250117,1
24001ILA_0101,20250120,1
24001ILA_0102,20250120,1
24001ILA_0103,20250120,1
24001ILA_0104,20250120,1
24001ILA_0105,20250120,1
24001ILA_0106,20250120,1
24001ILA_0111,20250120,1
24001ILA_0116,20250120,1
24001ILA_0117,20250120,1
24001ILA_0101,20250121,1
24001ILA_0102,20250121,1
24001ILA_0103,20250121,1
24001ILA_0104,20250121,1
24001ILA_0105,20250121,1
24001ILA_0106,20250121,1
24001ILA_0111,20250121,1
24001ILA_0116,20250121,1
24001ILA_0117,20250121,1
24001ILA_0101,20250122,1
24001ILA_0102,20250122,1
24001ILA_0103,20250122,1
24001ILA_0104,20250122,1
24001ILA_0105,20250122,1
24001ILA_0106,20250122,1
24001ILA_0111,20250122,1
24001ILA_0116,20250122,1
24001ILA_0117,20250122,1
24001ILA_0101,20250123,1
24001ILA_0102,20250123,1
24001ILA_0103,20250123,1
24001ILA_0104,20250123,1
24001ILA_0105,20250123,1
24001ILA_0106,20250123,1
24001ILA_0111,20250123,1
24001ILA_0116,20250123,1
24001ILA_0117,20250123,1
24001ILA_0101,20250124,1
24001ILA_0102,20250124,1
24001ILA_0103,20250124,1
24001ILA_0104,20250124,1
24001ILA_0105,20250124,1
24001ILA_0106,20250124,1
24001ILA_0111,20250124,1
24001ILA_0116,20250124,1
24001ILA_0117,20250124,1
24001ILA_0101,20250127,1
24001ILA_0102,20250127,1
24001ILA_0103,20250127,1
24001ILA_0104,20250127,1
24001ILA_0105,20250127,1
24001ILA_0106,20250127,1
24001ILA_0111,20250127,1
24001ILA_0116,20250127,1
24001ILA_0117,20250127,1
24001ILA_0101,20250128,1
24001ILA_0102,20250128,1
24001ILA_0103,20250128,1
24001ILA_0104,20250128,1
24001ILA_0105,20250128,1
24001ILA_0106,20250128,1
24001ILA_0111,20250128,1
24001ILA_0116,20250128,1
24001ILA_0117,20250128,1
24001ILA_0101,20250129,1
24001ILA_0102,20250129,1
24001ILA_0103,20250129,1
24001ILA_0104,20250129,1
24001ILA_0105,20250129,1
24001ILA_0106,20250129,1
24001ILA_0111,20250129,1
24001ILA_0116,20250129,1
24001ILA_0117,20250129,1
24001ILA_0101,20250130,1
24001ILA_0102,20250130,1
24001ILA_0103,20250130,1
24001ILA_0104,20250130,1
24001ILA_0105,20250130,1
24001ILA_0106,20250130,1
24001ILA_0111,20250130,1
24001ILA_0116,20250130,1
24001ILA_0117,20250130,1
24001ILA_0101,20250131,1
24001ILA_0102,20250131,1
24001ILA_0103,20250131,1
24001ILA_0104,20250131,1
24001ILA_0105,20250131,1
24001ILA_0106,20250131,1
24001ILA_0111,20250131,1
24001ILA_0116,20250131,1
24001ILA_0117,20250131,1
24001ILA_0101,20250203,1
24001ILA_0102,20250203,1
24001ILA_0103,20250203,1
24001ILA_0104,20250203,1
24001ILA_0105,20250203,1
24001ILA_0106,20250203,1
24001ILA_0111,20250203,1
24001ILA_0116,20250203,1
24001ILA_0117,20250203,1
24001ILA_0101,20250204,1
24001ILA_0102,20250204,1
24001ILA_0103,20250204,1
24001ILA_0104,20250204,1
24001ILA_0105,20250204,1
24001ILA_0106,20250204,1
24001ILA_0111,20250204,1
24001ILA_0116,20250204,1
24001ILA_0117,20250204,1
24001ILA_0101,20250205,1
24001ILA_0102,20250205,1
24001ILA_0103,20250205,1
24001ILA_0104,20250205,1
24001ILA_0105,20250205,1
24001ILA_0106,20250205,1
24001ILA_0111,20250205,1
24001ILA_0116,20250205,1
24001ILA_0117,20250205,1
24001ILA_0101,20250206,1
24001ILA_0102,20250206,1
24001ILA_0103,20250206,1
24001ILA_0104,20250206,1
24001ILA_0105,20250206,1
24001ILA_0106,20250206,1
24001ILA_0111,20250206,1
24001ILA_0116,20250206,1
24001ILA_0117,20250206,1
24001ILA_0101,20250207,1
24001ILA_0102,20250207,1
24001ILA_0103,20250207,1
24001ILA_0104,20250207,1
24001ILA_0105,20250207,1
24001ILA_0106,20250207,1
24001ILA_0111,20250207,1
24001ILA_0116,20250207,1
24001ILA_0117,20250207,1
24001ILA_0101,20250210,1
24001ILA_0102,20250210,1
24001ILA_0103,20250210,1
24001ILA_0104,20250210,1
24001ILA_0105,20250210,1
24001ILA_0106,20250210,1
24001ILA_0111,20250210,1
24001ILA_0116,20250210,1
24001ILA_0117,20250210,1
24001ILA_0101,20250211,1
24001ILA_0102,20250211,1
24001ILA_0103,20250211,1
24001ILA_0104,20250211,1
24001ILA_0105,20250211,1
24001ILA_0106,20250211,1
24001ILA_0111,20250211,1
24001ILA_0116,20250211,1
24001ILA_0117,20250211,1
24001ILA_0101,20250212,1
24001ILA_0102,20250212,1
24001ILA_0103,20250212,1
24001ILA_0104,20250212,1
24001ILA_0105,20250212,1
24001ILA_0106,20250212,1
24001ILA_0111,20250212,1
24001ILA_0116,20250212,1
24001ILA_0117,20250212,1
24001ILA_0101,20250213,1
24001ILA_0102,20250213,1
24001ILA_0103,20250213,1
24001ILA_0104,20250213,1
24001ILA_0105,20250213,1
24001ILA_0106,20250213,1
24001ILA_0111,20250213,1
24001ILA_0116,20250213,1
24001ILA_0117,20250213,1
24001ILA_0101,20250214,1
24001ILA_0102,20250214,1
24001ILA_0103,20250214,1
24001ILA_0104,20250214,1
24001ILA_0105,20250214,1
24001ILA_0106,20250214,1
24001ILA_0111,20250214,1
24001ILA_0116,20250214,1
24001ILA_0117,20250214,1
24001ILA_0101,20250217,1
24001ILA_0102,20250217,1
24001ILA_0103,20250217,1
24001ILA_0104,20250217,1
24001ILA_0105,20250217,1
24001ILA_0106,20250217,1
24001ILA_0111,20250217,1
24001ILA_0116,20250217,1
24001ILA_0117,20250217,1
24001ILA_0101,20250218,1
24001ILA_0102,20250218,1
24001ILA_0103,20250218,1
24001ILA_0104,20250218,1
24001ILA_0105,20250218,1
24001ILA_0106,20250218,1
24001ILA_0111,20250218,1
24001ILA_0116,20250218,1
24001ILA_0117,20250218,1
24001ILA_0101,20250219,1
24001ILA_0102,20250219,1
24001ILA_0103,20250219,1
24001ILA_0104,20250219,1
24001ILA_0105,20250219,1
24001ILA_0106,20250219,1
24001ILA_0111,20250219,1
24001ILA_0116,20250219,1
24001ILA_0117,20250219,1
24001ILA_0101,20250220,1
24001ILA_0102,20250220,1
24001ILA_0103,20250220,1
24001ILA_0104,20250220,1
24001ILA_0105,20250220,1
24001ILA_0106,20250220,1
24001ILA_0111,20250220,1
24001ILA_0116,20250220,1
24001ILA_0117,20250220,1
24001ILA_0101,20250221,1
24001ILA_0102,20250221,1
24001ILA_0103,20250221,1
24001ILA_0104,20250221,1
24001ILA_0105,20250221,1
24001ILA_0106,20250221,1
24001ILA_0111,20250221,1
24001ILA_0116,20250221,1
24001ILA_0117,20250221,1
24001ILA_0101,20250224,1
24001ILA_0102,20250224,1
24001ILA_0103,20250224,1
24001ILA_0104,20250224,1
24001ILA_0105,20250224,1
24001ILA_0106,20250224,1
24001ILA_0111,20250224,1
24001ILA_0116,20250224,1
24001ILA_0117,20250224,1
24001ILA_0101,20250225,1
24001ILA_0102,20250225,1
24001ILA_0103,20250225,1
24001ILA_0104,20250225,1
24001ILA_0105,20250225,1
24001ILA_0106,20250225,1
24001ILA_0111,20250225,1
24001ILA_0116,20250225,1
24001ILA_0117,20250225,1
24001ILA_0101,20250226,1
24001ILA_0102,20250226,1
24001ILA_0103,20250226,1
24001ILA_0104,20250226,1
24001ILA_0105,20250226,1
24001ILA_0106,20250226,1
24001ILA_0111,20250226,1
24001ILA_0116,20250226,1
24001ILA_0117,20250226,1
24001ILA_0101,20250227,1
24001ILA_0102,20250227,1
24001ILA_0103,20250227,1
24001ILA_0104,20250227,1
24001ILA_0105,20250227,1
24001ILA_0106,20250227,1
24001ILA_0111,20250227,1
24001ILA_0116,20250227,1
24001ILA_0117,20250227,1
24001ILA_0101,20250228,1
24001ILA_0102,20250228,1
24001ILA_0103,20250228,1
24001ILA_0104,20250228,1
24001ILA_0105,20250228,1
24001ILA_0106,20250228,1
24001ILA_0111,20250228,1
24001ILA_0116,20250228,1
24001ILA_0117,20250228,1
24001ILA_0101,20250303,1
24001ILA_0102,20250303,1
24001ILA_0103,20250303,1
24001ILA_0104,20250303,1
24001ILA_0105,20250303,1
24001ILA_0106,20250303,1
24001ILA_0111,20250303,1
24001ILA_0116,20250303,1
24001ILA_0117,20250303,1
24001ILA_0101,20250304,1
24001ILA_0102,20250304,1
24001ILA_0103,20250304,1
24001ILA_0104,20250304,1
24001ILA_0105,20250304,1
24001ILA_0106,20250304,1
24001ILA_0111,20250304,1
24001ILA_0116,20250304,1
24001ILA_0117,20250304,1
24001ILA_0101,20250305,1
24001ILA_0102,20250305,1
24001ILA_0103,20250305,1
24001ILA_0104,20250305,1
24001ILA_0105,20250305,1
24001ILA_0106,20250305,1
24001ILA_0111,20250305,1
24001ILA_0116,20250305,1
24001ILA_0117,20250305,1
24001ILA_0101,20250306,1
24001ILA_0102,20250306,1
24001ILA_0103,20250306,1
24001ILA_0104,20250306,1
24001ILA_0105,20250306,1
24001ILA_0106,20250306,1
24001ILA_0111,20250306,1
24001ILA_0116,20250306,1
24001ILA_0117,20250306,1
24001ILA_0101,20250307,1
24001ILA_0102,20250307,1
24001ILA_0103,20250307,1
24001ILA_0104,20250307,1
24001ILA_0105,20250307,1
24001ILA_0106,20250307,1
24001ILA_0111,20250307,1
24001ILA_0116,20250307,1
24001ILA_0117,20250307,1
24001ILA_0101,20250310,1
24001ILA_0102,20250310,1
24001ILA_0103,20250310,1
24001ILA_0104,20250310,1
24001ILA_0105,20250310,1
24001ILA_0106,20250310,1
24001ILA_0111,20250310,1
24001ILA_0116,20250310,1
24001ILA_0117,20250310,1
24001ILA_0101,20250311,1
24001ILA_0102,20250311,1
24001ILA_0103,20250311,1
24001ILA_0104,20250311,1
24001ILA_0105,20250311,1
24001ILA_0106,20250311,1
24001ILA_0111,20250311,1
24001ILA_0116,20250311,1
24001ILA_0117,20250311,1
24001ILA_0101,20250312,1
24001ILA_0102,20250312,1
24001ILA_0103,20250312,1
24001ILA_0104,20250312,1
24001ILA_0105,20250312,1
24001ILA_0106,20250312,1
24001ILA_0111,20250312,1
24001ILA_0116,20250312,1
24001ILA_0117,20250312,1
24001ILA_0101,20250313,1
24001ILA_0102,20250313,1
24001ILA_0103,20250313,1
24001ILA_0104,20250313,1
24001ILA_0105,20250313,1
24001ILA_0106,20250313,1
24001ILA_0111,20250313,1
24001ILA_0116,20250313,1
24001ILA_0117,20250313,1
24001ILA_0101,20250314,1
24001ILA_0102,20250314,1
24001ILA_0103,20250314,1
24001ILA_0104,20250314,1
24001ILA_0105,20250314,1
24001ILA_0106,20250314,1
24001ILA_0111,20250314,1
24001ILA_0116,20250314,1
24001ILA_0117,20250314,1
24001ILA_0101,20250317,1
24001ILA_0102,20250317,1
24001ILA_0103,20250317,1
24001ILA_0104,20250317,1
24001ILA_0105,20250317,1
24001ILA_0106,20250317,1
24001ILA_0111,20250317,1
24001ILA_0116,20250317,1
24001ILA_0117,20250317,1
24001ILA_0101,20250318,1
24001ILA_0102,20250318,1
24001ILA_0103,20250318,1
24001ILA_0104,20250318,1
24001ILA_0105,20250318,1
24001ILA_0106,20250318,1
24001ILA_0111,20250318,1
24001ILA_0116,20250318,1
24001ILA_0117,20250318,1
24001ILA_0101,20250319,1
24001ILA_0102,20250319,1
24001ILA_0103,20250319,1
24001ILA_0104,20250319,1
24001ILA_0105,20250319,1
24001ILA_0106,20250319,1
24001ILA_0111,20250319,1
24001ILA_0116,20250319,1
24001ILA_0117,20250319,1
24001ILA_0101,20250320,1
24001ILA_0102,20250320,1
24001ILA_0103,20250320,1
24001ILA_0104,20250320,1
24001ILA_0105,20250320,1
24001ILA_0106,20250320,1
24001ILA_0111,20250320,1
24001ILA_0116,20250320,1
24001ILA_0117,20250320,1
24001ILA_0101,20250321,1
24001ILA_0102,20250321,1
24001ILA_0103,20250321,1
24001ILA_0104,20250321,1
24001ILA_0105,20250321,1
24001ILA_0106,20250321,1
24001ILA_0111,20250321,1
24001ILA_0116,20250321,1
24001ILA_0117,20250321,1
24001ILA_0101,20250324,1
24001ILA_0102,20250324,1
24001ILA_0103,20250324,1
24001ILA_0104,20250324,1
24001ILA_0105,20250324,1
24001ILA_0106,20250324,1
24001ILA_0111,20250324,1
24001ILA_0116,20250324,1
24001ILA_0117,20250324,1
24001ILA_0101,20250325,1
24001ILA_0102,20250325,1
24001ILA_0103,20250325,1
24001ILA_0104,20250325,1
24001ILA_0105,20250325,1
24001ILA_0106,20250325,1
24001ILA_0111,20250325,1
24001ILA_0116,20250325,1
24001ILA_0117,20250325,1
24001ILA_0101,20250326,1
24001ILA_0102,20250326,1
24001ILA_0103,20250326,1
24001ILA_0104,20250326,1
24001ILA_0105,20250326,1
24001ILA_0106,20250326,1
24001ILA_0111,20250326,1
24001ILA_0116,20250326,1
24001ILA_0117,20250326,1
24001ILA_0101,20250327,1
24001ILA_0102,20250327,1
24001ILA_0103,20250327,1
24001ILA_0104,20250327,1
24001ILA_0105,20250327,1
24001ILA_0106,20250327,1
24001ILA_0111,20250327,1
24001ILA_0116,20250327,1
24001ILA_0117,20250327,1
24001ILA_0101,20250328,1
24001ILA_0102,20250328,1
24001ILA_0103,20250328,1
24001ILA_0104,20250328,1
24001ILA_0105,20250328,1
24001ILA_0106,20250328,1
24001ILA_0111,20250328,1
24001ILA_0116,20250328,1
24001ILA_0117,20250328,1
24001ILA_0101,20250331,1
24001ILA_0102,20250331,1
24001ILA_0103,20250331,1
24001ILA_0104,20250331,1
24001ILA_0105,20250331,1
24001ILA_0106,20250331,1
24001ILA_0111,20250331,1
24001ILA_0116,20250331,1
24001ILA_0117,20250331,1
24001ILA_0101,20250401,1
24001ILA_0102,20250401,1
24001ILA_0103,20250401,1
24001ILA_0104,20250401,1
24001ILA_0105,20250401,1
24001ILA_0106,20250401,1
24001ILA_0111,20250401,1
24001ILA_0116,20250401,1
24001ILA_0117,20250401,1
24001ILA_0101,20250402,1
24001ILA_0102,20250402,1
24001ILA_0103,20250402,1
24001ILA_0104,20250402,1
24001ILA_0105,20250402,1
24001ILA_0106,20250402,1
24001ILA_0111,20250402,1
24001ILA_0116,20250402,1
24001ILA_0117,20250402,1
24001ILA_0101,20250403,1
24001ILA_0102,20250403,1
24001ILA_0103,20250403,1
24001ILA_0104,20250403,1
24001ILA_0105,20250403,1
24001ILA_0106,20250403,1
24001ILA_0111,20250403,1
24001ILA_0116,20250403,1
24001ILA_0117,20250403,1
24001ILA_0101,20250404,1
24001ILA_0102,20250404,1
24001ILA_0103,20250404,1
24001ILA_0104,20250404,1
24001ILA_0105,20250404,1
24001ILA_0106,20250404,1
24001ILA_0111,20250404,1
24001ILA_0116,20250404,1
24001ILA_0117,20250404,1
24001ILA_0101,20250407,1
24001ILA_0102,20250407,1
24001ILA_0103,20250407,1
24001ILA_0104,20250407,1
24001ILA_0105,20250407,1
24001ILA_0106,20250407,1
24001ILA_0111,20250407,1
24001ILA_0116,20250407,1
24001ILA_0117,20250407,1
24001ILA_0101,20250408,1
24001ILA_0102,20250408,1
24001ILA_0103,20250408,1
24001ILA_0104,20250408,1
24001ILA_0105,20250408,1
24001ILA_0106,20250408,1
24001ILA_0111,20250408,1
24001ILA_0116,20250408,1
24001ILA_0117,20250408,1
24001ILA_0101,20250409,1
24001ILA_0102,20250409,1
24001ILA_0103,20250409,1
24001ILA_0104,20250409,1
24001ILA_0105,20250409,1
24001ILA_0106,20250409,1
24001ILA_0111,20250409,1
24001ILA_0116,20250409,1
24001ILA_0117,20250409,1
24001ILA_0101,20250410,1
24001ILA_0102,20250410,1
24001ILA_0103,20250410,1
24001ILA_0104,20250410,1
24001ILA_0105,20250410,1
24001ILA_0106,20250410,1
24001ILA_0111,20250410,1
24001ILA_0116,20250410,1
24001ILA_0117,20250410,1
24001ILA_0101,20250411,1
24001ILA_0102,20250411,1
24001ILA_0103,20250411,1
24001ILA_0104,20250411,1
24001ILA_0105,20250411,1
24001ILA_0106,20250411,1
24001ILA_0111,20250411,1
24001ILA_0116,20250411,1
24001ILA_0117,20250411,1
24001ILA_0101,20250414,1
24001ILA_0102,20250414,1
24001ILA_0103,20250414,1
24001ILA_0104,20250414,1
24001ILA_0105,20250414,1
24001ILA_0106,20250414,1
24001ILA_0111,20250414,1
24001ILA_0116,20250414,1
24001ILA_0117,20250414,1
24001ILA_0101,20250415,1
24001ILA_0102,20250415,1
24001ILA_0103,20250415,1
24001ILA_0104,20250415,1
24001ILA_0105,20250415,1
24001ILA_0106,20250415,1
24001ILA_0111,20250415,1
24001ILA_0116,20250415,1
24001ILA_0117,20250415,1
24001ILA_0101,20250416,1
24001ILA_0102,20250416,1
24001ILA_0103,20250416,1
24001ILA_0104,20250416,1
24001ILA_0105,20250416,1
24001ILA_0106,20250416,1
24001ILA_0111,20250416,1
24001ILA_0116,20250416,1
24001ILA_0117,20250416,1
24001ILA_0101,20250421,1
24001ILA_0102,20250421,1
24001ILA_0103,20250421,1
24001ILA_0104,20250421,1
24001ILA_0105,20250421,1
24001ILA_0106,20250421,1
24001ILA_0111,20250421,1
24001ILA_0116,20250421,1
24001ILA_0117,20250421,1
24001ILA_0101,20250422,1
24001ILA_0102,20250422,1
24001ILA_0103,20250422,1
24001ILA_0104,20250422,1
24001ILA_0105,20250422,1
24001ILA_0106,20250422,1
24001ILA_0111,20250422,1
24001ILA_0116,20250422,1
24001ILA_0117,20250422,1
24001ILA_0101,20250423,1
24001ILA_0102,20250423,1
24001ILA_0103,20250423,1
24001ILA_0104,20250423,1
24001ILA_0105,20250423,1
24001ILA_0106,20250423,1
24001ILA_0111,20250423,1
24001ILA_0116,20250423,1
24001ILA_0117,20250423,1
24001ILA_0101,20250424,1
24001ILA_0102,20250424,1
24001ILA_0103,20250424,1
24001ILA_0104,20250424,1
24001ILA_0105,20250424,1
24001ILA_0106,20250424,1
24001ILA_0111,20250424,1
24001ILA_0116,20250424,1
24001ILA_0117,20250424,1
24001ILA_0101,20250425,1
24001ILA_0102,20250425,1
24001ILA_0103,20250425,1
24001ILA_0104,20250425,1
24001ILA_0105,20250425,1
24001ILA_0106,20250425,1
24001ILA_0111,20250425,1
24001ILA_0116,20250425,1
24001ILA_0117,20250425,1
24001ILA_0101,20250428,1
24001ILA_0102,20250428,1
24001ILA_0103,20250428,1
24001ILA_0104,20250428,1
24001ILA_0105,20250428,1
24001ILA_0106,20250428,1
24001ILA_0111,20250428,1
24001ILA_0116,20250428,1
24001ILA_0117,20250428,1
24001ILA_0101,20250429,1
24001ILA_0102,20250429,1
24001ILA_0103,20250429,1
24001ILA_0104,20250429,1
24001ILA_0105,20250429,1
24001ILA_0106,20250429,1
24001ILA_0111,20250429,1
24001ILA_0116,20250429,1
24001ILA_0117,20250429,1
24001ILA_0101,20250430,1
24001ILA_0102,20250430,1
24001ILA_0103,20250430,1
24001ILA_0104,20250430,1
24001ILA_0105,20250430,1
24001ILA_0106,20250430,1
24001ILA_0111,20250430,1
24001ILA_0116,20250430,1
24001ILA_0117,20250430,1
24001ILA_0101,20250502,1
24001ILA_0102,20250502,1
24001ILA_0103,20250502,1
24001ILA_0104,20250502,1
24001ILA_0105,20250502,1
24001ILA_0106,20250502,1
24001ILA_0111,20250502,1
24001ILA_0116,20250502,1
24001ILA_0117,20250502,1
24001ILA_0101,20250505,1
24001ILA_0102,20250505,1
24001ILA_0103,20250505,1
24001ILA_0104,20250505,1
24001ILA_0105,20250505,1
24001ILA_0106,20250505,1
24001ILA_0111,20250505,1
24001ILA_0116,20250505,1
24001ILA_0117,20250505,1
24001ILA_0101,20250506,1
24001ILA_0102,20250506,1
24001ILA_0103,20250506,1
24001ILA_0104,20250506,1
24001ILA_0105,20250506,1
24001ILA_0106,20250506,1
24001ILA_0111,20250506,1
24001ILA_0116,20250506,1
24001ILA_0117,20250506,1
24001ILA_0101,20250507,1
24001ILA_0102,20250507,1
24001ILA_0103,20250507,1
24001ILA_0104,20250507,1
24001ILA_0105,20250507,1
24001ILA_0106,20250507,1
24001ILA_0111,20250507,1
24001ILA_0116,20250507,1
24001ILA_0117,20250507,1
24001ILA_0101,20250508,1
24001ILA_0102,20250508,1
24001ILA_0103,20250508,1
24001ILA_0104,20250508,1
24001ILA_0105,20250508,1
24001ILA_0106,20250508,1
24001ILA_0111,20250508,1
24001ILA_0116,20250508,1
24001ILA_0117,20250508,1
24001ILA_0101,20250509,1
24001ILA_0102,20250509,1
24001ILA_0103,20250509,1
24001ILA_0104,20250509,1
24001ILA_0105,20250509,1
24001ILA_0106,20250509,1
24001ILA_0111,20250509,1
24001ILA_0116,20250509,1
24001ILA_0117,20250509,1
24001ILA_0101,20250512,1
24001ILA_0102,20250512,1
24001ILA_0103,20250512,1
24001ILA_0104,20250512,1
24001ILA_0105,20250512,1
24001ILA_0106,20250512,1
24001ILA_0111,20250512,1
24001ILA_0116,20250512,1
24001ILA_0117,20250512,1
24001ILA_0101,20250513,1
24001ILA_0102,20250513,1
24001ILA_0103,20250513,1
24001ILA_0104,20250513,1
24001ILA_0105,20250513,1
24001ILA_0106,20250513,1
24001ILA_0111,20250513,1
24001ILA_0116,20250513,1
24001ILA_0117,20250513,1
24001ILA_0101,20250514,1
24001ILA_0102,20250514,1
24001ILA_0103,20250514,1
24001ILA_0104,20250514,1
24001ILA_0105,20250514,1
24001ILA_0106,20250514,1
24001ILA_0111,20250514,1
24001ILA_0116,20250514,1
24001ILA_0117,20250514,1
24001ILA_0101,20250515,1
24001ILA_0102,20250515,1
24001ILA_0103,20250515,1
24001ILA_0104,20250515,1
24001ILA_0105,20250515,1
24001ILA_0106,20250515,1
24001ILA_0111,20250515,1
24001ILA_0116,20250515,1
24001ILA_0117,20250515,1
24001ILA_0101,20250516,1
24001ILA_0102,20250516,1
24001ILA_0103,20250516,1
24001ILA_0104,20250516,1
24001ILA_0105,20250516,1
24001ILA_0106,20250516,1
24001ILA_0111,20250516,1
24001ILA_0116,20250516,1
24001ILA_0117,20250516,1
24001ILA_0101,20250519,1
24001ILA_0102,20250519,1
24001ILA_0103,20250519,1
24001ILA_0104,20250519,1
24001ILA_0105,20250519,1
24001ILA_0106,20250519,1
24001ILA_0111,20250519,1
24001ILA_0116,20250519,1
24001ILA_0117,20250519,1
24001ILA_0101,20250520,1
24001ILA_0102,20250520,1
24001ILA_0103,20250520,1
24001ILA_0104,20250520,1
24001ILA_0105,20250520,1
24001ILA_0106,20250520,1
24001ILA_0111,20250520,1
24001ILA_0116,20250520,1
24001ILA_0117,20250520,1
24001ILA_0101,20250521,1
24001ILA_0102,20250521,1
24001ILA_0103,20250521,1
24001ILA_0104,20250521,1
24001ILA_0105,20250521,1
24001ILA_0106,20250521,1
24001ILA_0111,20250521,1
24001ILA_0116,20250521,1
24001ILA_0117,20250521,1
24001ILA_0101,20250522,1
24001ILA_0102,20250522,1
24001ILA_0103,20250522,1
24001ILA_0104,20250522,1
24001ILA_0105,20250522,1
24001ILA_0106,20250522,1
24001ILA_0111,20250522,1
24001ILA_0116,20250522,1
24001ILA_0117,20250522,1
24001ILA_0101,20250523,1
24001ILA_0102,20250523,1
24001ILA_0103,20250523,1
24001ILA_0104,20250523,1
24001ILA_0105,20250523,1
24001ILA_0106,20250523,1
24001ILA_0111,20250523,1
24001ILA_0116,20250523,1
24001ILA_0117,20250523,1
24001ILA_0101,20250526,1
24001ILA_0102,20250526,1
24001ILA_0103,20250526,1
24001ILA_0104,20250526,1
24001ILA_0105,20250526,1
24001ILA_0106,20250526,1
24001ILA_0111,20250526,1
24001ILA_0116,20250526,1
24001ILA_0117,20250526,1
24001ILA_0101,20250527,1
24001ILA_0102,20250527,1
24001ILA_0103,20250527,1
24001ILA_0104,20250527,1
24001ILA_0105,20250527,1
24001ILA_0106,20250527,1
24001ILA_0111,20250527,1
24001ILA_0116,20250527,1
24001ILA_0117,20250527,1
24001ILA_0101,20250528,1
24001ILA_0102,20250528,1
24001ILA_0103,20250528,1
24001ILA_0104,20250528,1
24001ILA_0105,20250528,1
24001ILA_0106,20250528,1
24001ILA_0111,20250528,1
24001ILA_0116,20250528,1
24001ILA_0117,20250528,1
24001ILA_0101,20250529,1
24001ILA_0102,20250529,1
24001ILA_0103,20250529,1
24001ILA_0104,20250529,1
24001ILA_0105,20250529,1
24001ILA_0106,20250529,1
24001ILA_0111,20250529,1
24001ILA_0116,20250529,1
24001ILA_0117,20250529,1
24001ILA_0101,20250530,1
24001ILA_0102,20250530,1
24001ILA_0103,20250530,1
24001ILA_0104,20250530,1
24001ILA_0105,20250530,1
24001ILA_0106,20250530,1
24001ILA_0111,20250530,1
24001ILA_0116,20250530,1
24001ILA_0117,20250530,1
24001ILA_0101,20250602,1
24001ILA_0102,20250602,1
24001ILA_0103,20250602,1
24001ILA_0104,20250602,1
24001ILA_0105,20250602,1
24001ILA_0106,20250602,1
24001ILA_0111,20250602,1
24001ILA_0116,20250602,1
24001ILA_0117,20250602,1
24001ILA_0101,20250603,1
24001ILA_0102,20250603,1
24001ILA_0103,20250603,1
24001ILA_0104,20250603,1
24001ILA_0105,20250603,1
24001ILA_0106,20250603,1
24001ILA_0111,20250603,1
24001ILA_0116,20250603,1
24001ILA_0117,20250603,1
24001ILA_0101,20250604,1
24001ILA_0102,20250604,1
24001ILA_0103,20250604,1
24001ILA_0104,20250604,1
24001ILA_0105,20250604,1
24001ILA_0106,20250604,1
24001ILA_0111,20250604,1
24001ILA_0116,20250604,1
24001ILA_0117,20250604,1
24001ILA_0101,20250605,1
24001ILA_0102,20250605,1
24001ILA_0103,20250605,1
24001ILA_0104,20250605,1
24001ILA_0105,20250605,1
24001ILA_0106,20250605,1
24001ILA_0111,20250605,1
24001ILA_0116,20250605,1
24001ILA_0117,20250605,1
24001ILA_0101,20250606,1
24001ILA_0102,20250606,1
24001ILA_0103,20250606,1
24001ILA_0104,20250606,1
24001ILA_0105,20250606,1
24001ILA_0106,20250606,1
24001ILA_0111,20250606,1
24001ILA_0116,20250606,1
24001ILA_0117,20250606,1
24001ILA_0101,20250610,1
24001ILA_0102,20250610,1
24001ILA_0103,20250610,1
24001ILA_0104,20250610,1
24001ILA_0105,20250610,1
24001ILA_0106,20250610,1
24001ILA_0111,20250610,1
24001ILA_0116,20250610,1
24001ILA_0117,20250610,1
24001ILA_0101,20250611,1
24001ILA_0102,20250611,1
24001ILA_0103,20250611,1
24001ILA_0104,20250611,1
24001ILA_0105,20250611,1
24001ILA_0106,20250611,1
24001ILA_0111,20250611,1
24001ILA_0116,20250611,1
24001ILA_0117,20250611,1
24001ILA_0101,20250612,1
24001ILA_0102,20250612,1
24001ILA_0103,20250612,1
24001ILA_0104,20250612,1
24001ILA_0105,20250612,1
24001ILA_0106,20250612,1
24001ILA_0111,20250612,1
24001ILA_0116,20250612,1
24001ILA_0117,20250612,1
24001ILA_0101,20250613,1
24001ILA_0102,20250613,1
24001ILA_0103,20250613,1
24001ILA_0104,20250613,1
24001ILA_0105,20250613,1
24001ILA_0106,20250613,1
24001ILA_0111,20250613,1
24001ILA_0116,20250613,1
24001ILA_0117,20250613,1
24001ILA_0101,20250616,1
24001ILA_0102,20250616,1
24001ILA_0103,20250616,1
24001ILA_0104,20250616,1
24001ILA_0105,20250616,1
24001ILA_0106,20250616,1
24001ILA_0111,20250616,1
24001ILA_0116,20250616,1
24001ILA_0117,20250616,1
24001ILA_0101,20250617,1
24001ILA_0102,20250617,1
24001ILA_0103,20250617,1
24001ILA_0104,20250617,1
24001ILA_0105,20250617,1
24001ILA_0106,20250617,1
24001ILA_0111,20250617,1
24001ILA_0116,20250617,1
24001ILA_0117,20250617,1
24001ILA_0101,20250618,1
24001ILA_0102,20250618,1
24001ILA_0103,20250618,1
24001ILA_0104,20250618,1
24001ILA_0105,20250618,1
24001ILA_0106,20250618,1
24001ILA_0111,20250618,1
24001ILA_0116,20250618,1
24001ILA_0117,20250618,1
24001ILA_0101,20250619,1
24001ILA_0102,20250619,1
24001ILA_0103,20250619,1
24001ILA_0104,20250619,1
24001ILA_0105,20250619,1
24001ILA_0106,20250619,1
24001ILA_0111,20250619,1
24001ILA_0116,20250619,1
24001ILA_0117,20250619,1
24001ILA_0101,20250620,1
24001ILA_0102,20250620,1
24001ILA_0103,20250620,1
24001ILA_0104,20250620,1
24001ILA_0105,20250620,1
24001ILA_0106,20250620,1
24001ILA_0111,20250620,1
24001ILA_0116,20250620,1
24001ILA_0117,20250620,1
24001ILA_0101,20250623,1
24001ILA_0102,20250623,1
24001ILA_0103,20250623,1
24001ILA_0104,20250623,1
24001ILA_0105,20250623,1
24001ILA_0106,20250623,1
24001ILA_0111,20250623,1
24001ILA_0116,20250623,1
24001ILA_0117,20250623,1
24001ILA_0101,20250624,1
24001ILA_0102,20250624,1
24001ILA_0103,20250624,1
24001ILA_0104,20250624,1
24001ILA_0105,20250624,1
24001ILA_0106,20250624,1
24001ILA_0111,20250624,1
24001ILA_0116,20250624,1
24001ILA_0117,20250624,1
24001ILA_0101,20250625,1
24001ILA_0102,20250625,1
24001ILA_0103,20250625,1
24001ILA_0104,20250625,1
24001ILA_0105,20250625,1
24001ILA_0106,20250625,1
24001ILA_0111,20250625,1
24001ILA_0116,20250625,1
24001ILA_0117,20250625,1
24001ILA_0101,20250626,1
24001ILA_0102,20250626,1
24001ILA_0103,20250626,1
24001ILA_0104,20250626,1
24001ILA_0105,20250626,1
24001ILA_0106,20250626,1
24001ILA_0111,20250626,1
24001ILA_0116,20250626,1
24001ILA_0117,20250626,1
24001ILA_0101,20250627,1
24001ILA_0102,20250627,1
24001ILA_0103,20250627,1
24001ILA_0104,20250627,1
24001ILA_0105,20250627,1
24001ILA_0106,20250627,1
24001ILA_0111,20250627,1
24001ILA_0116,20250627,1
24001ILA_0117,20250627,1
24001ILA_0101,20250630,1
24001ILA_0102,20250630,1
24001ILA_0103,20250630,1
24001ILA_0104,20250630,1
24001ILA_0105,20250630,1
24001ILA_0106,20250630,1
24001ILA_0111,20250630,1
24001ILA_0116,20250630,1
24001ILA_0117,20250630,1
24001ISA_0101,20240907,1
24001ISA_0102,20240907,1
24001ISA_0103,20240907,1
24001ISA_0104,20240907,1
24001ISA_0114,20240907,1
24001ISA_0115,20240907,1
24001ISA_0101,20240914,1
24001ISA_0102,20240914,1
24001ISA_0103,20240914,1
24001ISA_0104,20240914,1
24001ISA_0114,20240914,1
24001ISA_0115,20240914,1
24001ISA_0101,20240921,1
24001ISA_0102,20240921,1
24001ISA_0103,20240921,1
24001ISA_0104,20240921,1
24001ISA_0114,20240921,1
24001ISA_0115,20240921,1
24001ISA_0101,20240928,1
24001ISA_0102,20240928,1
24001ISA_0103,20240928,1
24001ISA_0104,20240928,1
24001ISA_0114,20240928,1
24001ISA_0115,20240928,1
24001ISA_0101,20241005,1
24001ISA_0102,20241005,1
24001ISA_0103,20241005,1
24001ISA_0104,20241005,1
24001ISA_0114,20241005,1
24001ISA_0115,20241005,1
24001ISA_0101,20241019,1
24001ISA_0102,20241019,1
24001ISA_0103,20241019,1
24001ISA_0104,20241019,1
24001ISA_0114,20241019,1
24001ISA_0115,20241019,1
24001ISA_0101,20241026,1
24001ISA_0102,20241026,1
24001ISA_0103,20241026,1
24001ISA_0104,20241026,1
24001ISA_0114,20241026,1
24001ISA_0115,20241026,1
24001ISA_0101,20241102,1
24001ISA_0102,20241102,1
24001ISA_0103,20241102,1
24001ISA_0104,20241102,1
24001ISA_0114,20241102,1
24001ISA_0115,20241102,1
24001ISA_0101,20241109,1
24001ISA_0102,20241109,1
24001ISA_0103,20241109,1
24001ISA_0104,20241109,1
24001ISA_0114,20241109,1
24001ISA_0115,20241109,1
24001ISA_0101,20241116,1
24001ISA_0102,20241116,1
24001ISA_0103,20241116,1
24001ISA_0104,20241116,1
24001ISA_0114,20241116,1
24001ISA_0115,20241116,1
24001ISA_0101,20241123,1
24001ISA_0102,20241123,1
24001ISA_0103,20241123,1
24001ISA_0104,20241123,1
24001ISA_0114,20241123,1
24001ISA_0115,20241123,1
24001ISA_0101,20241130,1
24001ISA_0102,20241130,1
24001ISA_0103,20241130,1
24001ISA_0104,20241130,1
24001ISA_0114,20241130,1
24001ISA_0115,20241130,1
24001ISA_0101,20241207,1
24001ISA_0102,20241207,1
24001ISA_0103,20241207,1
24001ISA_0104,20241207,1
24001ISA_0114,20241207,1
24001ISA_0115,20241207,1
24001ISA_0101,20241214,1
24001ISA_0102,20241214,1
24001ISA_0103,20241214,1
24001ISA_0104,20241214,1
24001ISA_0114,20241214,1
24001ISA_0115,20241214,1
24001ISA_0101,20241221,1
24001ISA_0102,20241221,1
24001ISA_0103,20241221,1
24001ISA_0104,20241221,1
24001ISA_0114,20241221,1
24001ISA_0115,20241221,1
24001ISA_0101,20241228,1
24001ISA_0102,20241228,1
24001ISA_0103,20241228,1
24001ISA_0104,20241228,1
24001ISA_0114,20241228,1
24001ISA_0115,20241228,1
24001ISA_0101,20250104,1
24001ISA_0102,20250104,1
24001ISA_0103,20250104,1
24001ISA_0104,20250104,1
24001ISA_0114,20250104,1
24001ISA_0115,20250104,1
24001ISA_0101,20250111,1
24001ISA_0102,20250111,1
24001ISA_0103,20250111,1
24001ISA_0104,20250111,1
24001ISA_0114,20250111,1
24001ISA_0115,20250111,1
24001ISA_0101,20250118,1
24001ISA_0102,20250118,1
24001ISA_0103,20250118,1
24001ISA_0104,20250118,1
24001ISA_0114,20250118,1
24001ISA_0115,20250118,1
24001ISA_0101,20250125,1
24001ISA_0102,20250125,1
24001ISA_0103,20250125,1
24001ISA_0104,20250125,1
24001ISA_0114,20250125,1
24001ISA_0115,20250125,1
24001ISA_0101,20250201,1
24001ISA_0102,20250201,1
24001ISA_0103,20250201,1
24001ISA_0104,20250201,1
24001ISA_0114,20250201,1
24001ISA_0115,20250201,1
24001ISA_0101,20250208,1
24001ISA_0102,20250208,1
24001ISA_0103,20250208,1
24001ISA_0104,20250208,1
24001ISA_0114,20250208,1
24001ISA_0115,20250208,1
24001ISA_0101,20250215,1
24001ISA_0102,20250215,1
24001ISA_0103,20250215,1
24001ISA_0104,20250215,1
24001ISA_0114,20250215,1
24001ISA_0115,20250215,1
24001ISA_0101,20250222,1
24001ISA_0102,20250222,1
24001ISA_0103,20250222,1
24001ISA_0104,20250222,1
24001ISA_0114,20250222,1
24001ISA_0115,20250222,1
24001ISA_0101,20250301,1
24001ISA_0102,20250301,1
24001ISA_0103,20250301,1
24001ISA_0104,20250301,1
24001ISA_0114,20250301,1
24001ISA_0115,20250301,1
24001ISA_0101,20250308,1
24001ISA_0102,20250308,1
24001ISA_0103,20250308,1
24001ISA_0104,20250308,1
24001ISA_0114,20250308,1
24001ISA_0115,20250308,1
24001ISA_0101,20250315,1
24001ISA_0102,20250315,1
24001ISA_0103,20250315,1
24001ISA_0104,20250315,1
24001ISA_0114,20250315,1
24001ISA_0115,20250315,1
24001ISA_0101,20250322,1
24001ISA_0102,20250322,1
24001ISA_0103,20250322,1
24001ISA_0104,20250322,1
24001ISA_0114,20250322,1
24001ISA_0115,20250322,1
24001ISA_0101,20250329,1
24001ISA_0102,20250329,1
24001ISA_0103,20250329,1
24001ISA_0104,20250329,1
24001ISA_0114,20250329,1
24001ISA_0115,20250329,1
24001ISA_0101,20250405,1
24001ISA_0102,20250405,1
24001ISA_0103,20250405,1
24001ISA_0104,20250405,1
24001ISA_0114,20250405,1
24001ISA_0115,20250405,1
24001ISA_0101,20250412,1
24001ISA_0102,20250412,1
24001ISA_0103,20250412,1
24001ISA_0104,20250412,1
24001ISA_0114,20250412,1
24001ISA_0115,20250412,1
24001ISA_0101,20250419,1
24001ISA_0102,20250419,1
24001ISA_0103,20250419,1
24001ISA_0104,20250419,1
24001ISA_0114,20250419,1
24001ISA_0115,20250419,1
24001ISA_0101,20250426,1
24001ISA_0102,20250426,1
24001ISA_0103,20250426,1
24001ISA_0104,20250426,1
24001ISA_0114,20250426,1
24001ISA_0115,20250426,1
24001ISA_0101,20250503,1
24001ISA_0102,20250503,1
24001ISA_0103,20250503,1
24001ISA_0104,20250503,1
24001ISA_0114,20250503,1
24001ISA_0115,20250503,1
24001ISA_0101,20250510,1
24001ISA_0102,20250510,1
24001ISA_0103,20250510,1
24001ISA_0104,20250510,1
24001ISA_0114,20250510,1
24001ISA_0115,20250510,1
24001ISA_0101,20250517,1
24001ISA_0102,20250517,1
24001ISA_0103,20250517,1
24001ISA_0104,20250517,1
24001ISA_0114,20250517,1
24001ISA_0115,20250517,1
24001ISA_0101,20250524,1
24001ISA_0102,20250524,1
24001ISA_0103,20250524,1
24001ISA_0104,20250524,1
24001ISA_0114,20250524,1
24001ISA_0115,20250524,1
24001ISA_0101,20250531,1
24001ISA_0102,20250531,1
24001ISA_0103,20250531,1
24001ISA_0104,20250531,1
24001ISA_0114,20250531,1
24001ISA_0115,20250531,1
24001ISA_0101,20250607,1
24001ISA_0102,20250607,1
24001ISA_0103,20250607,1
24001ISA_0104,20250607,1
24001ISA_0114,20250607,1
24001ISA_0115,20250607,1
24001ISA_0101,20250614,1
24001ISA_0102,20250614,1
24001ISA_0103,20250614,1
24001ISA_0104,20250614,1
24001ISA_0114,20250614,1
24001ISA_0115,20250614,1
24001ISA_0101,20250621,1
24001ISA_0102,20250621,1
24001ISA_0103,20250621,1
24001ISA_0104,20250621,1
24001ISA_0114,20250621,1
24001ISA_0115,20250621,1
24001ISA_0101,20250628,1
24001ISA_0102,20250628,1
24001ISA_0103,20250628,1
24001ISA_0104,20250628,1
24001ISA_0114,20250628,1
24001ISA_0115,20250628,1
24002IFA_0201,20240908,1
24002IFA_0202,20240908,1
24002IFA_0203,20240908,1
24002IFA_0204,20240908,1
24002IFA_0211,20240908,1
24002IFA_0212,20240908,1
24002IFA_0215,20240908,1
24002IFA_0201,20240915,1
24002IFA_0202,20240915,1
24002IFA_0203,20240915,1
24002IFA_0204,20240915,1
24002IFA_0211,20240915,1
24002IFA_0212,20240915,1
24002IFA_0215,20240915,1
24002IFA_0201,20240922,1
24002IFA_0202,20240922,1
24002IFA_0203,20240922,1
24002IFA_0204,20240922,1
24002IFA_0211,20240922,1
24002IFA_0212,20240922,1
24002IFA_0215,20240922,1
24002IFA_0201,20240929,1
24002IFA_0202,20240929,1
24002IFA_0203,20240929,1
24002IFA_0204,20240929,1
24002IFA_0211,20240929,1
24002IFA_0212,20240929,1
24002IFA_0215,20240929,1
24002IFA_0201,20241006,1
24002IFA_0202,20241006,1
24002IFA_0203,20241006,1
24002IFA_0204,20241006,1
24002IFA_0211,20241006,1
24002IFA_0212,20241006,1
24002IFA_0215,20241006,1
24002IFA_0201,20241012,1
24002IFA_0202,20241012,1
24002IFA_0203,20241012,1
24002IFA_0204,20241012,1
24002IFA_0211,20241012,1
24002IFA_0212,20241012,1
24002IFA_0215,20241012,1
24002IFA_0201,20241013,1
24002IFA_0202,20241013,1
24002IFA_0203,20241013,1
24002IFA_0204,20241013,1
24002IFA_0211,20241013,1
24002IFA_0212,20241013,1
24002IFA_0215,20241013,1
24002IFA_0201,20241020,1
24002IFA_0202,20241020,1
24002IFA_0203,20241020,1
24002IFA_0204,20241020,1
24002IFA_0211,20241020,1
24002IFA_0212,20241020,1
24002IFA_0215,20241020,1
24002IFA_0201,20241027,1
24002IFA_0202,20241027,1
24002IFA_0203,20241027,1
24002IFA_0204,20241027,1
24002IFA_0211,20241027,1
24002IFA_0212,20241027,1
24002IFA_0215,20241027,1
24002IFA_0201,20241101,1
24002IFA_0202,20241101,1
24002IFA_0203,20241101,1
24002IFA_0204,20241101,1
24002IFA_0211,20241101,1
24002IFA_0212,20241101,1
24002IFA_0215,20241101,1
24002IFA_0201,20241103,1
24002IFA_0202,20241103,1
24002IFA_0203,20241103,1
24002IFA_0204,20241103,1
24002IFA_0211,20241103,1
24002IFA_0212,20241103,1
24002IFA_0215,20241103,1
24002IFA_0201,20241110,1
24002IFA_0202,20241110,1
24002IFA_0203,20241110,1
24002IFA_0204,20241110,1
24002IFA_0211,20241110,1
24002IFA_0212,20241110,1
24002IFA_0215,20241110,1
24002IFA_0201,20241117,1
24002IFA_0202,20241117,1
24002IFA_0203,20241117,1
24002IFA_0204,20241117,1
24002IFA_0211,20241117,1
24002IFA_0212,20241117,1
24002IFA_0215,20241117,1
24002IFA_0201,20241124,1
24002IFA_0202,20241124,1
24002IFA_0203,20241124,1
24002IFA_0204,20241124,1
24002IFA_0211,20241124,1
24002IFA_0212,20241124,1
24002IFA_0215,20241124,1
24002IFA_0201,20241201,1
24002IFA_0202,20241201,1
24002IFA_0203,20241201,1
24002IFA_0204,20241201,1
24002IFA_0211,20241201,1
24002IFA_0212,20241201,1
24002IFA_0215,20241201,1
24002IFA_0201,20241206,1
24002IFA_0202,20241206,1
24002IFA_0203,20241206,1
24002IFA_0204,20241206,1
24002IFA_0211,20241206,1
24002IFA_0212,20241206,1
24002IFA_0215,20241206,1
24002IFA_0201,20241208,1
24002IFA_0202,20241208,1
24002IFA_0203,20241208,1
24002IFA_0204,20241208,1
24002IFA_0211,20241208,1
24002IFA_0212,20241208,1
24002IFA_0215,20241208,1
24002IFA_0201,20241215,1
24002IFA_0202,20241215,1
24002IFA_0203,20241215,1
24002IFA_0204,20241215,1
24002IFA_0211,20241215,1
24002IFA_0212,20241215,1
24002IFA_0215,20241215,1
24002IFA_0201,20241222,1
24002IFA_0202,20241222,1
24002IFA_0203,20241222,1
24002IFA_0204,20241222,1
24002IFA_0211,20241222,1
24002IFA_0212,20241222,1
24002IFA_0215,20241222,1
24002IFA_0201,20241225,1
24002IFA_0202,20241225,1
24002IFA_0203,20241225,1
24002IFA_0204,20241225,1
24002IFA_0211,20241225,1
24002IFA_0212,20241225,1
24002IFA_0215,20241225,1
24002IFA_0201,20241229,1
24002IFA_0202,20241229,1
24002IFA_0203,20241229,1
24002IFA_0204,20241229,1
24002IFA_0211,20241229,1
24002IFA_0212,20241229,1
24002IFA_0215,20241229,1
24002IFA_0201,20250101,1
24002IFA_0202,20250101,1
24002IFA_0203,20250101,1
24002IFA_0204,20250101,1
24002IFA_0211,20250101,1
24002IFA_0212,20250101,1
24002IFA_0215,20250101,1
24002IFA_0201,20250105,1
24002IFA_0202,20250105,1
24002IFA_0203,20250105,1
24002IFA_0204,20250105,1
24002IFA_0211,20250105,1
24002IFA_0212,20250105,1
24002IFA_0215,20250105,1
24002IFA_0201,20250106,1
24002IFA_0202,20250106,1
24002IFA_0203,20250106,1
24002IFA_0204,20250106,1
24002IFA_0211,20250106,1
24002IFA_0212,20250106,1
24002IFA_0215,20250106,1
24002IFA_0201,20250112,1
24002IFA_0202,20250112,1
24002IFA_0203,20250112,1
24002IFA_0204,20250112,1
24002IFA_0211,20250112,1
24002IFA_0212,20250112,1
24002IFA_0215,20250112,1
24002IFA_0201,20250119,1
24002IFA_0202,20250119,1
24002IFA_0203,20250119,1
24002IFA_0204,20250119,1
24002IFA_0211,20250119,1
24002IFA_0212,20250119,1
24002IFA_0215,20250119,1
24002IFA_0201,20250126,1
24002IFA_0202,20250126,1
24002IFA_0203,20250126,1
24002IFA_0204,20250126,1
24002IFA_0211,20250126,1
24002IFA_0212,20250126,1
24002IFA_0215,20250126,1
24002IFA_0201,20250202,1
24002IFA_0202,20250202,1
24002IFA_0203,20250202,1
24002IFA_0204,20250202,1
24002IFA_0211,20250202,1
24002IFA_0212,20250202,1
24002IFA_0215,20250202,1
24002IFA_0201,20250209,1
24002IFA_0202,20250209,1
24002IFA_0203,20250209,1
24002IFA_0204,20250209,1
24002IFA_0211,20250209,1
24002IFA_0212,20250209,1
24002IFA_0215,20250209,1
24002IFA_0201,20250216,1
24002IFA_0202,20250216,1
24002IFA_0203,20250216,1
24002IFA_0204,20250216,1
24002IFA_0211,20250216,1
24002IFA_0212,20250216,1
24002IFA_0215,20250216,1
24002IFA_0201,20250223,1
24002IFA_0202,20250223,1
24002IFA_0203,20250223,1
24002IFA_0204,20250223,1
24002IFA_0211,20250223,1
24002IFA_0212,20250223,1
24002IFA_0215,20250223,1
24002IFA_0201,20250302,1
24002IFA_0202,20250302,1
24002IFA_0203,20250302,1
24002IFA_0204,20250302,1
24002IFA_0211,20250302,1
24002IFA_0212,20250302,1
24002IFA_0215,20250302,1
24002IFA_0201,20250309,1
24002IFA_0202,20250309,1
24002IFA_0203,20250309,1
24002IFA_0204,20250309,1
24002IFA_0211,20250309,1
24002IFA_0212,20250309,1
24002IFA_0215,20250309,1
24002IFA_0201,20250316,1
24002IFA_0202,20250316,1
24002IFA_0203,20250316,1
24002IFA_0204,20250316,1
24002IFA_0211,20250316,1
24002IFA_0212,20250316,1
24002IFA_0215,20250316,1
24002IFA_0201,20250323,1
24002IFA_0202,20250323,1
24002IFA_0203,20250323,1
24002IFA_0204,20250323,1
24002IFA_0211,20250323,1
24002IFA_0212,20250323,1
24002IFA_0215,20250323,1
24002IFA_0201,20250330,1
24002IFA_0202,20250330,1
24002IFA_0203,20250330,1
24002IFA_0204,20250330,1
24002IFA_0211,20250330,1
24002IFA_0212,20250330,1
24002IFA_0215,20250330,1
24002IFA_0201,20250406,1
24002IFA_0202,20250406,1
24002IFA_0203,20250406,1
24002IFA_0204,20250406,1
24002IFA_0211,20250406,1
24002IFA_0212,20250406,1
24002IFA_0215,20250406,1
24002IFA_0201,20250413,1
24002IFA_0202,20250413,1
24002IFA_0203,20250413,1
24002IFA_0204,20250413,1
24002IFA_0211,20250413,1
24002IFA_0212,20250413,1
24002IFA_0215,20250413,1
24002IFA_0201,20250417,1
24002IFA_0202,20250417,1
24002IFA_0203,20250417,1
24002IFA_0204,20250417,1
24002IFA_0211,20250417,1
24002IFA_0212,20250417,1
24002IFA_0215,20250417,1
24002IFA_0201,20250418,1
24002IFA_0202,20250418,1
24002IFA_0203,20250418,1
24002IFA_0204,20250418,1
24002IFA_0211,20250418,1
24002IFA_0212,20250418,1
24002IFA_0215,20250418,1
24002IFA_0201,20250420,1
24002IFA_0202,20250420,1
24002IFA_0203,20250420,1
24002IFA_0204,20250420,1
24002IFA_0211,20250420,1
24002IFA_0212,20250420,1
24002IFA_0215,20250420,1
24002IFA_0201,20250427,1
24002IFA_0202,20250427,1
24002IFA_0203,20250427,1
24002IFA_0204,20250427,1
24002IFA_0211,20250427,1
24002IFA_0212,20250427,1
24002IFA_0215,20250427,1
24002IFA_0201,20250501,1
24002IFA_0202,20250501,1
24002IFA_0203,20250501,1
24002IFA_0204,20250501,1
24002IFA_0211,20250501,1
24002IFA_0212,20250501,1
24002IFA_0215,20250501,1
24002IFA_0201,20250504,1
24002IFA_0202,20250504,1
24002IFA_0203,20250504,1
24002IFA_0204,20250504,1
24002IFA_0211,20250504,1
24002IFA_0212,20250504,1
24002IFA_0215,20250504,1
24002IFA_0201,20250511,1
24002IFA_0202,20250511,1
24002IFA_0203,20250511,1
24002IFA_0204,20250511,1
24002IFA_0211,20250511,1
24002IFA_0212,20250511,1
24002IFA_0215,20250511,1
24002IFA_0201,20250518,1
24002IFA_0202,20250518,1
24002IFA_0203,20250518,1
24002IFA_0204,20250518,1
24002IFA_0211,20250518,1
24002IFA_0212,20250518,1
24002IFA_0215,20250518,1
24002IFA_0201,20250525,1
24002IFA_0202,20250525,1
24002IFA_0203,20250525,1
24002IFA_0204,20250525,1
24002IFA_0211,20250525,1
24002IFA_0212,20250525,1
24002IFA_0215,20250525,1
24002IFA_0201,20250601,1
24002IFA_0202,20250601,1
24002IFA_0203,20250601,1
24002IFA_0204,20250601,1
24002IFA_0211,20250601,1
24002IFA_0212,20250601,1
24002IFA_0215,20250601,1
24002IFA_0201,20250608,1
24002IFA_0202,20250608,1
24002IFA_0203,20250608,1
24002IFA_0204,20250608,1
24002IFA_0211,20250608,1
24002IFA_0212,20250608,1
24002IFA_0215,20250608,1
24002IFA_0201,20250609,1
24002IFA_0202,20250609,1
24002IFA_0203,20250609,1
24002IFA_0204,20250609,1
24002IFA_0211,20250609,1
24002IFA_0212,20250609,1
24002IFA_0215,20250609,1
24002IFA_0201,20250615,1
24002IFA_0202,20250615,1
24002IFA_0203,20250615,1
24002IFA_0204,20250615,1
24002IFA_0211,20250615,1
24002IFA_0212,20250615,1
24002IFA_0215,20250615,1
24002IFA_0201,20250622,1
24002IFA_0202,20250622,1
24002IFA_0203,20250622,1
24002IFA_0204,20250622,1
24002IFA_0211,20250622,1
24002IFA_0212,20250622,1
24002IFA_0215,20250622,1
24002IFA_0201,20250629,1
24002IFA_0202,20250629,1
24002IFA_0203,20250629,1
24002IFA_0204,20250629,1
24002IFA_0211,20250629,1
24002IFA_0212,20250629,1
24002IFA_0215,20250629,1
24002ILA_0201,20240903,1
24002ILA_0202,20240903,1
24002ILA_0203,20240903,1
24002ILA_0204,20240903,1
24002ILA_0205,20240903,1
24002ILA_0206,20240903,1
24002ILA_0207,20240903,1
24002ILA_0211,20240903,1
24002ILA_0201,20240904,1
24002ILA_0202,20240904,1
24002ILA_0203,20240904,1
24002ILA_0204,20240904,1
24002ILA_0205,20240904,1
24002ILA_0206,20240904,1
24002ILA_0207,20240904,1
24002ILA_0211,20240904,1
24002ILA_0201,20240905,1
24002ILA_0202,20240905,1
24002ILA_0203,20240905,1
24002ILA_0204,20240905,1
24002ILA_0205,20240905,1
24002ILA_0206,20240905,1
24002ILA_0207,20240905,1
24002ILA_0211,20240905,1
24002ILA_0201,20240906,1
24002ILA_0202,20240906,1
24002ILA_0203,20240906,1
24002ILA_0204,20240906,1
24002ILA_0205,20240906,1
24002ILA_0206,20240906,1
24002ILA_0207,20240906,1
24002ILA_0211,20240906,1
24002ILA_0201,20240909,1
24002ILA_0202,20240909,1
24002ILA_0203,20240909,1
24002ILA_0204,20240909,1
24002ILA_0205,20240909,1
24002ILA_0206,20240909,1
24002ILA_0207,20240909,1
24002ILA_0211,20240909,1
24002ILA_0201,20240910,1
24002ILA_0202,20240910,1
24002ILA_0203,20240910,1
24002ILA_0204,20240910,1
24002ILA_0205,20240910,1
24002ILA_0206,20240910,1
24002ILA_0207,20240910,1
24002ILA_0211,20240910,1
24002ILA_0201,20240911,1
24002ILA_0202,20240911,1
24002ILA_0203,20240911,1
24002ILA_0204,20240911,1
24002ILA_0205,20240911,1
24002ILA_0206,20240911,1
24002ILA_0207,20240911,1
24002ILA_0211,20240911,1
24002ILA_0201,20240912,1
24002ILA_0202,20240912,1
24002ILA_0203,20240912,1
24002ILA_0204,20240912,1
24002ILA_0205,20240912,1
24002ILA_0206,20240912,1
24002ILA_0207,20240912,1
24002ILA_0211,20240912,1
24002ILA_0201,20240913,1
24002ILA_0202,20240913,1
24002ILA_0203,20240913,1
24002ILA_0204,20240913,1
24002ILA_0205,20240913,1
24002ILA_0206,20240913,1
24002ILA_0207,20240913,1
24002ILA_0211,20240913,1
24002ILA_0201,20240916,1
24002ILA_0202,20240916,1
24002ILA_0203,20240916,1
24002ILA_0204,20240916,1
24002ILA_0205,20240916,1
24002ILA_0206,20240916,1
24002ILA_0207,20240916,1
24002ILA_0211,20240916,1
24002ILA_0201,20240917,1
24002ILA_0202,20240917,1
24002ILA_0203,20240917,1
24002ILA_0204,20240917,1
24002ILA_0205,20240917,1
24002ILA_0206,20240917,1
24002ILA_0207,20240917,1
24002ILA_0211,20240917,1
24002ILA_0201,20240918,1
24002ILA_0202,20240918,1
24002ILA_0203,20240918,1
24002ILA_0204,20240918,1
24002ILA_0205,20240918,1
24002ILA_0206,20240918,1
24002ILA_0207,20240918,1
24002ILA_0211,20240918,1
24002ILA_0201,20240919,1
24002ILA_0202,20240919,1
24002ILA_0203,20240919,1
24002ILA_0204,20240919,1
24002ILA_0205,20240919,1
24002ILA_0206,20240919,1
24002ILA_0207,20240919,1
24002ILA_0211,20240919,1
24002ILA_0201,20240920,1
24002ILA_0202,20240920,1
24002ILA_0203,20240920,1
24002ILA_0204,20240920,1
24002ILA_0205,20240920,1
24002ILA_0206,20240920,1
24002ILA_0207,20240920,1
24002ILA_0211,20240920,1
24002ILA_0201,20240923,1
24002ILA_0202,20240923,1
24002ILA_0203,20240923,1
24002ILA_0204,20240923,1
24002ILA_0205,20240923,1
24002ILA_0206,20240923,1
24002ILA_0207,20240923,1
24002ILA_0211,20240923,1
24002ILA_0201,20240924,1
24002ILA_0202,20240924,1
24002ILA_0203,20240924,1
24002ILA_0204,20240924,1
24002ILA_0205,20240924,1
24002ILA_0206,20240924,1
24002ILA_0207,20240924,1
24002ILA_0211,20240924,1
24002ILA_0201,20240925,1
24002ILA_0202,20240925,1
24002ILA_0203,20240925,1
24002ILA_0204,20240925,1
24002ILA_0205,20240925,1
24002ILA_0206,20240925,1
24002ILA_0207,20240925,1
24002ILA_0211,20240925,1
24002ILA_0201,20240926,1
24002ILA_0202,20240926,1
24002ILA_0203,20240926,1
24002ILA_0204,20240926,1
24002ILA_0205,20240926,1
24002ILA_0206,20240926,1
24002ILA_0207,20240926,1
24002ILA_0211,20240926,1
24002ILA_0201,20240927,1
24002ILA_0202,20240927,1
24002ILA_0203,20240927,1
24002ILA_0204,20240927,1
24002ILA_0205,20240927,1
24002ILA_0206,20240927,1
24002ILA_0207,20240927,1
24002ILA_0211,20240927,1
24002ILA_0201,20240930,1
24002ILA_0202,20240930,1
24002ILA_0203,20240930,1
24002ILA_0204,20240930,1
24002ILA_0205,20240930,1
24002ILA_0206,20240930,1
24002ILA_0207,20240930,1
24002ILA_0211,20240930,1
24002ILA_0201,20241001,1
24002ILA_0202,20241001,1
24002ILA_0203,20241001,1
24002ILA_0204,20241001,1
24002ILA_0205,20241001,1
24002ILA_0206,20241001,1
24002ILA_0207,20241001,1
24002ILA_0211,20241001,1
24002ILA_0201,20241002,1
24002ILA_0202,20241002,1
24002ILA_0203,20241002,1
24002ILA_0204,20241002,1
24002ILA_0205,20241002,1
24002ILA_0206,20241002,1
24002ILA_0207,20241002,1
24002ILA_0211,20241002,1
24002ILA_0201,20241003,1
24002ILA_0202,20241003,1
24002ILA_0203,20241003,1
24002ILA_0204,20241003,1
24002ILA_0205,20241003,1
24002ILA_0206,20241003,1
24002ILA_0207,20241003,1
24002ILA_0211,20241003,1
24002ILA_0201,20241004,1
24002ILA_0202,20241004,1
24002ILA_0203,20241004,1
24002ILA_0204,20241004,1
24002ILA_0205,20241004,1
24002ILA_0206,20241004,1
24002ILA_0207,20241004,1
24002ILA_0211,20241004,1
24002ILA_0201,20241007,1
24002ILA_0202,20241007,1
24002ILA_0203,20241007,1
24002ILA_0204,20241007,1
24002ILA_0205,20241007,1
24002ILA_0206,20241007,1
24002ILA_0207,20241007,1
24002ILA_0211,20241007,1
24002ILA_0201,20241008,1
24002ILA_0202,20241008,1
24002ILA_0203,20241008,1
24002ILA_0204,20241008,1
24002ILA_0205,20241008,1
24002ILA_0206,20241008,1
24002ILA_0207,20241008,1
24002ILA_0211,20241008,1
24002ILA_0201,20241009,1
24002ILA_0202,20241009,1
24002ILA_0203,20241009,1
24002ILA_0204,20241009,1
24002ILA_0205,20241009,1
24002ILA_0206,20241009,1
24002ILA_0207,20241009,1
24002ILA_0211,20241009,1
24002ILA_0201,20241010,1
24002ILA_0202,20241010,1
24002ILA_0203,20241010,1
24002ILA_0204,20241010,1
24002ILA_0205,20241010,1
24002ILA_0206,20241010,1
24002ILA_0207,20241010,1
24002ILA_0211,20241010,1
24002ILA_0201,20241011,1
24002ILA_0202,20241011,1
24002ILA_0203,20241011,1
24002ILA_0204,20241011,1
24002ILA_0205,20241011,1
24002ILA_0206,20241011,1
24002ILA_0207,20241011,1
24002ILA_0211,20241011,1
24002ILA_0201,20241014,1
24002ILA_0202,20241014,1
24002ILA_0203,20241014,1
24002ILA_0204,20241014,1
24002ILA_0205,20241014,1
24002ILA_0206,20241014,1
24002ILA_0207,20241014,1
24002ILA_0211,20241014,1
24002ILA_0201,20241015,1
24002ILA_0202,20241015,1
24002ILA_0203,20241015,1
24002ILA_0204,20241015,1
24002ILA_0205,20241015,1
24002ILA_0206,20241015,1
24002ILA_0207,20241015,1
24002ILA_0211,20241015,1
24002ILA_0201,20241016,1
24002ILA_0202,20241016,1
24002ILA_0203,20241016,1
24002ILA_0204,20241016,1
24002ILA_0205,20241016,1
24002ILA_0206,20241016,1
24002ILA_0207,20241016,1
24002ILA_0211,20241016,1
24002ILA_0201,20241017,1
24002ILA_0202,20241017,1
24002ILA_0203,20241017,1
24002ILA_0204,20241017,1
24002ILA_0205,20241017,1
24002ILA_0206,20241017,1
24002ILA_0207,20241017,1
24002ILA_0211,20241017,1
24002ILA_0201,20241018,1
24002ILA_0202,20241018,1
24002ILA_0203,20241018,1
24002ILA_0204,20241018,1
24002ILA_0205,20241018,1
24002ILA_0206,20241018,1
24002ILA_0207,20241018,1
24002ILA_0211,20241018,1
24002ILA_0201,20241021,1
24002ILA_0202,20241021,1
24002ILA_0203,20241021,1
24002ILA_0204,20241021,1
24002ILA_0205,20241021,1
24002ILA_0206,20241021,1
24002ILA_0207,20241021,1
24002ILA_0211,20241021,1
24002ILA_0201,20241022,1
24002ILA_0202,20241022,1
24002ILA_0203,20241022,1
24002ILA_0204,20241022,1
24002ILA_0205,20241022,1
24002ILA_0206,20241022,1
24002ILA_0207,20241022,1
24002ILA_0211,20241022,1
24002ILA_0201,20241023,1
24002ILA_0202,20241023,1
24002ILA_0203,20241023,1
24002ILA_0204,20241023,1
24002ILA_0205,20241023,1
24002ILA_0206,20241023,1
24002ILA_0207,20241023,1
24002ILA_0211,20241023,1
24002ILA_0201,20241024,1
24002ILA_0202,20241024,1
24002ILA_0203,20241024,1
24002ILA_0204,20241024,1
24002ILA_0205,20241024,1
24002ILA_0206,20241024,1
24002ILA_0207,20241024,1
24002ILA_0211,20241024,1
24002ILA_0201,20241025,1
24002ILA_0202,20241025,1
24002ILA_0203,20241025,1
24002ILA_0204,20241025,1
24002ILA_0205,20241025,1
24002ILA_0206,20241025,1
24002ILA_0207,20241025,1
24002ILA_0211,20241025,1
24002ILA_0201,20241028,1
24002ILA_0202,20241028,1
24002ILA_0203,20241028,1
24002ILA_0204,20241028,1
24002ILA_0205,20241028,1
24002ILA_0206,20241028,1
24002ILA_0207,20241028,1
24002ILA_0211,20241028,1
24002ILA_0201,20241029,1
24002ILA_0202,20241029,1
24002ILA_0203,20241029,1
24002ILA_0204,20241029,1
24002ILA_0205,20241029,1
24002ILA_0206,20241029,1
24002ILA_0207,20241029,1
24002ILA_0211,20241029,1
24002ILA_0201,20241030,1
24002ILA_0202,20241030,1
24002ILA_0203,20241030,1
24002ILA_0204,20241030,1
24002ILA_0205,20241030,1
24002ILA_0206,20241030,1
24002ILA_0207,20241030,1
24002ILA_0211,20241030,1
24002ILA_0201,20241031,1
24002ILA_0202,20241031,1
24002ILA_0203,20241031,1
24002ILA_0204,20241031,1
24002ILA_0205,20241031,1
24002ILA_0206,20241031,1
24002ILA_0207,20241031,1
24002ILA_0211,20241031,1
24002ILA_0201,20241104,1
24002ILA_0202,20241104,1
24002ILA_0203,20241104,1
24002ILA_0204,20241104,1
24002ILA_0205,20241104,1
24002ILA_0206,20241104,1
24002ILA_0207,20241104,1
24002ILA_0211,20241104,1
24002ILA_0201,20241105,1
24002ILA_0202,20241105,1
24002ILA_0203,20241105,1
24002ILA_0204,20241105,1
24002ILA_0205,20241105,1
24002ILA_0206,20241105,1
24002ILA_0207,20241105,1
24002ILA_0211,20241105,1
24002ILA_0201,20241106,1
24002ILA_0202,20241106,1
24002ILA_0203,20241106,1
24002ILA_0204,20241106,1
24002ILA_0205,20241106,1
24002ILA_0206,20241106,1
24002ILA_0207,20241106,1
24002ILA_0211,20241106,1
24002ILA_0201,20241107,1
24002ILA_0202,20241107,1
24002ILA_0203,20241107,1
24002ILA_0204,20241107,1
24002ILA_0205,20241107,1
24002ILA_0206,20241107,1
24002ILA_0207,20241107,1
24002ILA_0211,20241107,1
24002ILA_0201,20241108,1
24002ILA_0202,20241108,1
24002ILA_0203,20241108,1
24002ILA_0204,20241108,1
24002ILA_0205,20241108,1
24002ILA_0206,20241108,1
24002ILA_0207,20241108,1
24002ILA_0211,20241108,1
24002ILA_0201,20241111,1
24002ILA_0202,20241111,1
24002ILA_0203,20241111,1
24002ILA_0204,20241111,1
24002ILA_0205,20241111,1
24002ILA_0206,20241111,1
24002ILA_0207,20241111,1
24002ILA_0211,20241111,1
24002ILA_0201,20241112,1
24002ILA_0202,20241112,1
24002ILA_0203,20241112,1
24002ILA_0204,20241112,1
24002ILA_0205,20241112,1
24002ILA_0206,20241112,1
24002ILA_0207,20241112,1
24002ILA_0211,20241112,1
24002ILA_0201,20241113,1
24002ILA_0202,20241113,1
24002ILA_0203,20241113,1
24002ILA_0204,20241113,1
24002ILA_0205,20241113,1
24002ILA_0206,20241113,1
24002ILA_0207,20241113,1
24002ILA_0211,20241113,1
24002ILA_0201,20241114,1
24002ILA_0202,20241114,1
24002ILA_0203,20241114,1
24002ILA_0204,20241114,1
24002ILA_0205,20241114,1
24002ILA_0206,20241114,1
24002ILA_0207,20241114,1
24002ILA_0211,20241114,1
24002ILA_0201,20241115,1
24002ILA_0202,20241115,1
24002ILA_0203,20241115,1
24002ILA_0204,20241115,1
24002ILA_0205,20241115,1
24002ILA_0206,20241115,1
24002ILA_0207,20241115,1
24002ILA_0211,20241115,1
24002ILA_0201,20241118,1
24002ILA_0202,20241118,1
24002ILA_0203,20241118,1
24002ILA_0204,20241118,1
24002ILA_0205,20241118,1
24002ILA_0206,20241118,1
24002ILA_0207,20241118,1
24002ILA_0211,20241118,1
24002ILA_0201,20241119,1
24002ILA_0202,20241119,1
24002ILA_0203,20241119,1
24002ILA_0204,20241119,1
24002ILA_0205,20241119,1
24002ILA_0206,20241119,1
24002ILA_0207,20241119,1
24002ILA_0211,20241119,1
24002ILA_0201,20241120,1
24002ILA_0202,20241120,1
24002ILA_0203,20241120,1
24002ILA_0204,20241120,1
24002ILA_0205,20241120,1
24002ILA_0206,20241120,1
24002ILA_0207,20241120,1
24002ILA_0211,20241120,1
24002ILA_0201,20241121,1
24002ILA_0202,20241121,1
24002ILA_0203,20241121,1
24002ILA_0204,20241121,1
24002ILA_0205,20241121,1
24002ILA_0206,20241121,1
24002ILA_0207,20241121,1
24002ILA_0211,20241121,1
24002ILA_0201,20241122,1
24002ILA_0202,20241122,1
24002ILA_0203,20241122,1
24002ILA_0204,20241122,1
24002ILA_0205,20241122,1
24002ILA_0206,20241122,1
24002ILA_0207,20241122,1
24002ILA_0211,20241122,1
24002ILA_0201,20241125,1
24002ILA_0202,20241125,1
24002ILA_0203,20241125,1
24002ILA_0204,20241125,1
24002ILA_0205,20241125,1
24002ILA_0206,20241125,1
24002ILA_0207,20241125,1
24002ILA_0211,20241125,1
24002ILA_0201,20241126,1
24002ILA_0202,20241126,1
24002ILA_0203,20241126,1
24002ILA_0204,20241126,1
24002ILA_0205,20241126,1
24002ILA_0206,20241126,1
24002ILA_0207,20241126,1
24002ILA_0211,20241126,1
24002ILA_0201,20241127,1
24002ILA_0202,20241127,1
24002ILA_0203,20241127,1
24002ILA_0204,20241127,1
24002ILA_0205,20241127,1
24002ILA_0206,20241127,1
24002ILA_0207,20241127,1
24002ILA_0211,20241127,1
24002ILA_0201,20241128,1
24002ILA_0202,20241128,1
24002ILA_0203,20241128,1
24002ILA_0204,20241128,1
24002ILA_0205,20241128,1
24002ILA_0206,20241128,1
24002ILA_0207,20241128,1
24002ILA_0211,20241128,1
24002ILA_0201,20241129,1
24002ILA_0202,20241129,1
24002ILA_0203,20241129,1
24002ILA_0204,20241129,1
24002ILA_0205,20241129,1
24002ILA_0206,20241129,1
24002ILA_0207,20241129,1
24002ILA_0211,20241129,1
24002ILA_0201,20241202,1
24002ILA_0202,20241202,1
24002ILA_0203,20241202,1
24002ILA_0204,20241202,1
24002ILA_0205,20241202,1
24002ILA_0206,20241202,1
24002ILA_0207,20241202,1
24002ILA_0211,20241202,1
24002ILA_0201,20241203,1
24002ILA_0202,20241203,1
24002ILA_0203,20241203,1
24002ILA_0204,20241203,1
24002ILA_0205,20241203,1
24002ILA_0206,20241203,1
24002ILA_0207,20241203,1
24002ILA_0211,20241203,1
24002ILA_0201,20241204,1
24002ILA_0202,20241204,1
24002ILA_0203,20241204,1
24002ILA_0204,20241204,1
24002ILA_0205,20241204,1
24002ILA_0206,20241204,1
24002ILA_0207,20241204,1
24002ILA_0211,20241204,1
24002ILA_0201,20241205,1
24002ILA_0202,20241205,1
24002ILA_0203,20241205,1
24002ILA_0204,20241205,1
24002ILA_0205,20241205,1
24002ILA_0206,20241205,1
24002ILA_0207,20241205,1
24002ILA_0211,20241205,1
24002ILA_0201,20241209,1
24002ILA_0202,20241209,1
24002ILA_0203,20241209,1
24002ILA_0204,20241209,1
24002ILA_0205,20241209,1
24002ILA_0206,20241209,1
24002ILA_0207,20241209,1
24002ILA_0211,20241209,1
24002ILA_0201,20241210,1
24002ILA_0202,20241210,1
24002ILA_0203,20241210,1
24002ILA_0204,20241210,1
24002ILA_0205,20241210,1
24002ILA_0206,20241210,1
24002ILA_0207,20241210,1
24002ILA_0211,20241210,1
24002ILA_0201,20241211,1
24002ILA_0202,20241211,1
24002ILA_0203,20241211,1
24002ILA_0204,20241211,1
24002ILA_0205,20241211,1
24002ILA_0206,20241211,1
24002ILA_0207,20241211,1
24002ILA_0211,20241211,1
24002ILA_0201,20241212,1
24002ILA_0202,20241212,1
24002ILA_0203,20241212,1
24002ILA_0204,20241212,1
24002ILA_0205,20241212,1
24002ILA_0206,20241212,1
24002ILA_0207,20241212,1
24002ILA_0211,20241212,1
24002ILA_0201,20241213,1
24002ILA_0202,20241213,1
24002ILA_0203,20241213,1
24002ILA_0204,20241213,1
24002ILA_0205,20241213,1
24002ILA_0206,20241213,1
24002ILA_0207,20241213,1
24002ILA_0211,20241213,1
24002ILA_0201,20241216,1
24002ILA_0202,20241216,1
24002ILA_0203,20241216,1
24002ILA_0204,20241216,1
24002ILA_0205,20241216,1
24002ILA_0206,20241216,1
24002ILA_0207,20241216,1
24002ILA_0211,20241216,1
24002ILA_0201,20241217,1
24002ILA_0202,20241217,1
24002ILA_0203,20241217,1
24002ILA_0204,20241217,1
24002ILA_0205,20241217,1
24002ILA_0206,20241217,1
24002ILA_0207,20241217,1
24002ILA_0211,20241217,1
24002ILA_0201,20241218,1
24002ILA_0202,20241218,1
24002ILA_0203,20241218,1
24002ILA_0204,20241218,1
24002ILA_0205,20241218,1
24002ILA_0206,20241218,1
24002ILA_0207,20241218,1
24002ILA_0211,20241218,1
24002ILA_0201,20241219,1
24002ILA_0202,20241219,1
24002ILA_0203,20241219,1
24002ILA_0204,20241219,1
24002ILA_0205,20241219,1
24002ILA_0206,20241219,1
24002ILA_0207,20241219,1
24002ILA_0211,20241219,1
24002ILA_0201,20241220,1
24002ILA_0202,20241220,1
24002ILA_0203,20241220,1
24002ILA_0204,20241220,1
24002ILA_0205,20241220,1
24002ILA_0206,20241220,1
24002ILA_0207,20241220,1
24002ILA_0211,20241220,1
24002ILA_0201,20241223,1
24002ILA_0202,20241223,1
24002ILA_0203,20241223,1
24002ILA_0204,20241223,1
24002ILA_0205,20241223,1
24002ILA_0206,20241223,1
24002ILA_0207,20241223,1
24002ILA_0211,20241223,1
24002ILA_0201,20241224,1
24002ILA_0202,20241224,1
24002ILA_0203,20241224,1
24002ILA_0204,20241224,1
24002ILA_0205,20241224,1
24002ILA_0206,20241224,1
24002ILA_0207,20241224,1
24002ILA_0211,20241224,1
24002ILA_0201,20241226,1
24002ILA_0202,20241226,1
24002ILA_0203,20241226,1
24002ILA_0204,20241226,1
24002ILA_0205,20241226,1
24002ILA_0206,20241226,1
24002ILA_0207,20241226,1
24002ILA_0211,20241226,1
24002ILA_0201,20241227,1
24002ILA_0202,20241227,1
24002ILA_0203,20241227,1
24002ILA_0204,20241227,1
24002ILA_0205,20241227,1
24002ILA_0206,20241227,1
24002ILA_0207,20241227,1
24002ILA_0211,20241227,1
24002ILA_0201,20241230,1
24002ILA_0202,20241230,1
24002ILA_0203,20241230,1
24002ILA_0204,20241230,1
24002ILA_0205,20241230,1
24002ILA_0206,20241230,1
24002ILA_0207,20241230,1
24002ILA_0211,20241230,1
24002ILA_0201,20241231,1
24002ILA_0202,20241231,1
24002ILA_0203,20241231,1
24002ILA_0204,20241231,1
24002ILA_0205,20241231,1
24002ILA_0206,20241231,1
24002ILA_0207,20241231,1
24002ILA_0211,20241231,1
24002ILA_0201,20250102,1
24002ILA_0202,20250102,1
24002ILA_0203,20250102,1
24002ILA_0204,20250102,1
24002ILA_0205,20250102,1
24002ILA_0206,20250102,1
24002ILA_0207,20250102,1
24002ILA_0211,20250102,1
24002ILA_0201,20250103,1
24002ILA_0202,20250103,1
24002ILA_0203,20250103,1
24002ILA_0204,20250103,1
24002ILA_0205,20250103,1
24002ILA_0206,20250103,1
24002ILA_0207,20250103,1
24002ILA_0211,20250103,1
24002ILA_0201,20250107,1
24002ILA_0202,20250107,1
24002ILA_0203,20250107,1
24002ILA_0204,20250107,1
24002ILA_0205,20250107,1
24002ILA_0206,20250107,1
24002ILA_0207,20250107,1
24002ILA_0211,20250107,1
24002ILA_0201,20250108,1
24002ILA_0202,20250108,1
24002ILA_0203,20250108,1
24002ILA_0204,20250108,1
24002ILA_0205,20250108,1
24002ILA_0206,20250108,1
24002ILA_0207,20250108,1
24002ILA_0211,20250108,1
24002ILA_0201,20250109,1
24002ILA_0202,20250109,1
24002ILA_0203,20250109,1
24002ILA_0204,20250109,1
24002ILA_0205,20250109,1
24002ILA_0206,20250109,1
24002ILA_0207,20250109,1
24002ILA_0211,20250109,1
24002ILA_0201,20250110,1
24002ILA_0202,20250110,1
24002ILA_0203,20250110,1
24002ILA_0204,20250110,1
24002ILA_0205,20250110,1
24002ILA_0206,20250110,1
24002ILA_0207,20250110,1
24002ILA_0211,20250110,1
24002ILA_0201,20250113,1
24002ILA_0202,20250113,1
24002ILA_0203,20250113,1
24002ILA_0204,20250113,1
24002ILA_0205,20250113,1
24002ILA_0206,20250113,1
24002ILA_0207,20250113,1
24002ILA_0211,20250113,1
24002ILA_0201,20250114,1
24002ILA_0202,20250114,1
24002ILA_0203,20250114,1
24002ILA_0204,20250114,1
24002ILA_0205,20250114,1
24002ILA_0206,20250114,1
24002ILA_0207,20250114,1
24002ILA_0211,20250114,1
24002ILA_0201,20250115,1
24002ILA_0202,20250115,1
24002ILA_0203,20250115,1
24002ILA_0204,20250115,1
24002ILA_0205,20250115,1
24002ILA_0206,20250115,1
24002ILA_0207,20250115,1
24002ILA_0211,20250115,1
24002ILA_0201,20250116,1
24002ILA_0202,20250116,1
24002ILA_0203,20250116,1
24002ILA_0204,20250116,1
24002ILA_0205,20250116,1
24002ILA_0206,20250116,1
24002ILA_0207,20250116,1
24002ILA_0211,20250116,1
24002ILA_0201,20250117,1
24002ILA_0202,20250117,1
24002ILA_0203,20250117,1
24002ILA_0204,20250117,1
24002ILA_0205,20250117,1
24002ILA_0206,20250117,1
24002ILA_0207,20250117,1
24002ILA_0211,20250117,1
24002ILA_0201,20250120,1
24002ILA_0202,20250120,1
24002ILA_0203,20250120,1
24002ILA_0204,20250120,1
24002ILA_0205,20250120,1
24002ILA_0206,20250120,1
24002ILA_0207,20250120,1
24002ILA_0211,20250120,1
24002ILA_0201,20250121,1
24002ILA_0202,20250121,1
24002ILA_0203,20250121,1
24002ILA_0204,20250121,1
24002ILA_0205,20250121,1
24002ILA_0206,20250121,1
24002ILA_0207,20250121,1
24002ILA_0211,20250121,1
24002ILA_0201,20250122,1
24002ILA_0202,20250122,1
24002ILA_0203,20250122,1
24002ILA_0204,20250122,1
24002ILA_0205,20250122,1
24002ILA_0206,20250122,1
24002ILA_0207,20250122,1
24002ILA_0211,20250122,1
24002ILA_0201,20250123,1
24002ILA_0202,20250123,1
24002ILA_0203,20250123,1
24002ILA_0204,20250123,1
24002ILA_0205,20250123,1
24002ILA_0206,20250123,1
24002ILA_0207,20250123,1
24002ILA_0211,20250123,1
24002ILA_0201,20250124,1
24002ILA_0202,20250124,1
24002ILA_0203,20250124,1
24002ILA_0204,20250124,1
24002ILA_0205,20250124,1
24002ILA_0206,20250124,1
24002ILA_0207,20250124,1
24002ILA_0211,20250124,1
24002ILA_0201,20250127,1
24002ILA_0202,20250127,1
24002ILA_0203,20250127,1
24002ILA_0204,20250127,1
24002ILA_0205,20250127,1
24002ILA_0206,20250127,1
24002ILA_0207,20250127,1
24002ILA_0211,20250127,1
24002ILA_0201,20250128,1
24002ILA_0202,20250128,1
24002ILA_0203,20250128,1
24002ILA_0204,20250128,1
24002ILA_0205,20250128,1
24002ILA_0206,20250128,1
24002ILA_0207,20250128,1
24002ILA_0211,20250128,1
24002ILA_0201,20250129,1
24002ILA_0202,20250129,1
24002ILA_0203,20250129,1
24002ILA_0204,20250129,1
24002ILA_0205,20250129,1
24002ILA_0206,20250129,1
24002ILA_0207,20250129,1
24002ILA_0211,20250129,1
24002ILA_0201,20250130,1
24002ILA_0202,20250130,1
24002ILA_0203,20250130,1
24002ILA_0204,20250130,1
24002ILA_0205,20250130,1
24002ILA_0206,20250130,1
24002ILA_0207,20250130,1
24002ILA_0211,20250130,1
24002ILA_0201,20250131,1
24002ILA_0202,20250131,1
24002ILA_0203,20250131,1
24002ILA_0204,20250131,1
24002ILA_0205,20250131,1
24002ILA_0206,20250131,1
24002ILA_0207,20250131,1
24002ILA_0211,20250131,1
24002ILA_0201,20250203,1
24002ILA_0202,20250203,1
24002ILA_0203,20250203,1
24002ILA_0204,20250203,1
24002ILA_0205,20250203,1
24002ILA_0206,20250203,1
24002ILA_0207,20250203,1
24002ILA_0211,20250203,1
24002ILA_0201,20250204,1
24002ILA_0202,20250204,1
24002ILA_0203,20250204,1
24002ILA_0204,20250204,1
24002ILA_0205,20250204,1
24002ILA_0206,20250204,1
24002ILA_0207,20250204,1
24002ILA_0211,20250204,1
24002ILA_0201,20250205,1
24002ILA_0202,20250205,1
24002ILA_0203,20250205,1
24002ILA_0204,20250205,1
24002ILA_0205,20250205,1
24002ILA_0206,20250205,1
24002ILA_0207,20250205,1
24002ILA_0211,20250205,1
24002ILA_0201,20250206,1
24002ILA_0202,20250206,1
24002ILA_0203,20250206,1
24002ILA_0204,20250206,1
24002ILA_0205,20250206,1
24002ILA_0206,20250206,1
24002ILA_0207,20250206,1
24002ILA_0211,20250206,1
24002ILA_0201,20250207,1
24002ILA_0202,20250207,1
24002ILA_0203,20250207,1
24002ILA_0204,20250207,1
24002ILA_0205,20250207,1
24002ILA_0206,20250207,1
24002ILA_0207,20250207,1
24002ILA_0211,20250207,1
24002ILA_0201,20250210,1
24002ILA_0202,20250210,1
24002ILA_0203,20250210,1
24002ILA_0204,20250210,1
24002ILA_0205,20250210,1
24002ILA_0206,20250210,1
24002ILA_0207,20250210,1
24002ILA_0211,20250210,1
24002ILA_0201,20250211,1
24002ILA_0202,20250211,1
24002ILA_0203,20250211,1
24002ILA_0204,20250211,1
24002ILA_0205,20250211,1
24002ILA_0206,20250211,1
24002ILA_0207,20250211,1
24002ILA_0211,20250211,1
24002ILA_0201,20250212,1
24002ILA_0202,20250212,1
24002ILA_0203,20250212,1
24002ILA_0204,20250212,1
24002ILA_0205,20250212,1
24002ILA_0206,20250212,1
24002ILA_0207,20250212,1
24002ILA_0211,20250212,1
24002ILA_0201,20250213,1
24002ILA_0202,20250213,1
24002ILA_0203,20250213,1
24002ILA_0204,20250213,1
24002ILA_0205,20250213,1
24002ILA_0206,20250213,1
24002ILA_0207,20250213,1
24002ILA_0211,20250213,1
24002ILA_0201,20250214,1
24002ILA_0202,20250214,1
24002ILA_0203,20250214,1
24002ILA_0204,20250214,1
24002ILA_0205,20250214,1
24002ILA_0206,20250214,1
24002ILA_0207,20250214,1
24002ILA_0211,20250214,1
24002ILA_0201,20250217,1
24002ILA_0202,20250217,1
24002ILA_0203,20250217,1
24002ILA_0204,20250217,1
24002ILA_0205,20250217,1
24002ILA_0206,20250217,1
24002ILA_0207,20250217,1
24002ILA_0211,20250217,1
24002ILA_0201,20250218,1
24002ILA_0202,20250218,1
24002ILA_0203,20250218,1
24002ILA_0204,20250218,1
24002ILA_0205,20250218,1
24002ILA_0206,20250218,1
24002ILA_0207,20250218,1
24002ILA_0211,20250218,1
24002ILA_0201,20250219,1
24002ILA_0202,20250219,1
24002ILA_0203,20250219,1
24002ILA_0204,20250219,1
24002ILA_0205,20250219,1
24002ILA_0206,20250219,1
24002ILA_0207,20250219,1
24002ILA_0211,20250219,1
24002ILA_0201,20250220,1
24002ILA_0202,20250220,1
24002ILA_0203,20250220,1
24002ILA_0204,20250220,1
24002ILA_0205,20250220,1
24002ILA_0206,20250220,1
24002ILA_0207,20250220,1
24002ILA_0211,20250220,1
24002ILA_0201,20250221,1
24002ILA_0202,20250221,1
24002ILA_0203,20250221,1
24002ILA_0204,20250221,1
24002ILA_0205,20250221,1
24002ILA_0206,20250221,1
24002ILA_0207,20250221,1
24002ILA_0211,20250221,1
24002ILA_0201,20250224,1
24002ILA_0202,20250224,1
24002ILA_0203,20250224,1
24002ILA_0204,20250224,1
24002ILA_0205,20250224,1
24002ILA_0206,20250224,1
24002ILA_0207,20250224,1
24002ILA_0211,20250224,1
24002ILA_0201,20250225,1
24002ILA_0202,20250225,1
24002ILA_0203,20250225,1
24002ILA_0204,20250225,1
24002ILA_0205,20250225,1
24002ILA_0206,20250225,1
24002ILA_0207,20250225,1
24002ILA_0211,20250225,1
24002ILA_0201,20250226,1
24002ILA_0202,20250226,1
24002ILA_0203,20250226,1
24002ILA_0204,20250226,1
24002ILA_0205,20250226,1
24002ILA_0206,20250226,1
24002ILA_0207,20250226,1
24002ILA_0211,20250226,1
24002ILA_0201,20250227,1
24002ILA_0202,20250227,1
24002ILA_0203,20250227,1
24002ILA_0204,20250227,1
24002ILA_0205,20250227,1
24002ILA_0206,20250227,1
24002ILA_0207,20250227,1
24002ILA_0211,20250227,1
24002ILA_0201,20250228,1
24002ILA_0202,20250228,1
24002ILA_0203,20250228,1
24002ILA_0204,20250228,1
24002ILA_0205,20250228,1
24002ILA_0206,20250228,1
24002ILA_0207,20250228,1
24002ILA_0211,20250228,1
24002ILA_0201,20250303,1
24002ILA_0202,20250303,1
24002ILA_0203,20250303,1
24002ILA_0204,20250303,1
24002ILA_0205,20250303,1
24002ILA_0206,20250303,1
24002ILA_0207,20250303,1
24002ILA_0211,20250303,1
24002ILA_0201,20250304,1
24002ILA_0202,20250304,1
24002ILA_0203,20250304,1
24002ILA_0204,20250304,1
24002ILA_0205,20250304,1
24002ILA_0206,20250304,1
24002ILA_0207,20250304,1
24002ILA_0211,20250304,1
24002ILA_0201,20250305,1
24002ILA_0202,20250305,1
24002ILA_0203,20250305,1
24002ILA_0204,20250305,1
24002ILA_0205,20250305,1
24002ILA_0206,20250305,1
24002ILA_0207,20250305,1
24002ILA_0211,20250305,1
24002ILA_0201,20250306,1
24002ILA_0202,20250306,1
24002ILA_0203,20250306,1
24002ILA_0204,20250306,1
24002ILA_0205,20250306,1
24002ILA_0206,20250306,1
24002ILA_0207,20250306,1
24002ILA_0211,20250306,1
24002ILA_0201,20250307,1
24002ILA_0202,20250307,1
24002ILA_0203,20250307,1
24002ILA_0204,20250307,1
24002ILA_0205,20250307,1
24002ILA_0206,20250307,1
24002ILA_0207,20250307,1
24002ILA_0211,20250307,1
24002ILA_0201,20250310,1
24002ILA_0202,20250310,1
24002ILA_0203,20250310,1
24002ILA_0204,20250310,1
24002ILA_0205,20250310,1
24002ILA_0206,20250310,1
24002ILA_0207,20250310,1
24002ILA_0211,20250310,1
24002ILA_0201,20250311,1
24002ILA_0202,20250311,1
24002ILA_0203,20250311,1
24002ILA_0204,20250311,1
24002ILA_0205,20250311,1
24002ILA_0206,20250311,1
24002ILA_0207,20250311,1
24002ILA_0211,20250311,1
24002ILA_0201,20250312,1
24002ILA_0202,20250312,1
24002ILA_0203,20250312,1
24002ILA_0204,20250312,1
24002ILA_0205,20250312,1
24002ILA_0206,20250312,1
24002ILA_0207,20250312,1
24002ILA_0211,20250312,1
24002ILA_0201,20250313,1
24002ILA_0202,20250313,1
24002ILA_0203,20250313,1
24002ILA_0204,20250313,1
24002ILA_0205,20250313,1
24002ILA_0206,20250313,1
24002ILA_0207,20250313,1
24002ILA_0211,20250313,1
24002ILA_0201,20250314,1
24002ILA_0202,20250314,1
24002ILA_0203,20250314,1
24002ILA_0204,20250314,1
24002ILA_0205,20250314,1
24002ILA_0206,20250314,1
24002ILA_0207,20250314,1
24002ILA_0211,20250314,1
24002ILA_0201,20250317,1
24002ILA_0202,20250317,1
24002ILA_0203,20250317,1
24002ILA_0204,20250317,1
24002ILA_0205,20250317,1
24002ILA_0206,20250317,1
24002ILA_0207,20250317,1
24002ILA_0211,20250317,1
24002ILA_0201,20250318,1
24002ILA_0202,20250318,1
24002ILA_0203,20250318,1
24002ILA_0204,20250318,1
24002ILA_0205,20250318,1
24002ILA_0206,20250318,1
24002ILA_0207,20250318,1
24002ILA_0211,20250318,1
24002ILA_0201,20250319,1
24002ILA_0202,20250319,1
24002ILA_0203,20250319,1
24002ILA_0204,20250319,1
24002ILA_0205,20250319,1
24002ILA_0206,20250319,1
24002ILA_0207,20250319,1
24002ILA_0211,20250319,1
24002ILA_0201,20250320,1
24002ILA_0202,20250320,1
24002ILA_0203,20250320,1
24002ILA_0204,20250320,1
24002ILA_0205,20250320,1
24002ILA_0206,20250320,1
24002ILA_0207,20250320,1
24002ILA_0211,20250320,1
24002ILA_0201,20250321,1
24002ILA_0202,20250321,1
24002ILA_0203,20250321,1
24002ILA_0204,20250321,1
24002ILA_0205,20250321,1
24002ILA_0206,20250321,1
24002ILA_0207,20250321,1
24002ILA_0211,20250321,1
24002ILA_0201,20250324,1
24002ILA_0202,20250324,1
24002ILA_0203,20250324,1
24002ILA_0204,20250324,1
24002ILA_0205,20250324,1
24002ILA_0206,20250324,1
24002ILA_0207,20250324,1
24002ILA_0211,20250324,1
24002ILA_0201,20250325,1
24002ILA_0202,20250325,1
24002ILA_0203,20250325,1
24002ILA_0204,20250325,1
24002ILA_0205,20250325,1
24002ILA_0206,20250325,1
24002ILA_0207,20250325,1
24002ILA_0211,20250325,1
24002ILA_0201,20250326,1
24002ILA_0202,20250326,1
24002ILA_0203,20250326,1
24002ILA_0204,20250326,1
24002ILA_0205,20250326,1
24002ILA_0206,20250326,1
24002ILA_0207,20250326,1
24002ILA_0211,20250326,1
24002ILA_0201,20250327,1
24002ILA_0202,20250327,1
24002ILA_0203,20250327,1
24002ILA_0204,20250327,1
24002ILA_0205,20250327,1
24002ILA_0206,20250327,1
24002ILA_0207,20250327,1
24002ILA_0211,20250327,1
24002ILA_0201,20250328,1
24002ILA_0202,20250328,1
24002ILA_0203,20250328,1
24002ILA_0204,20250328,1
24002ILA_0205,20250328,1
24002ILA_0206,20250328,1
24002ILA_0207,20250328,1
24002ILA_0211,20250328,1
24002ILA_0201,20250331,1
24002ILA_0202,20250331,1
24002ILA_0203,20250331,1
24002ILA_0204,20250331,1
24002ILA_0205,20250331,1
24002ILA_0206,20250331,1
24002ILA_0207,20250331,1
24002ILA_0211,20250331,1
24002ILA_0201,20250401,1
24002ILA_0202,20250401,1
24002ILA_0203,20250401,1
24002ILA_0204,20250401,1
24002ILA_0205,20250401,1
24002ILA_0206,20250401,1
24002ILA_0207,20250401,1
24002ILA_0211,20250401,1
24002ILA_0201,20250402,1
24002ILA_0202,20250402,1
24002ILA_0203,20250402,1
24002ILA_0204,20250402,1
24002ILA_0205,20250402,1
24002ILA_0206,20250402,1
24002ILA_0207,20250402,1
24002ILA_0211,20250402,1
24002ILA_0201,20250403,1
24002ILA_0202,20250403,1
24002ILA_0203,20250403,1
24002ILA_0204,20250403,1
24002ILA_0205,20250403,1
24002ILA_0206,20250403,1
24002ILA_0207,20250403,1
24002ILA_0211,20250403,1
24002ILA_0201,20250404,1
24002ILA_0202,20250404,1
24002ILA_0203,20250404,1
24002ILA_0204,20250404,1
24002ILA_0205,20250404,1
24002ILA_0206,20250404,1
24002ILA_0207,20250404,1
24002ILA_0211,20250404,1
24002ILA_0201,20250407,1
24002ILA_0202,20250407,1
24002ILA_0203,20250407,1
24002ILA_0204,20250407,1
24002ILA_0205,20250407,1
24002ILA_0206,20250407,1
24002ILA_0207,20250407,1
24002ILA_0211,20250407,1
24002ILA_0201,20250408,1
24002ILA_0202,20250408,1
24002ILA_0203,20250408,1
24002ILA_0204,20250408,1
24002ILA_0205,20250408,1
24002ILA_0206,20250408,1
24002ILA_0207,20250408,1
24002ILA_0211,20250408,1
24002ILA_0201,20250409,1
24002ILA_0202,20250409,1
24002ILA_0203,20250409,1
24002ILA_0204,20250409,1
24002ILA_0205,20250409,1
24002ILA_0206,20250409,1
24002ILA_0207,20250409,1
24002ILA_0211,20250409,1
24002ILA_0201,20250410,1
24002ILA_0202,20250410,1
24002ILA_0203,20250410,1
24002ILA_0204,20250410,1
24002ILA_0205,20250410,1
24002ILA_0206,20250410,1
24002ILA_0207,20250410,1
24002ILA_0211,20250410,1
24002ILA_0201,20250411,1
24002ILA_0202,20250411,1
24002ILA_0203,20250411,1
24002ILA_0204,20250411,1
24002ILA_0205,20250411,1
24002ILA_0206,20250411,1
24002ILA_0207,20250411,1
24002ILA_0211,20250411,1
24002ILA_0201,20250414,1
24002ILA_0202,20250414,1
24002ILA_0203,20250414,1
24002ILA_0204,20250414,1
24002ILA_0205,20250414,1
24002ILA_0206,20250414,1
24002ILA_0207,20250414,1
24002ILA_0211,20250414,1
24002ILA_0201,20250415,1
24002ILA_0202,20250415,1
24002ILA_0203,20250415,1
24002ILA_0204,20250415,1
24002ILA_0205,20250415,1
24002ILA_0206,20250415,1
24002ILA_0207,20250415,1
24002ILA_0211,20250415,1
24002ILA_0201,20250416,1
24002ILA_0202,20250416,1
24002ILA_0203,20250416,1
24002ILA_0204,20250416,1
24002ILA_0205,20250416,1
24002ILA_0206,20250416,1
24002ILA_0207,20250416,1
24002ILA_0211,20250416,1
24002ILA_0201,20250421,1
24002ILA_0202,20250421,1
24002ILA_0203,20250421,1
24002ILA_0204,20250421,1
24002ILA_0205,20250421,1
24002ILA_0206,20250421,1
24002ILA_0207,20250421,1
24002ILA_0211,20250421,1
24002ILA_0201,20250422,1
24002ILA_0202,20250422,1
24002ILA_0203,20250422,1
24002ILA_0204,20250422,1
24002ILA_0205,20250422,1
24002ILA_0206,20250422,1
24002ILA_0207,20250422,1
24002ILA_0211,20250422,1
24002ILA_0201,20250423,1
24002ILA_0202,20250423,1
24002ILA_0203,20250423,1
24002ILA_0204,20250423,1
24002ILA_0205,20250423,1
24002ILA_0206,20250423,1
24002ILA_0207,20250423,1
24002ILA_0211,20250423,1
24002ILA_0201,20250424,1
24002ILA_0202,20250424,1
24002ILA_0203,20250424,1
24002ILA_0204,20250424,1
24002ILA_0205,20250424,1
24002ILA_0206,20250424,1
24002ILA_0207,20250424,1
24002ILA_0211,20250424,1
24002ILA_0201,20250425,1
24002ILA_0202,20250425,1
24002ILA_0203,20250425,1
24002ILA_0204,20250425,1
24002ILA_0205,20250425,1
24002ILA_0206,20250425,1
24002ILA_0207,20250425,1
24002ILA_0211,20250425,1
24002ILA_0201,20250428,1
24002ILA_0202,20250428,1
24002ILA_0203,20250428,1
24002ILA_0204,20250428,1
24002ILA_0205,20250428,1
24002ILA_0206,20250428,1
24002ILA_0207,20250428,1
24002ILA_0211,20250428,1
24002ILA_0201,20250429,1
24002ILA_0202,20250429,1
24002ILA_0203,20250429,1
24002ILA_0204,20250429,1
24002ILA_0205,20250429,1
24002ILA_0206,20250429,1
24002ILA_0207,20250429,1
24002ILA_0211,20250429,1
24002ILA_0201,20250430,1
24002ILA_0202,20250430,1
24002ILA_0203,20250430,1
24002ILA_0204,20250430,1
24002ILA_0205,20250430,1
24002ILA_0206,20250430,1
24002ILA_0207,20250430,1
24002ILA_0211,20250430,1
24002ILA_0201,20250502,1
24002ILA_0202,20250502,1
24002ILA_0203,20250502,1
24002ILA_0204,20250502,1
24002ILA_0205,20250502,1
24002ILA_0206,20250502,1
24002ILA_0207,20250502,1
24002ILA_0211,20250502,1
24002ILA_0201,20250505,1
24002ILA_0202,20250505,1
24002ILA_0203,20250505,1
24002ILA_0204,20250505,1
24002ILA_0205,20250505,1
24002ILA_0206,20250505,1
24002ILA_0207,20250505,1
24002ILA_0211,20250505,1
24002ILA_0201,20250506,1
24002ILA_0202,20250506,1
24002ILA_0203,20250506,1
24002ILA_0204,20250506,1
24002ILA_0205,20250506,1
24002ILA_0206,20250506,1
24002ILA_0207,20250506,1
24002ILA_0211,20250506,1
24002ILA_0201,20250507,1
24002ILA_0202,20250507,1
24002ILA_0203,20250507,1
24002ILA_0204,20250507,1
24002ILA_0205,20250507,1
24002ILA_0206,20250507,1
24002ILA_0207,20250507,1
24002ILA_0211,20250507,1
24002ILA_0201,20250508,1
24002ILA_0202,20250508,1
24002ILA_0203,20250508,1
24002ILA_0204,20250508,1
24002ILA_0205,20250508,1
24002ILA_0206,20250508,1
24002ILA_0207,20250508,1
24002ILA_0211,20250508,1
24002ILA_0201,20250509,1
24002ILA_0202,20250509,1
24002ILA_0203,20250509,1
24002ILA_0204,20250509,1
24002ILA_0205,20250509,1
24002ILA_0206,20250509,1
24002ILA_0207,20250509,1
24002ILA_0211,20250509,1
24002ILA_0201,20250512,1
24002ILA_0202,20250512,1
24002ILA_0203,20250512,1
24002ILA_0204,20250512,1
24002ILA_0205,20250512,1
24002ILA_0206,20250512,1
24002ILA_0207,20250512,1
24002ILA_0211,20250512,1
24002ILA_0201,20250513,1
24002ILA_0202,20250513,1
24002ILA_0203,20250513,1
24002ILA_0204,20250513,1
24002ILA_0205,20250513,1
24002ILA_0206,20250513,1
24002ILA_0207,20250513,1
24002ILA_0211,20250513,1
24002ILA_0201,20250514,1
24002ILA_0202,20250514,1
24002ILA_0203,20250514,1
24002ILA_0204,20250514,1
24002ILA_0205,20250514,1
24002ILA_0206,20250514,1
24002ILA_0207,20250514,1
24002ILA_0211,20250514,1
24002ILA_0201,20250515,1
24002ILA_0202,20250515,1
24002ILA_0203,20250515,1
24002ILA_0204,20250515,1
24002ILA_0205,20250515,1
24002ILA_0206,20250515,1
24002ILA_0207,20250515,1
24002ILA_0211,20250515,1
24002ILA_0201,20250516,1
24002ILA_0202,20250516,1
24002ILA_0203,20250516,1
24002ILA_0204,20250516,1
24002ILA_0205,20250516,1
24002ILA_0206,20250516,1
24002ILA_0207,20250516,1
24002ILA_0211,20250516,1
24002ILA_0201,20250519,1
24002ILA_0202,20250519,1
24002ILA_0203,20250519,1
24002ILA_0204,20250519,1
24002ILA_0205,20250519,1
24002ILA_0206,20250519,1
24002ILA_0207,20250519,1
24002ILA_0211,20250519,1
24002ILA_0201,20250520,1
24002ILA_0202,20250520,1
24002ILA_0203,20250520,1
24002ILA_0204,20250520,1
24002ILA_0205,20250520,1
24002ILA_0206,20250520,1
24002ILA_0207,20250520,1
24002ILA_0211,20250520,1
24002ILA_0201,20250521,1
24002ILA_0202,20250521,1
24002ILA_0203,20250521,1
24002ILA_0204,20250521,1
24002ILA_0205,20250521,1
24002ILA_0206,20250521,1
24002ILA_0207,20250521,1
24002ILA_0211,20250521,1
24002ILA_0201,20250522,1
24002ILA_0202,20250522,1
24002ILA_0203,20250522,1
24002ILA_0204,20250522,1
24002ILA_0205,20250522,1
24002ILA_0206,20250522,1
24002ILA_0207,20250522,1
24002ILA_0211,20250522,1
24002ILA_0201,20250523,1
24002ILA_0202,20250523,1
24002ILA_0203,20250523,1
24002ILA_0204,20250523,1
24002ILA_0205,20250523,1
24002ILA_0206,20250523,1
24002ILA_0207,20250523,1
24002ILA_0211,20250523,1
24002ILA_0201,20250526,1
24002ILA_0202,20250526,1
24002ILA_0203,20250526,1
24002ILA_0204,20250526,1
24002ILA_0205,20250526,1
24002ILA_0206,20250526,1
24002ILA_0207,20250526,1
24002ILA_0211,20250526,1
24002ILA_0201,20250527,1
24002ILA_0202,20250527,1
24002ILA_0203,20250527,1
24002ILA_0204,20250527,1
24002ILA_0205,20250527,1
24002ILA_0206,20250527,1
24002ILA_0207,20250527,1
24002ILA_0211,20250527,1
24002ILA_0201,20250528,1
24002ILA_0202,20250528,1
24002ILA_0203,20250528,1
24002ILA_0204,20250528,1
24002ILA_0205,20250528,1
24002ILA_0206,20250528,1
24002ILA_0207,20250528,1
24002ILA_0211,20250528,1
24002ILA_0201,20250529,1
24002ILA_0202,20250529,1
24002ILA_0203,20250529,1
24002ILA_0204,20250529,1
24002ILA_0205,20250529,1
24002ILA_0206,20250529,1
24002ILA_0207,20250529,1
24002ILA_0211,20250529,1
24002ILA_0201,20250530,1
24002ILA_0202,20250530,1
24002ILA_0203,20250530,1
24002ILA_0204,20250530,1
24002ILA_0205,20250530,1
24002ILA_0206,20250530,1
24002ILA_0207,20250530,1
24002ILA_0211,20250530,1
24002ILA_0201,20250602,1
24002ILA_0202,20250602,1
24002ILA_0203,20250602,1
24002ILA_0204,20250602,1
24002ILA_0205,20250602,1
24002ILA_0206,20250602,1
24002ILA_0207,20250602,1
24002ILA_0211,20250602,1
24002ILA_0201,20250603,1
24002ILA_0202,20250603,1
24002ILA_0203,20250603,1
24002ILA_0204,20250603,1
24002ILA_0205,20250603,1
24002ILA_0206,20250603,1
24002ILA_0207,20250603,1
24002ILA_0211,20250603,1
24002ILA_0201,20250604,1
24002ILA_0202,20250604,1
24002ILA_0203,20250604,1
24002ILA_0204,20250604,1
24002ILA_0205,20250604,1
24002ILA_0206,20250604,1
24002ILA_0207,20250604,1
24002ILA_0211,20250604,1
24002ILA_0201,20250605,1
24002ILA_0202,20250605,1
24002ILA_0203,20250605,1
24002ILA_0204,20250605,1
24002ILA_0205,20250605,1
24002ILA_0206,20250605,1
24002ILA_0207,20250605,1
24002ILA_0211,20250605,1
24002ILA_0201,20250606,1
24002ILA_0202,20250606,1
24002ILA_0203,20250606,1
24002ILA_0204,20250606,1
24002ILA_0205,20250606,1
24002ILA_0206,20250606,1
24002ILA_0207,20250606,1
24002ILA_0211,20250606,1
24002ILA_0201,20250610,1
24002ILA_0202,20250610,1
24002ILA_0203,20250610,1
24002ILA_0204,20250610,1
24002ILA_0205,20250610,1
24002ILA_0206,20250610,1
24002ILA_0207,20250610,1
24002ILA_0211,20250610,1
24002ILA_0201,20250611,1
24002ILA_0202,20250611,1
24002ILA_0203,20250611,1
24002ILA_0204,20250611,1
24002ILA_0205,20250611,1
24002ILA_0206,20250611,1
24002ILA_0207,20250611,1
24002ILA_0211,20250611,1
24002ILA_0201,20250612,1
24002ILA_0202,20250612,1
24002ILA_0203,20250612,1
24002ILA_0204,20250612,1
24002ILA_0205,20250612,1
24002ILA_0206,20250612,1
24002ILA_0207,20250612,1
24002ILA_0211,20250612,1
24002ILA_0201,20250613,1
24002ILA_0202,20250613,1
24002ILA_0203,20250613,1
24002ILA_0204,20250613,1
24002ILA_0205,20250613,1
24002ILA_0206,20250613,1
24002ILA_0207,20250613,1
24002ILA_0211,20250613,1
24002ILA_0201,20250616,1
24002ILA_0202,20250616,1
24002ILA_0203,20250616,1
24002ILA_0204,20250616,1
24002ILA_0205,20250616,1
24002ILA_0206,20250616,1
24002ILA_0207,20250616,1
24002ILA_0211,20250616,1
24002ILA_0201,20250617,1
24002ILA_0202,20250617,1
24002ILA_0203,20250617,1
24002ILA_0204,20250617,1
24002ILA_0205,20250617,1
24002ILA_0206,20250617,1
24002ILA_0207,20250617,1
24002ILA_0211,20250617,1
24002ILA_0201,20250618,1
24002ILA_0202,20250618,1
24002ILA_0203,20250618,1
24002ILA_0204,20250618,1
24002ILA_0205,20250618,1
24002ILA_0206,20250618,1
24002ILA_0207,20250618,1
24002ILA_0211,20250618,1
24002ILA_0201,20250619,1
24002ILA_0202,20250619,1
24002ILA_0203,20250619,1
24002ILA_0204,20250619,1
24002ILA_0205,20250619,1
24002ILA_0206,20250619,1
24002ILA_0207,20250619,1
24002ILA_0211,20250619,1
24002ILA_0201,20250620,1
24002ILA_0202,20250620,1
24002ILA_0203,20250620,1
24002ILA_0204,20250620,1
24002ILA_0205,20250620,1
24002ILA_0206,20250620,1
24002ILA_0207,20250620,1
24002ILA_0211,20250620,1
24002ILA_0201,20250623,1
24002ILA_0202,20250623,1
24002ILA_0203,20250623,1
24002ILA_0204,20250623,1
24002ILA_0205,20250623,1
24002ILA_0206,20250623,1
24002ILA_0207,20250623,1
24002ILA_0211,20250623,1
24002ILA_0201,20250624,1
24002ILA_0202,20250624,1
24002ILA_0203,20250624,1
24002ILA_0204,20250624,1
24002ILA_0205,20250624,1
24002ILA_0206,20250624,1
24002ILA_0207,20250624,1
24002ILA_0211,20250624,1
24002ILA_0201,20250625,1
24002ILA_0202,20250625,1
24002ILA_0203,20250625,1
24002ILA_0204,20250625,1
24002ILA_0205,20250625,1
24002ILA_0206,20250625,1
24002ILA_0207,20250625,1
24002ILA_0211,20250625,1
24002ILA_0201,20250626,1
24002ILA_0202,20250626,1
24002ILA_0203,20250626,1
24002ILA_0204,20250626,1
24002ILA_0205,20250626,1
24002ILA_0206,20250626,1
24002ILA_0207,20250626,1
24002ILA_0211,20250626,1
24002ILA_0201,20250627,1
24002ILA_0202,20250627,1
24002ILA_0203,20250627,1
24002ILA_0204,20250627,1
24002ILA_0205,20250627,1
24002ILA_0206,20250627,1
24002ILA_0207,20250627,1
24002ILA_0211,20250627,1
24002ILA_0201,20250630,1
24002ILA_0202,20250630,1
24002ILA_0203,20250630,1
24002ILA_0204,20250630,1
24002ILA_0205,20250630,1
24002ILA_0206,20250630,1
24002ILA_0207,20250630,1
24002ILA_0211,20250630,1
24002ISA_0201,20240907,1
24002ISA_0202,20240907,1
24002ISA_0203,20240907,1
24002ISA_0204,20240907,1
24002ISA_0211,20240907,1
24002ISA_0212,20240907,1
24002ISA_0215,20240907,1
24002ISA_0201,20240914,1
24002ISA_0202,20240914,1
24002ISA_0203,20240914,1
24002ISA_0204,20240914,1
24002ISA_0211,20240914,1
24002ISA_0212,20240914,1
24002ISA_0215,20240914,1
24002ISA_0201,20240921,1
24002ISA_0202,20240921,1
24002ISA_0203,20240921,1
24002ISA_0204,20240921,1
24002ISA_0211,20240921,1
24002ISA_0212,20240921,1
24002ISA_0215,20240921,1
24002ISA_0201,20240928,1
24002ISA_0202,20240928,1
24002ISA_0203,20240928,1
24002ISA_0204,20240928,1
24002ISA_0211,20240928,1
24002ISA_0212,20240928,1
24002ISA_0215,20240928,1
24002ISA_0201,20241005,1
24002ISA_0202,20241005,1
24002ISA_0203,20241005,1
24002ISA_0204,20241005,1
24002ISA_0211,20241005,1
24002ISA_0212,20241005,1
24002ISA_0215,20241005,1
24002ISA_0201,20241019,1
24002ISA_0202,20241019,1
24002ISA_0203,20241019,1
24002ISA_0204,20241019,1
24002ISA_0211,20241019,1
24002ISA_0212,20241019,1
24002ISA_0215,20241019,1
24002ISA_0201,20241026,1
24002ISA_0202,20241026,1
24002ISA_0203,20241026,1
24002ISA_0204,20241026,1
24002ISA_0211,20241026,1
24002ISA_0212,20241026,1
24002ISA_0215,20241026,1
24002ISA_0201,20241102,1
24002ISA_0202,20241102,1
24002ISA_0203,20241102,1
24002ISA_0204,20241102,1
24002ISA_0211,20241102,1
24002ISA_0212,20241102,1
24002ISA_0215,20241102,1
24002ISA_0201,20241109,1
24002ISA_0202,20241109,1
24002ISA_0203,20241109,1
24002ISA_0204,20241109,1
24002ISA_0211,20241109,1
24002ISA_0212,20241109,1
24002ISA_0215,20241109,1
24002ISA_0201,20241116,1
24002ISA_0202,20241116,1
24002ISA_0203,20241116,1
24002ISA_0204,20241116,1
24002ISA_0211,20241116,1
24002ISA_0212,20241116,1
24002ISA_0215,20241116,1
24002ISA_0201,20241123,1
24002ISA_0202,20241123,1
24002ISA_0203,20241123,1
24002ISA_0204,20241123,1
24002ISA_0211,20241123,1
24002ISA_0212,20241123,1
24002ISA_0215,20241123,1
24002ISA_0201,20241130,1
24002ISA_0202,20241130,1
24002ISA_0203,20241130,1
24002ISA_0204,20241130,1
24002ISA_0211,20241130,1
24002ISA_0212,20241130,1
24002ISA_0215,20241130,1
24002ISA_0201,20241207,1
24002ISA_0202,20241207,1
24002ISA_0203,20241207,1
24002ISA_0204,20241207,1
24002ISA_0211,20241207,1
24002ISA_0212,20241207,1
24002ISA_0215,20241207,1
24002ISA_0201,20241214,1
24002ISA_0202,20241214,1
24002ISA_0203,20241214,1
24002ISA_0204,20241214,1
24002ISA_0211,20241214,1
24002ISA_0212,20241214,1
24002ISA_0215,20241214,1
24002ISA_0201,20241221,1
24002ISA_0202,20241221,1
24002ISA_0203,20241221,1
24002ISA_0204,20241221,1
24002ISA_0211,20241221,1
24002ISA_0212,20241221,1
24002ISA_0215,20241221,1
24002ISA_0201,20241228,1
24002ISA_0202,20241228,1
24002ISA_0203,20241228,1
24002ISA_0204,20241228,1
24002ISA_0211,20241228,1
24002ISA_0212,20241228,1
24002ISA_0215,20241228,1
24002ISA_0201,20250104,1
24002ISA_0202,20250104,1
24002ISA_0203,20250104,1
24002ISA_0204,20250104,1
24002ISA_0211,20250104,1
24002ISA_0212,20250104,1
24002ISA_0215,20250104,1
24002ISA_0201,20250111,1
24002ISA_0202,20250111,1
24002ISA_0203,20250111,1
24002ISA_0204,20250111,1
24002ISA_0211,20250111,1
24002ISA_0212,20250111,1
24002ISA_0215,20250111,1
24002ISA_0201,20250118,1
24002ISA_0202,20250118,1
24002ISA_0203,20250118,1
24002ISA_0204,20250118,1
24002ISA_0211,20250118,1
24002ISA_0212,20250118,1
24002ISA_0215,20250118,1
24002ISA_0201,20250125,1
24002ISA_0202,20250125,1
24002ISA_0203,20250125,1
24002ISA_0204,20250125,1
24002ISA_0211,20250125,1
24002ISA_0212,20250125,1
24002ISA_0215,20250125,1
24002ISA_0201,20250201,1
24002ISA_0202,20250201,1
24002ISA_0203,20250201,1
24002ISA_0204,20250201,1
24002ISA_0211,20250201,1
24002ISA_0212,20250201,1
24002ISA_0215,20250201,1
24002ISA_0201,20250208,1
24002ISA_0202,20250208,1
24002ISA_0203,20250208,1
24002ISA_0204,20250208,1
24002ISA_0211,20250208,1
24002ISA_0212,20250208,1
24002ISA_0215,20250208,1
24002ISA_0201,20250215,1
24002ISA_0202,20250215,1
24002ISA_0203,20250215,1
24002ISA_0204,20250215,1
24002ISA_0211,20250215,1
24002ISA_0212,20250215,1
24002ISA_0215,20250215,1
24002ISA_0201,20250222,1
24002ISA_0202,20250222,1
24002ISA_0203,20250222,1
24002ISA_0204,20250222,1
24002ISA_0211,20250222,1
24002ISA_0212,20250222,1
24002ISA_0215,20250222,1
24002ISA_0201,20250301,1
24002ISA_0202,20250301,1
24002ISA_0203,20250301,1
24002ISA_0204,20250301,1
24002ISA_0211,20250301,1
24002ISA_0212,20250301,1
24002ISA_0215,20250301,1
24002ISA_0201,20250308,1
24002ISA_0202,20250308,1
24002ISA_0203,20250308,1
24002ISA_0204,20250308,1
24002ISA_0211,20250308,1
24002ISA_0212,20250308,1
24002ISA_0215,20250308,1
24002ISA_0201,20250315,1
24002ISA_0202,20250315,1
24002ISA_0203,20250315,1
24002ISA_0204,20250315,1
24002ISA_0211,20250315,1
24002ISA_0212,20250315,1
24002ISA_0215,20250315,1
24002ISA_0201,20250322,1
24002ISA_0202,20250322,1
24002ISA_0203,20250322,1
24002ISA_0204,20250322,1
24002ISA_0211,20250322,1
24002ISA_0212,20250322,1
24002ISA_0215,20250322,1
24002ISA_0201,20250329,1
24002ISA_0202,20250329,1
24002ISA_0203,20250329,1
24002ISA_0204,20250329,1
24002ISA_0211,20250329,1
24002ISA_0212,20250329,1
24002ISA_0215,20250329,1
24002ISA_0201,20250405,1
24002ISA_0202,20250405,1
24002ISA_0203,20250405,1
24002ISA_0204,20250405,1
24002ISA_0211,20250405,1
24002ISA_0212,20250405,1
24002ISA_0215,20250405,1
24002ISA_0201,20250412,1
24002ISA_0202,20250412,1
24002ISA_0203,20250412,1
24002ISA_0204,20250412,1
24002ISA_0211,20250412,1
24002ISA_0212,20250412,1
24002ISA_0215,20250412,1
24002ISA_0201,20250419,1
24002ISA_0202,20250419,1
24002ISA_0203,20250419,1
24002ISA_0204,20250419,1
24002ISA_0211,20250419,1
24002ISA_0212,20250419,1
24002ISA_0215,20250419,1
24002ISA_0201,20250426,1
24002ISA_0202,20250426,1
24002ISA_0203,20250426,1
24002ISA_0204,20250426,1
24002ISA_0211,20250426,1
24002ISA_0212,20250426,1
24002ISA_0215,20250426,1
24002ISA_0201,20250503,1
24002ISA_0202,20250503,1
24002ISA_0203,20250503,1
24002ISA_0204,20250503,1
24002ISA_0211,20250503,1
24002ISA_0212,20250503,1
24002ISA_0215,20250503,1
24002ISA_0201,20250510,1
24002ISA_0202,20250510,1
24002ISA_0203,20250510,1
24002ISA_0204,20250510,1
24002ISA_0211,20250510,1
24002ISA_0212,20250510,1
24002ISA_0215,20250510,1
24002ISA_0201,20250517,1
24002ISA_0202,20250517,1
24002ISA_0203,20250517,1
24002ISA_0204,20250517,1
24002ISA_0211,20250517,1
24002ISA_0212,20250517,1
24002ISA_0215,20250517,1
24002ISA_0201,20250524,1
24002ISA_0202,20250524,1
24002ISA_0203,20250524,1
24002ISA_0204,20250524,1
24002ISA_0211,20250524,1
24002ISA_0212,20250524,1
24002ISA_0215,20250524,1
24002ISA_0201,20250531,1
24002ISA_0202,20250531,1
24002ISA_0203,20250531,1
24002ISA_0204,20250531,1
24002ISA_0211,20250531,1
24002ISA_0212,20250531,1
24002ISA_0215,20250531,1
24002ISA_0201,20250607,1
24002ISA_0202,20250607,1
24002ISA_0203,20250607,1
24002ISA_0204,20250607,1
24002ISA_0211,20250607,1
24002ISA_0212,20250607,1
24002ISA_0215,20250607,1
24002ISA_0201,20250614,1
24002ISA_0202,20250614,1
24002ISA_0203,20250614,1
24002ISA_0204,20250614,1
24002ISA_0211,20250614,1
24002ISA_0212,20250614,1
24002ISA_0215,20250614,1
24002ISA_0201,20250621,1
24002ISA_0202,20250621,1
24002ISA_0203,20250621,1
24002ISA_0204,20250621,1
24002ISA_0211,20250621,1
24002ISA_0212,20250621,1
24002ISA_0215,20250621,1
24002ISA_0201,20250628,1
24002ISA_0202,20250628,1
24002ISA_0203,20250628,1
24002ISA_0204,20250628,1
24002ISA_0211,20250628,1
24002ISA_0212,20250628,1
24002ISA_0215,20250628,1
24003IFA_0301,20240908,1
24003IFA_0302,20240908,1
24003IFA_0303,20240908,1
24003IFA_0301,20240915,1
24003IFA_0302,20240915,1
24003IFA_0303,20240915,1
24003IFA_0301,20240922,1
24003IFA_0302,20240922,1
24003IFA_0303,20240922,1
24003IFA_0301,20240929,1
24003IFA_0302,20240929,1
24003IFA_0303,20240929,1
24003IFA_0301,20241006,1
24003IFA_0302,20241006,1
24003IFA_0303,20241006,1
24003IFA_0301,20241012,1
24003IFA_0302,20241012,1
24003IFA_0303,20241012,1
24003IFA_0301,20241013,1
24003IFA_0302,20241013,1
24003IFA_0303,20241013,1
24003IFA_0301,20241020,1
24003IFA_0302,20241020,1
24003IFA_0303,20241020,1
24003IFA_0301,20241027,1
24003IFA_0302,20241027,1
24003IFA_0303,20241027,1
24003IFA_0301,20241101,1
24003IFA_0302,20241101,1
24003IFA_0303,20241101,1
24003IFA_0301,20241103,1
24003IFA_0302,20241103,1
24003IFA_0303,20241103,1
24003IFA_0301,20241110,1
24003IFA_0302,20241110,1
24003IFA_0303,20241110,1
24003IFA_0301,20241117,1
24003IFA_0302,20241117,1
24003IFA_0303,20241117,1
24003IFA_0301,20241124,1
24003IFA_0302,20241124,1
24003IFA_0303,20241124,1
24003IFA_0301,20241201,1
24003IFA_0302,20241201,1
24003IFA_0303,20241201,1
24003IFA_0301,20241206,1
24003IFA_0302,20241206,1
24003IFA_0303,20241206,1
24003IFA_0301,20241208,1
24003IFA_0302,20241208,1
24003IFA_0303,20241208,1
24003IFA_0301,20241215,1
24003IFA_0302,20241215,1
24003IFA_0303,20241215,1
24003IFA_0301,20241222,1
24003IFA_0302,20241222,1
24003IFA_0303,20241222,1
24003IFA_0301,20241225,1
24003IFA_0302,20241225,1
24003IFA_0303,20241225,1
24003IFA_0301,20241229,1
24003IFA_0302,20241229,1
24003IFA_0303,20241229,1
24003IFA_0301,20250101,1
24003IFA_0302,20250101,1
24003IFA_0303,20250101,1
24003IFA_0301,20250105,1
24003IFA_0302,20250105,1
24003IFA_0303,20250105,1
24003IFA_0301,20250106,1
24003IFA_0302,20250106,1
24003IFA_0303,20250106,1
24003IFA_0301,20250112,1
24003IFA_0302,20250112,1
24003IFA_0303,20250112,1
24003IFA_0301,20250119,1
24003IFA_0302,20250119,1
24003IFA_0303,20250119,1
24003IFA_0301,20250126,1
24003IFA_0302,20250126,1
24003IFA_0303,20250126,1
24003IFA_0301,20250202,1
24003IFA_0302,20250202,1
24003IFA_0303,20250202,1
24003IFA_0301,20250209,1
24003IFA_0302,20250209,1
24003IFA_0303,20250209,1
24003IFA_0301,20250216,1
24003IFA_0302,20250216,1
24003IFA_0303,20250216,1
24003IFA_0301,20250223,1
24003IFA_0302,20250223,1
24003IFA_0303,20250223,1
24003IFA_0301,20250302,1
24003IFA_0302,20250302,1
24003IFA_0303,20250302,1
24003IFA_0301,20250309,1
24003IFA_0302,20250309,1
24003IFA_0303,20250309,1
24003IFA_0301,20250316,1
24003IFA_0302,20250316,1
24003IFA_0303,20250316,1
24003IFA_0301,20250323,1
24003IFA_0302,20250323,1
24003IFA_0303,20250323,1
24003IFA_0301,20250330,1
24003IFA_0302,20250330,1
24003IFA_0303,20250330,1
24003IFA_0301,20250406,1
24003IFA_0302,20250406,1
24003IFA_0303,20250406,1
24003IFA_0301,20250413,1
24003IFA_0302,20250413,1
24003IFA_0303,20250413,1
24003IFA_0301,20250417,1
24003IFA_0302,20250417,1
24003IFA_0303,20250417,1
24003IFA_0301,20250418,1
24003IFA_0302,20250418,1
24003IFA_0303,20250418,1
24003IFA_0301,20250420,1
24003IFA_0302,20250420,1
24003IFA_0303,20250420,1
24003IFA_0301,20250427,1
24003IFA_0302,20250427,1
24003IFA_0303,20250427,1
24003IFA_0301,20250501,1
24003IFA_0302,20250501,1
24003IFA_0303,20250501,1
24003IFA_0301,20250504,1
24003IFA_0302,20250504,1
24003IFA_0303,20250504,1
24003IFA_0301,20250511,1
24003IFA_0302,20250511,1
24003IFA_0303,20250511,1
24003IFA_0301,20250518,1
24003IFA_0302,20250518,1
24003IFA_0303,20250518,1
24003IFA_0301,20250525,1
24003IFA_0302,20250525,1
24003IFA_0303,20250525,1
24003IFA_0301,20250601,1
24003IFA_0302,20250601,1
24003IFA_0303,20250601,1
24003IFA_0301,20250608,1
24003IFA_0302,20250608,1
24003IFA_0303,20250608,1
24003IFA_0301,20250609,1
24003IFA_0302,20250609,1
24003IFA_0303,20250609,1
24003IFA_0301,20250615,1
24003IFA_0302,20250615,1
24003IFA_0303,20250615,1
24003IFA_0301,20250622,1
24003IFA_0302,20250622,1
24003IFA_0303,20250622,1
24003IFA_0301,20250629,1
24003IFA_0302,20250629,1
24003IFA_0303,20250629,1
24003ILA_0301,20240903,1
24003ILA_0302,20240903,1
24003ILA_0303,20240903,1
24003ILA_0304,20240903,1
24003ILA_0301,20240904,1
24003ILA_0302,20240904,1
24003ILA_0303,20240904,1
24003ILA_0304,20240904,1
24003ILA_0301,20240905,1
24003ILA_0302,20240905,1
24003ILA_0303,20240905,1
24003ILA_0304,20240905,1
24003ILA_0301,20240906,1
24003ILA_0302,20240906,1
24003ILA_0303,20240906,1
24003ILA_0304,20240906,1
24003ILA_0301,20240909,1
24003ILA_0302,20240909,1
24003ILA_0303,20240909,1
24003ILA_0304,20240909,1
24003ILA_0301,20240910,1
24003ILA_0302,20240910,1
24003ILA_0303,20240910,1
24003ILA_0304,20240910,1
24003ILA_0301,20240911,1
24003ILA_0302,20240911,1
24003ILA_0303,20240911,1
24003ILA_0304,20240911,1
24003ILA_0301,20240912,1
24003ILA_0302,20240912,1
24003ILA_0303,20240912,1
24003ILA_0304,20240912,1
24003ILA_0301,20240913,1
24003ILA_0302,20240913,1
24003ILA_0303,20240913,1
24003ILA_0304,20240913,1
24003ILA_0301,20240916,1
24003ILA_0302,20240916,1
24003ILA_0303,20240916,1
24003ILA_0304,20240916,1
24003ILA_0301,20240917,1
24003ILA_0302,20240917,1
24003ILA_0303,20240917,1
24003ILA_0304,20240917,1
24003ILA_0301,20240918,1
24003ILA_0302,20240918,1
24003ILA_0303,20240918,1
24003ILA_0304,20240918,1
24003ILA_0301,20240919,1
24003ILA_0302,20240919,1
24003ILA_0303,20240919,1
24003ILA_0304,20240919,1
24003ILA_0301,20240920,1
24003ILA_0302,20240920,1
24003ILA_0303,20240920,1
24003ILA_0304,20240920,1
24003ILA_0301,20240923,1
24003ILA_0302,20240923,1
24003ILA_0303,20240923,1
24003ILA_0304,20240923,1
24003ILA_0301,20240924,1
24003ILA_0302,20240924,1
24003ILA_0303,20240924,1
24003ILA_0304,20240924,1
24003ILA_0301,20240925,1
24003ILA_0302,20240925,1
24003ILA_0303,20240925,1
24003ILA_0304,20240925,1
24003ILA_0301,20240926,1
24003ILA_0302,20240926,1
24003ILA_0303,20240926,1
24003ILA_0304,20240926,1
24003ILA_0301,20240927,1
24003ILA_0302,20240927,1
24003ILA_0303,20240927,1
24003ILA_0304,20240927,1
24003ILA_0301,20240930,1
24003ILA_0302,20240930,1
24003ILA_0303,20240930,1
24003ILA_0304,20240930,1
24003ILA_0301,20241001,1
24003ILA_0302,20241001,1
24003ILA_0303,20241001,1
24003ILA_0304,20241001,1
24003ILA_0301,20241002,1
24003ILA_0302,20241002,1
24003ILA_0303,20241002,1
24003ILA_0304,20241002,1
24003ILA_0301,20241003,1
24003ILA_0302,20241003,1
24003ILA_0303,20241003,1
24003ILA_0304,20241003,1
24003ILA_0301,20241004,1
24003ILA_0302,20241004,1
24003ILA_0303,20241004,1
24003ILA_0304,20241004,1
24003ILA_0301,20241007,1
24003ILA_0302,20241007,1
24003ILA_0303,20241007,1
24003ILA_0304,20241007,1
24003ILA_0301,20241008,1
24003ILA_0302,20241008,1
24003ILA_0303,20241008,1
24003ILA_0304,20241008,1
24003ILA_0301,20241009,1
24003ILA_0302,20241009,1
24003ILA_0303,20241009,1
24003ILA_0304,20241009,1
24003ILA_0301,20241010,1
24003ILA_0302,20241010,1
24003ILA_0303,20241010,1
24003ILA_0304,20241010,1
24003ILA_0301,20241011,1
24003ILA_0302,20241011,1
24003ILA_0303,20241011,1
24003ILA_0304,20241011,1
24003ILA_0301,20241014,1
24003ILA_0302,20241014,1
24003ILA_0303,20241014,1
24003ILA_0304,20241014,1
24003ILA_0301,20241015,1
24003ILA_0302,20241015,1
24003ILA_0303,20241015,1
24003ILA_0304,20241015,1
24003ILA_0301,20241016,1
24003ILA_0302,20241016,1
24003ILA_0303,20241016,1
24003ILA_0304,20241016,1
24003ILA_0301,20241017,1
24003ILA_0302,20241017,1
24003ILA_0303,20241017,1
24003ILA_0304,20241017,1
24003ILA_0301,20241018,1
24003ILA_0302,20241018,1
24003ILA_0303,20241018,1
24003ILA_0304,20241018,1
24003ILA_0301,20241021,1
24003ILA_0302,20241021,1
24003ILA_0303,20241021,1
24003ILA_0304,20241021,1
24003ILA_0301,20241022,1
24003ILA_0302,20241022,1
24003ILA_0303,20241022,1
24003ILA_0304,20241022,1
24003ILA_0301,20241023,1
24003ILA_0302,20241023,1
24003ILA_0303,20241023,1
24003ILA_0304,20241023,1
24003ILA_0301,20241024,1
24003ILA_0302,20241024,1
24003ILA_0303,20241024,1
24003ILA_0304,20241024,1
24003ILA_0301,20241025,1
24003ILA_0302,20241025,1
24003ILA_0303,20241025,1
24003ILA_0304,20241025,1
24003ILA_0301,20241028,1
24003ILA_0302,20241028,1
24003ILA_0303,20241028,1
24003ILA_0304,20241028,1
24003ILA_0301,20241029,1
24003ILA_0302,20241029,1
24003ILA_0303,20241029,1
24003ILA_0304,20241029,1
24003ILA_0301,20241030,1
24003ILA_0302,20241030,1
24003ILA_0303,20241030,1
24003ILA_0304,20241030,1
24003ILA_0301,20241031,1
24003ILA_0302,20241031,1
24003ILA_0303,20241031,1
24003ILA_0304,20241031,1
24003ILA_0301,20241104,1
24003ILA_0302,20241104,1
24003ILA_0303,20241104,1
24003ILA_0304,20241104,1
24003ILA_0301,20241105,1
24003ILA_0302,20241105,1
24003ILA_0303,20241105,1
24003ILA_0304,20241105,1
24003ILA_0301,20241106,1
24003ILA_0302,20241106,1
24003ILA_0303,20241106,1
24003ILA_0304,20241106,1
24003ILA_0301,20241107,1
24003ILA_0302,20241107,1
24003ILA_0303,20241107,1
24003ILA_0304,20241107,1
24003ILA_0301,20241108,1
24003ILA_0302,20241108,1
24003ILA_0303,20241108,1
24003ILA_0304,20241108,1
24003ILA_0301,20241111,1
24003ILA_0302,20241111,1
24003ILA_0303,20241111,1
24003ILA_0304,20241111,1
24003ILA_0301,20241112,1
24003ILA_0302,20241112,1
24003ILA_0303,20241112,1
24003ILA_0304,20241112,1
24003ILA_0301,20241113,1
24003ILA_0302,20241113,1
24003ILA_0303,20241113,1
24003ILA_0304,20241113,1
24003ILA_0301,20241114,1
24003ILA_0302,20241114,1
24003ILA_0303,20241114,1
24003ILA_0304,20241114,1
24003ILA_0301,20241115,1
24003ILA_0302,20241115,1
24003ILA_0303,20241115,1
24003ILA_0304,20241115,1
24003ILA_0301,20241118,1
24003ILA_0302,20241118,1
24003ILA_0303,20241118,1
24003ILA_0304,20241118,1
24003ILA_0301,20241119,1
24003ILA_0302,20241119,1
24003ILA_0303,20241119,1
24003ILA_0304,20241119,1
24003ILA_0301,20241120,1
24003ILA_0302,20241120,1
24003ILA_0303,20241120,1
24003ILA_0304,20241120,1
24003ILA_0301,20241121,1
24003ILA_0302,20241121,1
24003ILA_0303,20241121,1
24003ILA_0304,20241121,1
24003ILA_0301,20241122,1
24003ILA_0302,20241122,1
24003ILA_0303,20241122,1
24003ILA_0304,20241122,1
24003ILA_0301,20241125,1
24003ILA_0302,20241125,1
24003ILA_0303,20241125,1
24003ILA_0304,20241125,1
24003ILA_0301,20241126,1
24003ILA_0302,20241126,1
24003ILA_0303,20241126,1
24003ILA_0304,20241126,1
24003ILA_0301,20241127,1
24003ILA_0302,20241127,1
24003ILA_0303,20241127,1
24003ILA_0304,20241127,1
24003ILA_0301,20241128,1
24003ILA_0302,20241128,1
24003ILA_0303,20241128,1
24003ILA_0304,20241128,1
24003ILA_0301,20241129,1
24003ILA_0302,20241129,1
24003ILA_0303,20241129,1
24003ILA_0304,20241129,1
24003ILA_0301,20241202,1
24003ILA_0302,20241202,1
24003ILA_0303,20241202,1
24003ILA_0304,20241202,1
24003ILA_0301,20241203,1
24003ILA_0302,20241203,1
24003ILA_0303,20241203,1
24003ILA_0304,20241203,1
24003ILA_0301,20241204,1
24003ILA_0302,20241204,1
24003ILA_0303,20241204,1
24003ILA_0304,20241204,1
24003ILA_0301,20241205,1
24003ILA_0302,20241205,1
24003ILA_0303,20241205,1
24003ILA_0304,20241205,1
24003ILA_0301,20241209,1
24003ILA_0302,20241209,1
24003ILA_0303,20241209,1
24003ILA_0304,20241209,1
24003ILA_0301,20241210,1
24003ILA_0302,20241210,1
24003ILA_0303,20241210,1
24003ILA_0304,20241210,1
24003ILA_0301,20241211,1
24003ILA_0302,20241211,1
24003ILA_0303,20241211,1
24003ILA_0304,20241211,1
24003ILA_0301,20241212,1
24003ILA_0302,20241212,1
24003ILA_0303,20241212,1
24003ILA_0304,20241212,1
24003ILA_0301,20241213,1
24003ILA_0302,20241213,1
24003ILA_0303,20241213,1
24003ILA_0304,20241213,1
24003ILA_0301,20241216,1
24003ILA_0302,20241216,1
24003ILA_0303,20241216,1
24003ILA_0304,20241216,1
24003ILA_0301,20241217,1
24003ILA_0302,20241217,1
24003ILA_0303,20241217,1
24003ILA_0304,20241217,1
24003ILA_0301,20241218,1
24003ILA_0302,20241218,1
24003ILA_0303,20241218,1
24003ILA_0304,20241218,1
24003ILA_0301,20241219,1
24003ILA_0302,20241219,1
24003ILA_0303,20241219,1
24003ILA_0304,20241219,1
24003ILA_0301,20241220,1
24003ILA_0302,20241220,1
24003ILA_0303,20241220,1
24003ILA_0304,20241220,1
24003ILA_0301,20241223,1
24003ILA_0302,20241223,1
24003ILA_0303,20241223,1
24003ILA_0304,20241223,1
24003ILA_0301,20241224,1
24003ILA_0302,20241224,1
24003ILA_0303,20241224,1
24003ILA_0304,20241224,1
24003ILA_0301,20241226,1
24003ILA_0302,20241226,1
24003ILA_0303,20241226,1
24003ILA_0304,20241226,1
24003ILA_0301,20241227,1
24003ILA_0302,20241227,1
24003ILA_0303,20241227,1
24003ILA_0304,20241227,1
24003ILA_0301,20241230,1
24003ILA_0302,20241230,1
24003ILA_0303,20241230,1
24003ILA_0304,20241230,1
24003ILA_0301,20241231,1
24003ILA_0302,20241231,1
24003ILA_0303,20241231,1
24003ILA_0304,20241231,1
24003ILA_0301,20250102,1
24003ILA_0302,20250102,1
24003ILA_0303,20250102,1
24003ILA_0304,20250102,1
24003ILA_0301,20250103,1
24003ILA_0302,20250103,1
24003ILA_0303,20250103,1
24003ILA_0304,20250103,1
24003ILA_0301,20250107,1
24003ILA_0302,20250107,1
24003ILA_0303,20250107,1
24003ILA_0304,20250107,1
24003ILA_0301,20250108,1
24003ILA_0302,20250108,1
24003ILA_0303,20250108,1
24003ILA_0304,20250108,1
24003ILA_0301,20250109,1
24003ILA_0302,20250109,1
24003ILA_0303,20250109,1
24003ILA_0304,20250109,1
24003ILA_0301,20250110,1
24003ILA_0302,20250110,1
24003ILA_0303,20250110,1
24003ILA_0304,20250110,1
24003ILA_0301,20250113,1
24003ILA_0302,20250113,1
24003ILA_0303,20250113,1
24003ILA_0304,20250113,1
24003ILA_0301,20250114,1
24003ILA_0302,20250114,1
24003ILA_0303,20250114,1
24003ILA_0304,20250114,1
24003ILA_0301,20250115,1
24003ILA_0302,20250115,1
24003ILA_0303,20250115,1
24003ILA_0304,20250115,1
24003ILA_0301,20250116,1
24003ILA_0302,20250116,1
24003ILA_0303,20250116,1
24003ILA_0304,20250116,1
24003ILA_0301,20250117,1
24003ILA_0302,20250117,1
24003ILA_0303,20250117,1
24003ILA_0304,20250117,1
24003ILA_0301,20250120,1
24003ILA_0302,20250120,1
24003ILA_0303,20250120,1
24003ILA_0304,20250120,1
24003ILA_0301,20250121,1
24003ILA_0302,20250121,1
24003ILA_0303,20250121,1
24003ILA_0304,20250121,1
24003ILA_0301,20250122,1
24003ILA_0302,20250122,1
24003ILA_0303,20250122,1
24003ILA_0304,20250122,1
24003ILA_0301,20250123,1
24003ILA_0302,20250123,1
24003ILA_0303,20250123,1
24003ILA_0304,20250123,1
24003ILA_0301,20250124,1
24003ILA_0302,20250124,1
24003ILA_0303,20250124,1
24003ILA_0304,20250124,1
24003ILA_0301,20250127,1
24003ILA_0302,20250127,1
24003ILA_0303,20250127,1
24003ILA_0304,20250127,1
24003ILA_0301,20250128,1
24003ILA_0302,20250128,1
24003ILA_0303,20250128,1
24003ILA_0304,20250128,1
24003ILA_0301,20250129,1
24003ILA_0302,20250129,1
24003ILA_0303,20250129,1
24003ILA_0304,20250129,1
24003ILA_0301,20250130,1
24003ILA_0302,20250130,1
24003ILA_0303,20250130,1
24003ILA_0304,20250130,1
24003ILA_0301,20250131,1
24003ILA_0302,20250131,1
24003ILA_0303,20250131,1
24003ILA_0304,20250131,1
24003ILA_0301,20250203,1
24003ILA_0302,20250203,1
24003ILA_0303,20250203,1
24003ILA_0304,20250203,1
24003ILA_0301,20250204,1
24003ILA_0302,20250204,1
24003ILA_0303,20250204,1
24003ILA_0304,20250204,1
24003ILA_0301,20250205,1
24003ILA_0302,20250205,1
24003ILA_0303,20250205,1
24003ILA_0304,20250205,1
24003ILA_0301,20250206,1
24003ILA_0302,20250206,1
24003ILA_0303,20250206,1
24003ILA_0304,20250206,1
24003ILA_0301,20250207,1
24003ILA_0302,20250207,1
24003ILA_0303,20250207,1
24003ILA_0304,20250207,1
24003ILA_0301,20250210,1
24003ILA_0302,20250210,1
24003ILA_0303,20250210,1
24003ILA_0304,20250210,1
24003ILA_0301,20250211,1
24003ILA_0302,20250211,1
24003ILA_0303,20250211,1
24003ILA_0304,20250211,1
24003ILA_0301,20250212,1
24003ILA_0302,20250212,1
24003ILA_0303,20250212,1
24003ILA_0304,20250212,1
24003ILA_0301,20250213,1
24003ILA_0302,20250213,1
24003ILA_0303,20250213,1
24003ILA_0304,20250213,1
24003ILA_0301,20250214,1
24003ILA_0302,20250214,1
24003ILA_0303,20250214,1
24003ILA_0304,20250214,1
24003ILA_0301,20250217,1
24003ILA_0302,20250217,1
24003ILA_0303,20250217,1
24003ILA_0304,20250217,1
24003ILA_0301,20250218,1
24003ILA_0302,20250218,1
24003ILA_0303,20250218,1
24003ILA_0304,20250218,1
24003ILA_0301,20250219,1
24003ILA_0302,20250219,1
24003ILA_0303,20250219,1
24003ILA_0304,20250219,1
24003ILA_0301,20250220,1
24003ILA_0302,20250220,1
24003ILA_0303,20250220,1
24003ILA_0304,20250220,1
24003ILA_0301,20250221,1
24003ILA_0302,20250221,1
24003ILA_0303,20250221,1
24003ILA_0304,20250221,1
24003ILA_0301,20250224,1
24003ILA_0302,20250224,1
24003ILA_0303,20250224,1
24003ILA_0304,20250224,1
24003ILA_0301,20250225,1
24003ILA_0302,20250225,1
24003ILA_0303,20250225,1
24003ILA_0304,20250225,1
24003ILA_0301,20250226,1
24003ILA_0302,20250226,1
24003ILA_0303,20250226,1
24003ILA_0304,20250226,1
24003ILA_0301,20250227,1
24003ILA_0302,20250227,1
24003ILA_0303,20250227,1
24003ILA_0304,20250227,1
24003ILA_0301,20250228,1
24003ILA_0302,20250228,1
24003ILA_0303,20250228,1
24003ILA_0304,20250228,1
24003ILA_0301,20250303,1
24003ILA_0302,20250303,1
24003ILA_0303,20250303,1
24003ILA_0304,20250303,1
24003ILA_0301,20250304,1
24003ILA_0302,20250304,1
24003ILA_0303,20250304,1
24003ILA_0304,20250304,1
24003ILA_0301,20250305,1
24003ILA_0302,20250305,1
24003ILA_0303,20250305,1
24003ILA_0304,20250305,1
24003ILA_0301,20250306,1
24003ILA_0302,20250306,1
24003ILA_0303,20250306,1
24003ILA_0304,20250306,1
24003ILA_0301,20250307,1
24003ILA_0302,20250307,1
24003ILA_0303,20250307,1
24003ILA_0304,20250307,1
24003ILA_0301,20250310,1
24003ILA_0302,20250310,1
24003ILA_0303,20250310,1
24003ILA_0304,20250310,1
24003ILA_0301,20250311,1
24003ILA_0302,20250311,1
24003ILA_0303,20250311,1
24003ILA_0304,20250311,1
24003ILA_0301,20250312,1
24003ILA_0302,20250312,1
24003ILA_0303,20250312,1
24003ILA_0304,20250312,1
24003ILA_0301,20250313,1
24003ILA_0302,20250313,1
24003ILA_0303,20250313,1
24003ILA_0304,20250313,1
24003ILA_0301,20250314,1
24003ILA_0302,20250314,1
24003ILA_0303,20250314,1
24003ILA_0304,20250314,1
24003ILA_0301,20250317,1
24003ILA_0302,20250317,1
24003ILA_0303,20250317,1
24003ILA_0304,20250317,1
24003ILA_0301,20250318,1
24003ILA_0302,20250318,1
24003ILA_0303,20250318,1
24003ILA_0304,20250318,1
24003ILA_0301,20250319,1
24003ILA_0302,20250319,1
24003ILA_0303,20250319,1
24003ILA_0304,20250319,1
24003ILA_0301,20250320,1
24003ILA_0302,20250320,1
24003ILA_0303,20250320,1
24003ILA_0304,20250320,1
24003ILA_0301,20250321,1
24003ILA_0302,20250321,1
24003ILA_0303,20250321,1
24003ILA_0304,20250321,1
24003ILA_0301,20250324,1
24003ILA_0302,20250324,1
24003ILA_0303,20250324,1
24003ILA_0304,20250324,1
24003ILA_0301,20250325,1
24003ILA_0302,20250325,1
24003ILA_0303,20250325,1
24003ILA_0304,20250325,1
24003ILA_0301,20250326,1
24003ILA_0302,20250326,1
24003ILA_0303,20250326,1
24003ILA_0304,20250326,1
24003ILA_0301,20250327,1
24003ILA_0302,20250327,1
24003ILA_0303,20250327,1
24003ILA_0304,20250327,1
24003ILA_0301,20250328,1
24003ILA_0302,20250328,1
24003ILA_0303,20250328,1
24003ILA_0304,20250328,1
24003ILA_0301,20250331,1
24003ILA_0302,20250331,1
24003ILA_0303,20250331,1
24003ILA_0304,20250331,1
24003ILA_0301,20250401,1
24003ILA_0302,20250401,1
24003ILA_0303,20250401,1
24003ILA_0304,20250401,1
24003ILA_0301,20250402,1
24003ILA_0302,20250402,1
24003ILA_0303,20250402,1
24003ILA_0304,20250402,1
24003ILA_0301,20250403,1
24003ILA_0302,20250403,1
24003ILA_0303,20250403,1
24003ILA_0304,20250403,1
24003ILA_0301,20250404,1
24003ILA_0302,20250404,1
24003ILA_0303,20250404,1
24003ILA_0304,20250404,1
24003ILA_0301,20250407,1
24003ILA_0302,20250407,1
24003ILA_0303,20250407,1
24003ILA_0304,20250407,1
24003ILA_0301,20250408,1
24003ILA_0302,20250408,1
24003ILA_0303,20250408,1
24003ILA_0304,20250408,1
24003ILA_0301,20250409,1
24003ILA_0302,20250409,1
24003ILA_0303,20250409,1
24003ILA_0304,20250409,1
24003ILA_0301,20250410,1
24003ILA_0302,20250410,1
24003ILA_0303,20250410,1
24003ILA_0304,20250410,1
24003ILA_0301,20250411,1
24003ILA_0302,20250411,1
24003ILA_0303,20250411,1
24003ILA_0304,20250411,1
24003ILA_0301,20250414,1
24003ILA_0302,20250414,1
24003ILA_0303,20250414,1
24003ILA_0304,20250414,1
24003ILA_0301,20250415,1
24003ILA_0302,20250415,1
24003ILA_0303,20250415,1
24003ILA_0304,20250415,1
24003ILA_0301,20250416,1
24003ILA_0302,20250416,1
24003ILA_0303,20250416,1
24003ILA_0304,20250416,1
24003ILA_0301,20250421,1
24003ILA_0302,20250421,1
24003ILA_0303,20250421,1
24003ILA_0304,20250421,1
24003ILA_0301,20250422,1
24003ILA_0302,20250422,1
24003ILA_0303,20250422,1
24003ILA_0304,20250422,1
24003ILA_0301,20250423,1
24003ILA_0302,20250423,1
24003ILA_0303,20250423,1
24003ILA_0304,20250423,1
24003ILA_0301,20250424,1
24003ILA_0302,20250424,1
24003ILA_0303,20250424,1
24003ILA_0304,20250424,1
24003ILA_0301,20250425,1
24003ILA_0302,20250425,1
24003ILA_0303,20250425,1
24003ILA_0304,20250425,1
24003ILA_0301,20250428,1
24003ILA_0302,20250428,1
24003ILA_0303,20250428,1
24003ILA_0304,20250428,1
24003ILA_0301,20250429,1
24003ILA_0302,20250429,1
24003ILA_0303,20250429,1
24003ILA_0304,20250429,1
24003ILA_0301,20250430,1
24003ILA_0302,20250430,1
24003ILA_0303,20250430,1
24003ILA_0304,20250430,1
24003ILA_0301,20250502,1
24003ILA_0302,20250502,1
24003ILA_0303,20250502,1
24003ILA_0304,20250502,1
24003ILA_0301,20250505,1
24003ILA_0302,20250505,1
24003ILA_0303,20250505,1
24003ILA_0304,20250505,1
24003ILA_0301,20250506,1
24003ILA_0302,20250506,1
24003ILA_0303,20250506,1
24003ILA_0304,20250506,1
24003ILA_0301,20250507,1
24003ILA_0302,20250507,1
24003ILA_0303,20250507,1
24003ILA_0304,20250507,1
24003ILA_0301,20250508,1
24003ILA_0302,20250508,1
24003ILA_0303,20250508,1
24003ILA_0304,20250508,1
24003ILA_0301,20250509,1
24003ILA_0302,20250509,1
24003ILA_0303,20250509,1
24003ILA_0304,20250509,1
24003ILA_0301,20250512,1
24003ILA_0302,20250512,1
24003ILA_0303,20250512,1
24003ILA_0304,20250512,1
24003ILA_0301,20250513,1
24003ILA_0302,20250513,1
24003ILA_0303,20250513,1
24003ILA_0304,20250513,1
24003ILA_0301,20250514,1
24003ILA_0302,20250514,1
24003ILA_0303,20250514,1
24003ILA_0304,20250514,1
24003ILA_0301,20250515,1
24003ILA_0302,20250515,1
24003ILA_0303,20250515,1
24003ILA_0304,20250515,1
24003ILA_0301,20250516,1
24003ILA_0302,20250516,1
24003ILA_0303,20250516,1
24003ILA_0304,20250516,1
24003ILA_0301,20250519,1
24003ILA_0302,20250519,1
24003ILA_0303,20250519,1
24003ILA_0304,20250519,1
24003ILA_0301,20250520,1
24003ILA_0302,20250520,1
24003ILA_0303,20250520,1
24003ILA_0304,20250520,1
24003ILA_0301,20250521,1
24003ILA_0302,20250521,1
24003ILA_0303,20250521,1
24003ILA_0304,20250521,1
24003ILA_0301,20250522,1
24003ILA_0302,20250522,1
24003ILA_0303,20250522,1
24003ILA_0304,20250522,1
24003ILA_0301,20250523,1
24003ILA_0302,20250523,1
24003ILA_0303,20250523,1
24003ILA_0304,20250523,1
24003ILA_0301,20250526,1
24003ILA_0302,20250526,1
24003ILA_0303,20250526,1
24003ILA_0304,20250526,1
24003ILA_0301,20250527,1
24003ILA_0302,20250527,1
24003ILA_0303,20250527,1
24003ILA_0304,20250527,1
24003ILA_0301,20250528,1
24003ILA_0302,20250528,1
24003ILA_0303,20250528,1
24003ILA_0304,20250528,1
24003ILA_0301,20250529,1
24003ILA_0302,20250529,1
24003ILA_0303,20250529,1
24003ILA_0304,20250529,1
24003ILA_0301,20250530,1
24003ILA_0302,20250530,1
24003ILA_0303,20250530,1
24003ILA_0304,20250530,1
24003ILA_0301,20250602,1
24003ILA_0302,20250602,1
24003ILA_0303,20250602,1
24003ILA_0304,20250602,1
24003ILA_0301,20250603,1
24003ILA_0302,20250603,1
24003ILA_0303,20250603,1
24003ILA_0304,20250603,1
24003ILA_0301,20250604,1
24003ILA_0302,20250604,1
24003ILA_0303,20250604,1
24003ILA_0304,20250604,1
24003ILA_0301,20250605,1
24003ILA_0302,20250605,1
24003ILA_0303,20250605,1
24003ILA_0304,20250605,1
24003ILA_0301,20250606,1
24003ILA_0302,20250606,1
24003ILA_0303,20250606,1
24003ILA_0304,20250606,1
24003ILA_0301,20250610,1
24003ILA_0302,20250610,1
24003ILA_0303,20250610,1
24003ILA_0304,20250610,1
24003ILA_0301,20250611,1
24003ILA_0302,20250611,1
24003ILA_0303,20250611,1
24003ILA_0304,20250611,1
24003ILA_0301,20250612,1
24003ILA_0302,20250612,1
24003ILA_0303,20250612,1
24003ILA_0304,20250612,1
24003ILA_0301,20250613,1
24003ILA_0302,20250613,1
24003ILA_0303,20250613,1
24003ILA_0304,20250613,1
24003ILA_0301,20250616,1
24003ILA_0302,20250616,1
24003ILA_0303,20250616,1
24003ILA_0304,20250616,1
24003ILA_0301,20250617,1
24003ILA_0302,20250617,1
24003ILA_0303,20250617,1
24003ILA_0304,20250617,1
24003ILA_0301,20250618,1
24003ILA_0302,20250618,1
24003ILA_0303,20250618,1
24003ILA_0304,20250618,1
24003ILA_0301,20250619,1
24003ILA_0302,20250619,1
24003ILA_0303,20250619,1
24003ILA_0304,20250619,1
24003ILA_0301,20250620,1
24003ILA_0302,20250620,1
24003ILA_0303,20250620,1
24003ILA_0304,20250620,1
24003ILA_0301,20250623,1
24003ILA_0302,20250623,1
24003ILA_0303,20250623,1
24003ILA_0304,20250623,1
24003ILA_0301,20250624,1
24003ILA_0302,20250624,1
24003ILA_0303,20250624,1
24003ILA_0304,20250624,1
24003ILA_0301,20250625,1
24003ILA_0302,20250625,1
24003ILA_0303,20250625,1
24003ILA_0304,20250625,1
24003ILA_0301,20250626,1
24003ILA_0302,20250626,1
24003ILA_0303,20250626,1
24003ILA_0304,20250626,1
24003ILA_0301,20250627,1
24003ILA_0302,20250627,1
24003ILA_0303,20250627,1
24003ILA_0304,20250627,1
24003ILA_0301,20250630,1
24003ILA_0302,20250630,1
24003ILA_0303,20250630,1
24003ILA_0304,20250630,1
24003ISA_0301,20240907,1
24003ISA_0302,20240907,1
24003ISA_0303,20240907,1
24003ISA_0301,20240914,1
24003ISA_0302,20240914,1
24003ISA_0303,20240914,1
24003ISA_0301,20240921,1
24003ISA_0302,20240921,1
24003ISA_0303,20240921,1
24003ISA_0301,20240928,1
24003ISA_0302,20240928,1
24003ISA_0303,20240928,1
24003ISA_0301,20241005,1
24003ISA_0302,20241005,1
24003ISA_0303,20241005,1
24003ISA_0301,20241019,1
24003ISA_0302,20241019,1
24003ISA_0303,20241019,1
24003ISA_0301,20241026,1
24003ISA_0302,20241026,1
24003ISA_0303,20241026,1
24003ISA_0301,20241102,1
24003ISA_0302,20241102,1
24003ISA_0303,20241102,1
24003ISA_0301,20241109,1
24003ISA_0302,20241109,1
24003ISA_0303,20241109,1
24003ISA_0301,20241116,1
24003ISA_0302,20241116,1
24003ISA_0303,20241116,1
24003ISA_0301,20241123,1
24003ISA_0302,20241123,1
24003ISA_0303,20241123,1
24003ISA_0301,20241130,1
24003ISA_0302,20241130,1
24003ISA_0303,20241130,1
24003ISA_0301,20241207,1
24003ISA_0302,20241207,1
24003ISA_0303,20241207,1
24003ISA_0301,20241214,1
24003ISA_0302,20241214,1
24003ISA_0303,20241214,1
24003ISA_0301,20241221,1
24003ISA_0302,20241221,1
24003ISA_0303,20241221,1
24003ISA_0301,20241228,1
24003ISA_0302,20241228,1
24003ISA_0303,20241228,1
24003ISA_0301,20250104,1
24003ISA_0302,20250104,1
24003ISA_0303,20250104,1
24003ISA_0301,20250111,1
24003ISA_0302,20250111,1
24003ISA_0303,20250111,1
24003ISA_0301,20250118,1
24003ISA_0302,20250118,1
24003ISA_0303,20250118,1
24003ISA_0301,20250125,1
24003ISA_0302,20250125,1
24003ISA_0303,20250125,1
24003ISA_0301,20250201,1
24003ISA_0302,20250201,1
24003ISA_0303,20250201,1
24003ISA_0301,20250208,1
24003ISA_0302,20250208,1
24003ISA_0303,20250208,1
24003ISA_0301,20250215,1
24003ISA_0302,20250215,1
24003ISA_0303,20250215,1
24003ISA_0301,20250222,1
24003ISA_0302,20250222,1
24003ISA_0303,20250222,1
24003ISA_0301,20250301,1
24003ISA_0302,20250301,1
24003ISA_0303,20250301,1
24003ISA_0301,20250308,1
24003ISA_0302,20250308,1
24003ISA_0303,20250308,1
24003ISA_0301,20250315,1
24003ISA_0302,20250315,1
24003ISA_0303,20250315,1
24003ISA_0301,20250322,1
24003ISA_0302,20250322,1
24003ISA_0303,20250322,1
24003ISA_0301,20250329,1
24003ISA_0302,20250329,1
24003ISA_0303,20250329,1
24003ISA_0301,20250405,1
24003ISA_0302,20250405,1
24003ISA_0303,20250405,1
24003ISA_0301,20250412,1
24003ISA_0302,20250412,1
24003ISA_0303,20250412,1
24003ISA_0301,20250419,1
24003ISA_0302,20250419,1
24003ISA_0303,20250419,1
24003ISA_0301,20250426,1
24003ISA_0302,20250426,1
24003ISA_0303,20250426,1
24003ISA_0301,20250503,1
24003ISA_0302,20250503,1
24003ISA_0303,20250503,1
24003ISA_0301,20250510,1
24003ISA_0302,20250510,1
24003ISA_0303,20250510,1
24003ISA_0301,20250517,1
24003ISA_0302,20250517,1
24003ISA_0303,20250517,1
24003ISA_0301,20250524,1
24003ISA_0302,20250524,1
24003ISA_0303,20250524,1
24003ISA_0301,20250531,1
24003ISA_0302,20250531,1
24003ISA_0303,20250531,1
24003ISA_0301,20250607,1
24003ISA_0302,20250607,1
24003ISA_0303,20250607,1
24003ISA_0301,20250614,1
24003ISA_0302,20250614,1
24003ISA_0303,20250614,1
24003ISA_0301,20250621,1
24003ISA_0302,20250621,1
24003ISA_0303,20250621,1
24003ISA_0301,20250628,1
24003ISA_0302,20250628,1
24003ISA_0303,20250628,1
24004IFA_0401,20240908,1
24004IFA_0402,20240908,1
24004IFA_0403,20240908,1
24004IFA_0411,20240908,1
24004IFA_0412,20240908,1
24004IFA_0413,20240908,1
24004IFA_0401,20240915,1
24004IFA_0402,20240915,1
24004IFA_0403,20240915,1
24004IFA_0411,20240915,1
24004IFA_0412,20240915,1
24004IFA_0413,20240915,1
24004IFA_0401,20240922,1
24004IFA_0402,20240922,1
24004IFA_0403,20240922,1
24004IFA_0411,20240922,1
24004IFA_0412,20240922,1
24004IFA_0413,20240922,1
24004IFA_0401,20240929,1
24004IFA_0402,20240929,1
24004IFA_0403,20240929,1
24004IFA_0411,20240929,1
24004IFA_0412,20240929,1
24004IFA_0413,20240929,1
24004IFA_0401,20241006,1
24004IFA_0402,20241006,1
24004IFA_0403,20241006,1
24004IFA_0411,20241006,1
24004IFA_0412,20241006,1
24004IFA_0413,20241006,1
24004IFA_0401,20241012,1
24004IFA_0402,20241012,1
24004IFA_0403,20241012,1
24004IFA_0411,20241012,1
24004IFA_0412,20241012,1
24004IFA_0413,20241012,1
24004IFA_0401,20241013,1
24004IFA_0402,20241013,1
24004IFA_0403,20241013,1
24004IFA_0411,20241013,1
24004IFA_0412,20241013,1
24004IFA_0413,20241013,1
24004IFA_0401,20241020,1
24004IFA_0402,20241020,1
24004IFA_0403,20241020,1
24004IFA_0411,20241020,1
24004IFA_0412,20241020,1
24004IFA_0413,20241020,1
24004IFA_0401,20241027,1
24004IFA_0402,20241027,1
24004IFA_0403,20241027,1
24004IFA_0411,20241027,1
24004IFA_0412,20241027,1
24004IFA_0413,20241027,1
24004IFA_0401,20241101,1
24004IFA_0402,20241101,1
24004IFA_0403,20241101,1
24004IFA_0411,20241101,1
24004IFA_0412,20241101,1
24004IFA_0413,20241101,1
24004IFA_0401,20241103,1
24004IFA_0402,20241103,1
24004IFA_0403,20241103,1
24004IFA_0411,20241103,1
24004IFA_0412,20241103,1
24004IFA_0413,20241103,1
24004IFA_0401,20241110,1
24004IFA_0402,20241110,1
24004IFA_0403,20241110,1
24004IFA_0411,20241110,1
24004IFA_0412,20241110,1
24004IFA_0413,20241110,1
24004IFA_0401,20241117,1
24004IFA_0402,20241117,1
24004IFA_0403,20241117,1
24004IFA_0411,20241117,1
24004IFA_0412,20241117,1
24004IFA_0413,20241117,1
24004IFA_0401,20241124,1
24004IFA_0402,20241124,1
24004IFA_0403,20241124,1
24004IFA_0411,20241124,1
24004IFA_0412,20241124,1
24004IFA_0413,20241124,1
24004IFA_0401,20241201,1
24004IFA_0402,20241201,1
24004IFA_0403,20241201,1
24004IFA_0411,20241201,1
24004IFA_0412,20241201,1
24004IFA_0413,20241201,1
24004IFA_0401,20241206,1
24004IFA_0402,20241206,1
24004IFA_0403,20241206,1
24004IFA_0411,20241206,1
24004IFA_0412,20241206,1
24004IFA_0413,20241206,1
24004IFA_0401,20241208,1
24004IFA_0402,20241208,1
24004IFA_0403,20241208,1
24004IFA_0411,20241208,1
24004IFA_0412,20241208,1
24004IFA_0413,20241208,1
24004IFA_0401,20241215,1
24004IFA_0402,20241215,1
24004IFA_0403,20241215,1
24004IFA_0411,20241215,1
24004IFA_0412,20241215,1
24004IFA_0413,20241215,1
24004IFA_0401,20241222,1
24004IFA_0402,20241222,1
24004IFA_0403,20241222,1
24004IFA_0411,20241222,1
24004IFA_0412,20241222,1
24004IFA_0413,20241222,1
24004IFA_0401,20241225,1
24004IFA_0402,20241225,1
24004IFA_0403,20241225,1
24004IFA_0411,20241225,1
24004IFA_0412,20241225,1
24004IFA_0413,20241225,1
24004IFA_0401,20241229,1
24004IFA_0402,20241229,1
24004IFA_0403,20241229,1
24004IFA_0411,20241229,1
24004IFA_0412,20241229,1
24004IFA_0413,20241229,1
24004IFA_0401,20250101,1
24004IFA_0402,20250101,1
24004IFA_0403,20250101,1
24004IFA_0411,20250101,1
24004IFA_0412,20250101,1
24004IFA_0413,20250101,1
24004IFA_0401,20250105,1
24004IFA_0402,20250105,1
24004IFA_0403,20250105,1
24004IFA_0411,20250105,1
24004IFA_0412,20250105,1
24004IFA_0413,20250105,1
24004IFA_0401,20250106,1
24004IFA_0402,20250106,1
24004IFA_0403,20250106,1
24004IFA_0411,20250106,1
24004IFA_0412,20250106,1
24004IFA_0413,20250106,1
24004IFA_0401,20250112,1
24004IFA_0402,20250112,1
24004IFA_0403,20250112,1
24004IFA_0411,20250112,1
24004IFA_0412,20250112,1
24004IFA_0413,20250112,1
24004IFA_0401,20250119,1
24004IFA_0402,20250119,1
24004IFA_0403,20250119,1
24004IFA_0411,20250119,1
24004IFA_0412,20250119,1
24004IFA_0413,20250119,1
24004IFA_0401,20250126,1
24004IFA_0402,20250126,1
24004IFA_0403,20250126,1
24004IFA_0411,20250126,1
24004IFA_0412,20250126,1
24004IFA_0413,20250126,1
24004IFA_0401,20250202,1
24004IFA_0402,20250202,1
24004IFA_0403,20250202,1
24004IFA_0411,20250202,1
24004IFA_0412,20250202,1
24004IFA_0413,20250202,1
24004IFA_0401,20250209,1
24004IFA_0402,20250209,1
24004IFA_0403,20250209,1
24004IFA_0411,20250209,1
24004IFA_0412,20250209,1
24004IFA_0413,20250209,1
24004IFA_0401,20250216,1
24004IFA_0402,20250216,1
24004IFA_0403,20250216,1
24004IFA_0411,20250216,1
24004IFA_0412,20250216,1
24004IFA_0413,20250216,1
24004IFA_0401,20250223,1
24004IFA_0402,20250223,1
24004IFA_0403,20250223,1
24004IFA_0411,20250223,1
24004IFA_0412,20250223,1
24004IFA_0413,20250223,1
24004IFA_0401,20250302,1
24004IFA_0402,20250302,1
24004IFA_0403,20250302,1
24004IFA_0411,20250302,1
24004IFA_0412,20250302,1
24004IFA_0413,20250302,1
24004IFA_0401,20250309,1
24004IFA_0402,20250309,1
24004IFA_0403,20250309,1
24004IFA_0411,20250309,1
24004IFA_0412,20250309,1
24004IFA_0413,20250309,1
24004IFA_0401,20250316,1
24004IFA_0402,20250316,1
24004IFA_0403,20250316,1
24004IFA_0411,20250316,1
24004IFA_0412,20250316,1
24004IFA_0413,20250316,1
24004IFA_0401,20250323,1
24004IFA_0402,20250323,1
24004IFA_0403,20250323,1
24004IFA_0411,20250323,1
24004IFA_0412,20250323,1
24004IFA_0413,20250323,1
24004IFA_0401,20250330,1
24004IFA_0402,20250330,1
24004IFA_0403,20250330,1
24004IFA_0411,20250330,1
24004IFA_0412,20250330,1
24004IFA_0413,20250330,1
24004IFA_0401,20250406,1
24004IFA_0402,20250406,1
24004IFA_0403,20250406,1
24004IFA_0411,20250406,1
24004IFA_0412,20250406,1
24004IFA_0413,20250406,1
24004IFA_0401,20250413,1
24004IFA_0402,20250413,1
24004IFA_0403,20250413,1
24004IFA_0411,20250413,1
24004IFA_0412,20250413,1
24004IFA_0413,20250413,1
24004IFA_0401,20250417,1
24004IFA_0402,20250417,1
24004IFA_0403,20250417,1
24004IFA_0411,20250417,1
24004IFA_0412,20250417,1
24004IFA_0413,20250417,1
24004IFA_0401,20250418,1
24004IFA_0402,20250418,1
24004IFA_0403,20250418,1
24004IFA_0411,20250418,1
24004IFA_0412,20250418,1
24004IFA_0413,20250418,1
24004IFA_0401,20250420,1
24004IFA_0402,20250420,1
24004IFA_0403,20250420,1
24004IFA_0411,20250420,1
24004IFA_0412,20250420,1
24004IFA_0413,20250420,1
24004IFA_0401,20250427,1
24004IFA_0402,20250427,1
24004IFA_0403,20250427,1
24004IFA_0411,20250427,1
24004IFA_0412,20250427,1
24004IFA_0413,20250427,1
24004IFA_0401,20250501,1
24004IFA_0402,20250501,1
24004IFA_0403,20250501,1
24004IFA_0411,20250501,1
24004IFA_0412,20250501,1
24004IFA_0413,20250501,1
24004IFA_0401,20250504,1
24004IFA_0402,20250504,1
24004IFA_0403,20250504,1
24004IFA_0411,20250504,1
24004IFA_0412,20250504,1
24004IFA_0413,20250504,1
24004IFA_0401,20250511,1
24004IFA_0402,20250511,1
24004IFA_0403,20250511,1
24004IFA_0411,20250511,1
24004IFA_0412,20250511,1
24004IFA_0413,20250511,1
24004IFA_0401,20250518,1
24004IFA_0402,20250518,1
24004IFA_0403,20250518,1
24004IFA_0411,20250518,1
24004IFA_0412,20250518,1
24004IFA_0413,20250518,1
24004IFA_0401,20250525,1
24004IFA_0402,20250525,1
24004IFA_0403,20250525,1
24004IFA_0411,20250525,1
24004IFA_0412,20250525,1
24004IFA_0413,20250525,1
24004IFA_0401,20250601,1
24004IFA_0402,20250601,1
24004IFA_0403,20250601,1
24004IFA_0411,20250601,1
24004IFA_0412,20250601,1
24004IFA_0413,20250601,1
24004IFA_0401,20250608,1
24004IFA_0402,20250608,1
24004IFA_0403,20250608,1
24004IFA_0411,20250608,1
24004IFA_0412,20250608,1
24004IFA_0413,20250608,1
24004IFA_0401,20250609,1
24004IFA_0402,20250609,1
24004IFA_0403,20250609,1
24004IFA_0411,20250609,1
24004IFA_0412,20250609,1
24004IFA_0413,20250609,1
24004IFA_0401,20250615,1
24004IFA_0402,20250615,1
24004IFA_0403,20250615,1
24004IFA_0411,20250615,1
24004IFA_0412,20250615,1
24004IFA_0413,20250615,1
24004IFA_0401,20250622,1
24004IFA_0402,20250622,1
24004IFA_0403,20250622,1
24004IFA_0411,20250622,1
24004IFA_0412,20250622,1
24004IFA_0413,20250622,1
24004IFA_0401,20250629,1
24004IFA_0402,20250629,1
24004IFA_0403,20250629,1
24004IFA_0411,20250629,1
24004IFA_0412,20250629,1
24004IFA_0413,20250629,1
24004ILA_0401,20240903,1
24004ILA_0402,20240903,1
24004ILA_0403,20240903,1
24004ILA_0404,20240903,1
24004ILA_0411,20240903,1
24004ILA_0412,20240903,1
24004ILA_0413,20240903,1
24004ILA_0414,20240903,1
24004ILA_0401,20240904,1
24004ILA_0402,20240904,1
24004ILA_0403,20240904,1
24004ILA_0404,20240904,1
24004ILA_0411,20240904,1
24004ILA_0412,20240904,1
24004ILA_0413,20240904,1
24004ILA_0414,20240904,1
24004ILA_0401,20240905,1
24004ILA_0402,20240905,1
24004ILA_0403,20240905,1
24004ILA_0404,20240905,1
24004ILA_0411,20240905,1
24004ILA_0412,20240905,1
24004ILA_0413,20240905,1
24004ILA_0414,20240905,1
24004ILA_0401,20240906,1
24004ILA_0402,20240906,1
24004ILA_0403,20240906,1
24004ILA_0404,20240906,1
24004ILA_0411,20240906,1
24004ILA_0412,20240906,1
24004ILA_0413,20240906,1
24004ILA_0414,20240906,1
24004ILA_0401,20240909,1
24004ILA_0402,20240909,1
24004ILA_0403,20240909,1
24004ILA_0404,20240909,1
24004ILA_0411,20240909,1
24004ILA_0412,20240909,1
24004ILA_0413,20240909,1
24004ILA_0414,20240909,1
24004ILA_0401,20240910,1
24004ILA_0402,20240910,1
24004ILA_0403,20240910,1
24004ILA_0404,20240910,1
24004ILA_0411,20240910,1
24004ILA_0412,20240910,1
24004ILA_0413,20240910,1
24004ILA_0414,20240910,1
24004ILA_0401,20240911,1
24004ILA_0402,20240911,1
24004ILA_0403,20240911,1
24004ILA_0404,20240911,1
24004ILA_0411,20240911,1
24004ILA_0412,20240911,1
24004ILA_0413,20240911,1
24004ILA_0414,20240911,1
24004ILA_0401,20240912,1
24004ILA_0402,20240912,1
24004ILA_0403,20240912,1
24004ILA_0404,20240912,1
24004ILA_0411,20240912,1
24004ILA_0412,20240912,1
24004ILA_0413,20240912,1
24004ILA_0414,20240912,1
24004ILA_0401,20240913,1
24004ILA_0402,20240913,1
24004ILA_0403,20240913,1
24004ILA_0404,20240913,1
24004ILA_0411,20240913,1
24004ILA_0412,20240913,1
24004ILA_0413,20240913,1
24004ILA_0414,20240913,1
24004ILA_0401,20240916,1
24004ILA_0402,20240916,1
24004ILA_0403,20240916,1
24004ILA_0404,20240916,1
24004ILA_0411,20240916,1
24004ILA_0412,20240916,1
24004ILA_0413,20240916,1
24004ILA_0414,20240916,1
24004ILA_0401,20240917,1
24004ILA_0402,20240917,1
24004ILA_0403,20240917,1
24004ILA_0404,20240917,1
24004ILA_0411,20240917,1
24004ILA_0412,20240917,1
24004ILA_0413,20240917,1
24004ILA_0414,20240917,1
24004ILA_0401,20240918,1
24004ILA_0402,20240918,1
24004ILA_0403,20240918,1
24004ILA_0404,20240918,1
24004ILA_0411,20240918,1
24004ILA_0412,20240918,1
24004ILA_0413,20240918,1
24004ILA_0414,20240918,1
24004ILA_0401,20240919,1
24004ILA_0402,20240919,1
24004ILA_0403,20240919,1
24004ILA_0404,20240919,1
24004ILA_0411,20240919,1
24004ILA_0412,20240919,1
24004ILA_0413,20240919,1
24004ILA_0414,20240919,1
24004ILA_0401,20240920,1
24004ILA_0402,20240920,1
24004ILA_0403,20240920,1
24004ILA_0404,20240920,1
24004ILA_0411,20240920,1
24004ILA_0412,20240920,1
24004ILA_0413,20240920,1
24004ILA_0414,20240920,1
24004ILA_0401,20240923,1
24004ILA_0402,20240923,1
24004ILA_0403,20240923,1
24004ILA_0404,20240923,1
24004ILA_0411,20240923,1
24004ILA_0412,20240923,1
24004ILA_0413,20240923,1
24004ILA_0414,20240923,1
24004ILA_0401,20240924,1
24004ILA_0402,20240924,1
24004ILA_0403,20240924,1
24004ILA_0404,20240924,1
24004ILA_0411,20240924,1
24004ILA_0412,20240924,1
24004ILA_0413,20240924,1
24004ILA_0414,20240924,1
24004ILA_0401,20240925,1
24004ILA_0402,20240925,1
24004ILA_0403,20240925,1
24004ILA_0404,20240925,1
24004ILA_0411,20240925,1
24004ILA_0412,20240925,1
24004ILA_0413,20240925,1
24004ILA_0414,20240925,1
24004ILA_0401,20240926,1
24004ILA_0402,20240926,1
24004ILA_0403,20240926,1
24004ILA_0404,20240926,1
24004ILA_0411,20240926,1
24004ILA_0412,20240926,1
24004ILA_0413,20240926,1
24004ILA_0414,20240926,1
24004ILA_0401,20240927,1
24004ILA_0402,20240927,1
24004ILA_0403,20240927,1
24004ILA_0404,20240927,1
24004ILA_0411,20240927,1
24004ILA_0412,20240927,1
24004ILA_0413,20240927,1
24004ILA_0414,20240927,1
24004ILA_0401,20240930,1
24004ILA_0402,20240930,1
24004ILA_0403,20240930,1
24004ILA_0404,20240930,1
24004ILA_0411,20240930,1
24004ILA_0412,20240930,1
24004ILA_0413,20240930,1
24004ILA_0414,20240930,1
24004ILA_0401,20241001,1
24004ILA_0402,20241001,1
24004ILA_0403,20241001,1
24004ILA_0404,20241001,1
24004ILA_0411,20241001,1
24004ILA_0412,20241001,1
24004ILA_0413,20241001,1
24004ILA_0414,20241001,1
24004ILA_0401,20241002,1
24004ILA_0402,20241002,1
24004ILA_0403,20241002,1
24004ILA_0404,20241002,1
24004ILA_0411,20241002,1
24004ILA_0412,20241002,1
24004ILA_0413,20241002,1
24004ILA_0414,20241002,1
24004ILA_0401,20241003,1
24004ILA_0402,20241003,1
24004ILA_0403,20241003,1
24004ILA_0404,20241003,1
24004ILA_0411,20241003,1
24004ILA_0412,20241003,1
24004ILA_0413,20241003,1
24004ILA_0414,20241003,1
24004ILA_0401,20241004,1
24004ILA_0402,20241004,1
24004ILA_0403,20241004,1
24004ILA_0404,20241004,1
24004ILA_0411,20241004,1
24004ILA_0412,20241004,1
24004ILA_0413,20241004,1
24004ILA_0414,20241004,1
24004ILA_0401,20241007,1
24004ILA_0402,20241007,1
24004ILA_0403,20241007,1
24004ILA_0404,20241007,1
24004ILA_0411,20241007,1
24004ILA_0412,20241007,1
24004ILA_0413,20241007,1
24004ILA_0414,20241007,1
24004ILA_0401,20241008,1
24004ILA_0402,20241008,1
24004ILA_0403,20241008,1
24004ILA_0404,20241008,1
24004ILA_0411,20241008,1
24004ILA_0412,20241008,1
24004ILA_0413,20241008,1
24004ILA_0414,20241008,1
24004ILA_0401,20241009,1
24004ILA_0402,20241009,1
24004ILA_0403,20241009,1
24004ILA_0404,20241009,1
24004ILA_0411,20241009,1
24004ILA_0412,20241009,1
24004ILA_0413,20241009,1
24004ILA_0414,20241009,1
24004ILA_0401,20241010,1
24004ILA_0402,20241010,1
24004ILA_0403,20241010,1
24004ILA_0404,20241010,1
24004ILA_0411,20241010,1
24004ILA_0412,20241010,1
24004ILA_0413,20241010,1
24004ILA_0414,20241010,1
24004ILA_0401,20241011,1
24004ILA_0402,20241011,1
24004ILA_0403,20241011,1
24004ILA_0404,20241011,1
24004ILA_0411,20241011,1
24004ILA_0412,20241011,1
24004ILA_0413,20241011,1
24004ILA_0414,20241011,1
24004ILA_0401,20241014,1
24004ILA_0402,20241014,1
24004ILA_0403,20241014,1
24004ILA_0404,20241014,1
24004ILA_0411,20241014,1
24004ILA_0412,20241014,1
24004ILA_0413,20241014,1
24004ILA_0414,20241014,1
24004ILA_0401,20241015,1
24004ILA_0402,20241015,1
24004ILA_0403,20241015,1
24004ILA_0404,20241015,1
24004ILA_0411,20241015,1
24004ILA_0412,20241015,1
24004ILA_0413,20241015,1
24004ILA_0414,20241015,1
24004ILA_0401,20241016,1
24004ILA_0402,20241016,1
24004ILA_0403,20241016,1
24004ILA_0404,20241016,1
24004ILA_0411,20241016,1
24004ILA_0412,20241016,1
24004ILA_0413,20241016,1
24004ILA_0414,20241016,1
24004ILA_0401,20241017,1
24004ILA_0402,20241017,1
24004ILA_0403,20241017,1
24004ILA_0404,20241017,1
24004ILA_0411,20241017,1
24004ILA_0412,20241017,1
24004ILA_0413,20241017,1
24004ILA_0414,20241017,1
24004ILA_0401,20241018,1
24004ILA_0402,20241018,1
24004ILA_0403,20241018,1
24004ILA_0404,20241018,1
24004ILA_0411,20241018,1
24004ILA_0412,20241018,1
24004ILA_0413,20241018,1
24004ILA_0414,20241018,1
24004ILA_0401,20241021,1
24004ILA_0402,20241021,1
24004ILA_0403,20241021,1
24004ILA_0404,20241021,1
24004ILA_0411,20241021,1
24004ILA_0412,20241021,1
24004ILA_0413,20241021,1
24004ILA_0414,20241021,1
24004ILA_0401,20241022,1
24004ILA_0402,20241022,1
24004ILA_0403,20241022,1
24004ILA_0404,20241022,1
24004ILA_0411,20241022,1
24004ILA_0412,20241022,1
24004ILA_0413,20241022,1
24004ILA_0414,20241022,1
24004ILA_0401,20241023,1
24004ILA_0402,20241023,1
24004ILA_0403,20241023,1
24004ILA_0404,20241023,1
24004ILA_0411,20241023,1
24004ILA_0412,20241023,1
24004ILA_0413,20241023,1
24004ILA_0414,20241023,1
24004ILA_0401,20241024,1
24004ILA_0402,20241024,1
24004ILA_0403,20241024,1
24004ILA_0404,20241024,1
24004ILA_0411,20241024,1
24004ILA_0412,20241024,1
24004ILA_0413,20241024,1
24004ILA_0414,20241024,1
24004ILA_0401,20241025,1
24004ILA_0402,20241025,1
24004ILA_0403,20241025,1
24004ILA_0404,20241025,1
24004ILA_0411,20241025,1
24004ILA_0412,20241025,1
24004ILA_0413,20241025,1
24004ILA_0414,20241025,1
24004ILA_0401,20241028,1
24004ILA_0402,20241028,1
24004ILA_0403,20241028,1
24004ILA_0404,20241028,1
24004ILA_0411,20241028,1
24004ILA_0412,20241028,1
24004ILA_0413,20241028,1
24004ILA_0414,20241028,1
24004ILA_0401,20241029,1
24004ILA_0402,20241029,1
24004ILA_0403,20241029,1
24004ILA_0404,20241029,1
24004ILA_0411,20241029,1
24004ILA_0412,20241029,1
24004ILA_0413,20241029,1
24004ILA_0414,20241029,1
24004ILA_0401,20241030,1
24004ILA_0402,20241030,1
24004ILA_0403,20241030,1
24004ILA_0404,20241030,1
24004ILA_0411,20241030,1
24004ILA_0412,20241030,1
24004ILA_0413,20241030,1
24004ILA_0414,20241030,1
24004ILA_0401,20241031,1
24004ILA_0402,20241031,1
24004ILA_0403,20241031,1
24004ILA_0404,20241031,1
24004ILA_0411,20241031,1
24004ILA_0412,20241031,1
24004ILA_0413,20241031,1
24004ILA_0414,20241031,1
24004ILA_0401,20241104,1
24004ILA_0402,20241104,1
24004ILA_0403,20241104,1
24004ILA_0404,20241104,1
24004ILA_0411,20241104,1
24004ILA_0412,20241104,1
24004ILA_0413,20241104,1
24004ILA_0414,20241104,1
24004ILA_0401,20241105,1
24004ILA_0402,20241105,1
24004ILA_0403,20241105,1
24004ILA_0404,20241105,1
24004ILA_0411,20241105,1
24004ILA_0412,20241105,1
24004ILA_0413,20241105,1
24004ILA_0414,20241105,1
24004ILA_0401,20241106,1
24004ILA_0402,20241106,1
24004ILA_0403,20241106,1
24004ILA_0404,20241106,1
24004ILA_0411,20241106,1
24004ILA_0412,20241106,1
24004ILA_0413,20241106,1
24004ILA_0414,20241106,1
24004ILA_0401,20241107,1
24004ILA_0402,20241107,1
24004ILA_0403,20241107,1
24004ILA_0404,20241107,1
24004ILA_0411,20241107,1
24004ILA_0412,20241107,1
24004ILA_0413,20241107,1
24004ILA_0414,20241107,1
24004ILA_0401,20241108,1
24004ILA_0402,20241108,1
24004ILA_0403,20241108,1
24004ILA_0404,20241108,1
24004ILA_0411,20241108,1
24004ILA_0412,20241108,1
24004ILA_0413,20241108,1
24004ILA_0414,20241108,1
24004ILA_0401,20241111,1
24004ILA_0402,20241111,1
24004ILA_0403,20241111,1
24004ILA_0404,20241111,1
24004ILA_0411,20241111,1
24004ILA_0412,20241111,1
24004ILA_0413,20241111,1
24004ILA_0414,20241111,1
24004ILA_0401,20241112,1
24004ILA_0402,20241112,1
24004ILA_0403,20241112,1
24004ILA_0404,20241112,1
24004ILA_0411,20241112,1
24004ILA_0412,20241112,1
24004ILA_0413,20241112,1
24004ILA_0414,20241112,1
24004ILA_0401,20241113,1
24004ILA_0402,20241113,1
24004ILA_0403,20241113,1
24004ILA_0404,20241113,1
24004ILA_0411,20241113,1
24004ILA_0412,20241113,1
24004ILA_0413,20241113,1
24004ILA_0414,20241113,1
24004ILA_0401,20241114,1
24004ILA_0402,20241114,1
24004ILA_0403,20241114,1
24004ILA_0404,20241114,1
24004ILA_0411,20241114,1
24004ILA_0412,20241114,1
24004ILA_0413,20241114,1
24004ILA_0414,20241114,1
24004ILA_0401,20241115,1
24004ILA_0402,20241115,1
24004ILA_0403,20241115,1
24004ILA_0404,20241115,1
24004ILA_0411,20241115,1
24004ILA_0412,20241115,1
24004ILA_0413,20241115,1
24004ILA_0414,20241115,1
24004ILA_0401,20241118,1
24004ILA_0402,20241118,1
24004ILA_0403,20241118,1
24004ILA_0404,20241118,1
24004ILA_0411,20241118,1
24004ILA_0412,20241118,1
24004ILA_0413,20241118,1
24004ILA_0414,20241118,1
24004ILA_0401,20241119,1
24004ILA_0402,20241119,1
24004ILA_0403,20241119,1
24004ILA_0404,20241119,1
24004ILA_0411,20241119,1
24004ILA_0412,20241119,1
24004ILA_0413,20241119,1
24004ILA_0414,20241119,1
24004ILA_0401,20241120,1
24004ILA_0402,20241120,1
24004ILA_0403,20241120,1
24004ILA_0404,20241120,1
24004ILA_0411,20241120,1
24004ILA_0412,20241120,1
24004ILA_0413,20241120,1
24004ILA_0414,20241120,1
24004ILA_0401,20241121,1
24004ILA_0402,20241121,1
24004ILA_0403,20241121,1
24004ILA_0404,20241121,1
24004ILA_0411,20241121,1
24004ILA_0412,20241121,1
24004ILA_0413,20241121,1
24004ILA_0414,20241121,1
24004ILA_0401,20241122,1
24004ILA_0402,20241122,1
24004ILA_0403,20241122,1
24004ILA_0404,20241122,1
24004ILA_0411,20241122,1
24004ILA_0412,20241122,1
24004ILA_0413,20241122,1
24004ILA_0414,20241122,1
24004ILA_0401,20241125,1
24004ILA_0402,20241125,1
24004ILA_0403,20241125,1
24004ILA_0404,20241125,1
24004ILA_0411,20241125,1
24004ILA_0412,20241125,1
24004ILA_0413,20241125,1
24004ILA_0414,20241125,1
24004ILA_0401,20241126,1
24004ILA_0402,20241126,1
24004ILA_0403,20241126,1
24004ILA_0404,20241126,1
24004ILA_0411,20241126,1
24004ILA_0412,20241126,1
24004ILA_0413,20241126,1
24004ILA_0414,20241126,1
24004ILA_0401,20241127,1
24004ILA_0402,20241127,1
24004ILA_0403,20241127,1
24004ILA_0404,20241127,1
24004ILA_0411,20241127,1
24004ILA_0412,20241127,1
24004ILA_0413,20241127,1
24004ILA_0414,20241127,1
24004ILA_0401,20241128,1
24004ILA_0402,20241128,1
24004ILA_0403,20241128,1
24004ILA_0404,20241128,1
24004ILA_0411,20241128,1
24004ILA_0412,20241128,1
24004ILA_0413,20241128,1
24004ILA_0414,20241128,1
24004ILA_0401,20241129,1
24004ILA_0402,20241129,1
24004ILA_0403,20241129,1
24004ILA_0404,20241129,1
24004ILA_0411,20241129,1
24004ILA_0412,20241129,1
24004ILA_0413,20241129,1
24004ILA_0414,20241129,1
24004ILA_0401,20241202,1
24004ILA_0402,20241202,1
24004ILA_0403,20241202,1
24004ILA_0404,20241202,1
24004ILA_0411,20241202,1
24004ILA_0412,20241202,1
24004ILA_0413,20241202,1
24004ILA_0414,20241202,1
24004ILA_0401,20241203,1
24004ILA_0402,20241203,1
24004ILA_0403,20241203,1
24004ILA_0404,20241203,1
24004ILA_0411,20241203,1
24004ILA_0412,20241203,1
24004ILA_0413,20241203,1
24004ILA_0414,20241203,1
24004ILA_0401,20241204,1
24004ILA_0402,20241204,1
24004ILA_0403,20241204,1
24004ILA_0404,20241204,1
24004ILA_0411,20241204,1
24004ILA_0412,20241204,1
24004ILA_0413,20241204,1
24004ILA_0414,20241204,1
24004ILA_0401,20241205,1
24004ILA_0402,20241205,1
24004ILA_0403,20241205,1
24004ILA_0404,20241205,1
24004ILA_0411,20241205,1
24004ILA_0412,20241205,1
24004ILA_0413,20241205,1
24004ILA_0414,20241205,1
24004ILA_0401,20241209,1
24004ILA_0402,20241209,1
24004ILA_0403,20241209,1
24004ILA_0404,20241209,1
24004ILA_0411,20241209,1
24004ILA_0412,20241209,1
24004ILA_0413,20241209,1
24004ILA_0414,20241209,1
24004ILA_0401,20241210,1
24004ILA_0402,20241210,1
24004ILA_0403,20241210,1
24004ILA_0404,20241210,1
24004ILA_0411,20241210,1
24004ILA_0412,20241210,1
24004ILA_0413,20241210,1
24004ILA_0414,20241210,1
24004ILA_0401,20241211,1
24004ILA_0402,20241211,1
24004ILA_0403,20241211,1
24004ILA_0404,20241211,1
24004ILA_0411,20241211,1
24004ILA_0412,20241211,1
24004ILA_0413,20241211,1
24004ILA_0414,20241211,1
24004ILA_0401,20241212,1
24004ILA_0402,20241212,1
24004ILA_0403,20241212,1
24004ILA_0404,20241212,1
24004ILA_0411,20241212,1
24004ILA_0412,20241212,1
24004ILA_0413,20241212,1
24004ILA_0414,20241212,1
24004ILA_0401,20241213,1
24004ILA_0402,20241213,1
24004ILA_0403,20241213,1
24004ILA_0404,20241213,1
24004ILA_0411,20241213,1
24004ILA_0412,20241213,1
24004ILA_0413,20241213,1
24004ILA_0414,20241213,1
24004ILA_0401,20241216,1
24004ILA_0402,20241216,1
24004ILA_0403,20241216,1
24004ILA_0404,20241216,1
24004ILA_0411,20241216,1
24004ILA_0412,20241216,1
24004ILA_0413,20241216,1
24004ILA_0414,20241216,1
24004ILA_0401,20241217,1
24004ILA_0402,20241217,1
24004ILA_0403,20241217,1
24004ILA_0404,20241217,1
24004ILA_0411,20241217,1
24004ILA_0412,20241217,1
24004ILA_0413,20241217,1
24004ILA_0414,20241217,1
24004ILA_0401,20241218,1
24004ILA_0402,20241218,1
24004ILA_0403,20241218,1
24004ILA_0404,20241218,1
24004ILA_0411,20241218,1
24004ILA_0412,20241218,1
24004ILA_0413,20241218,1
24004ILA_0414,20241218,1
24004ILA_0401,20241219,1
24004ILA_0402,20241219,1
24004ILA_0403,20241219,1
24004ILA_0404,20241219,1
24004ILA_0411,20241219,1
24004ILA_0412,20241219,1
24004ILA_0413,20241219,1
24004ILA_0414,20241219,1
24004ILA_0401,20241220,1
24004ILA_0402,20241220,1
24004ILA_0403,20241220,1
24004ILA_0404,20241220,1
24004ILA_0411,20241220,1
24004ILA_0412,20241220,1
24004ILA_0413,20241220,1
24004ILA_0414,20241220,1
24004ILA_0401,20241223,1
24004ILA_0402,20241223,1
24004ILA_0403,20241223,1
24004ILA_0404,20241223,1
24004ILA_0411,20241223,1
24004ILA_0412,20241223,1
24004ILA_0413,20241223,1
24004ILA_0414,20241223,1
24004ILA_0401,20241224,1
24004ILA_0402,20241224,1
24004ILA_0403,20241224,1
24004ILA_0404,20241224,1
24004ILA_0411,20241224,1
24004ILA_0412,20241224,1
24004ILA_0413,20241224,1
24004ILA_0414,20241224,1
24004ILA_0401,20241226,1
24004ILA_0402,20241226,1
24004ILA_0403,20241226,1
24004ILA_0404,20241226,1
24004ILA_0411,20241226,1
24004ILA_0412,20241226,1
24004ILA_0413,20241226,1
24004ILA_0414,20241226,1
24004ILA_0401,20241227,1
24004ILA_0402,20241227,1
24004ILA_0403,20241227,1
24004ILA_0404,20241227,1
24004ILA_0411,20241227,1
24004ILA_0412,20241227,1
24004ILA_0413,20241227,1
24004ILA_0414,20241227,1
24004ILA_0401,20241230,1
24004ILA_0402,20241230,1
24004ILA_0403,20241230,1
24004ILA_0404,20241230,1
24004ILA_0411,20241230,1
24004ILA_0412,20241230,1
24004ILA_0413,20241230,1
24004ILA_0414,20241230,1
24004ILA_0401,20241231,1
24004ILA_0402,20241231,1
24004ILA_0403,20241231,1
24004ILA_0404,20241231,1
24004ILA_0411,20241231,1
24004ILA_0412,20241231,1
24004ILA_0413,20241231,1
24004ILA_0414,20241231,1
24004ILA_0401,20250102,1
24004ILA_0402,20250102,1
24004ILA_0403,20250102,1
24004ILA_0404,20250102,1
24004ILA_0411,20250102,1
24004ILA_0412,20250102,1
24004ILA_0413,20250102,1
24004ILA_0414,20250102,1
24004ILA_0401,20250103,1
24004ILA_0402,20250103,1
24004ILA_0403,20250103,1
24004ILA_0404,20250103,1
24004ILA_0411,20250103,1
24004ILA_0412,20250103,1
24004ILA_0413,20250103,1
24004ILA_0414,20250103,1
24004ILA_0401,20250107,1
24004ILA_0402,20250107,1
24004ILA_0403,20250107,1
24004ILA_0404,20250107,1
24004ILA_0411,20250107,1
24004ILA_0412,20250107,1
24004ILA_0413,20250107,1
24004ILA_0414,20250107,1
24004ILA_0401,20250108,1
24004ILA_0402,20250108,1
24004ILA_0403,20250108,1
24004ILA_0404,20250108,1
24004ILA_0411,20250108,1
24004ILA_0412,20250108,1
24004ILA_0413,20250108,1
24004ILA_0414,20250108,1
24004ILA_0401,20250109,1
24004ILA_0402,20250109,1
24004ILA_0403,20250109,1
24004ILA_0404,20250109,1
24004ILA_0411,20250109,1
24004ILA_0412,20250109,1
24004ILA_0413,20250109,1
24004ILA_0414,20250109,1
24004ILA_0401,20250110,1
24004ILA_0402,20250110,1
24004ILA_0403,20250110,1
24004ILA_0404,20250110,1
24004ILA_0411,20250110,1
24004ILA_0412,20250110,1
24004ILA_0413,20250110,1
24004ILA_0414,20250110,1
24004ILA_0401,20250113,1
24004ILA_0402,20250113,1
24004ILA_0403,20250113,1
24004ILA_0404,20250113,1
24004ILA_0411,20250113,1
24004ILA_0412,20250113,1
24004ILA_0413,20250113,1
24004ILA_0414,20250113,1
24004ILA_0401,20250114,1
24004ILA_0402,20250114,1
24004ILA_0403,20250114,1
24004ILA_0404,20250114,1
24004ILA_0411,20250114,1
24004ILA_0412,20250114,1
24004ILA_0413,20250114,1
24004ILA_0414,20250114,1
24004ILA_0401,20250115,1
24004ILA_0402,20250115,1
24004ILA_0403,20250115,1
24004ILA_0404,20250115,1
24004ILA_0411,20250115,1
24004ILA_0412,20250115,1
24004ILA_0413,20250115,1
24004ILA_0414,20250115,1
24004ILA_0401,20250116,1
24004ILA_0402,20250116,1
24004ILA_0403,20250116,1
24004ILA_0404,20250116,1
24004ILA_0411,20250116,1
24004ILA_0412,20250116,1
24004ILA_0413,20250116,1
24004ILA_0414,20250116,1
24004ILA_0401,20250117,1
24004ILA_0402,20250117,1
24004ILA_0403,20250117,1
24004ILA_0404,20250117,1
24004ILA_0411,20250117,1
24004ILA_0412,20250117,1
24004ILA_0413,20250117,1
24004ILA_0414,20250117,1
24004ILA_0401,20250120,1
24004ILA_0402,20250120,1
24004ILA_0403,20250120,1
24004ILA_0404,20250120,1
24004ILA_0411,20250120,1
24004ILA_0412,20250120,1
24004ILA_0413,20250120,1
24004ILA_0414,20250120,1
24004ILA_0401,20250121,1
24004ILA_0402,20250121,1
24004ILA_0403,20250121,1
24004ILA_0404,20250121,1
24004ILA_0411,20250121,1
24004ILA_0412,20250121,1
24004ILA_0413,20250121,1
24004ILA_0414,20250121,1
24004ILA_0401,20250122,1
24004ILA_0402,20250122,1
24004ILA_0403,20250122,1
24004ILA_0404,20250122,1
24004ILA_0411,20250122,1
24004ILA_0412,20250122,1
24004ILA_0413,20250122,1
24004ILA_0414,20250122,1
24004ILA_0401,20250123,1
24004ILA_0402,20250123,1
24004ILA_0403,20250123,1
24004ILA_0404,20250123,1
24004ILA_0411,20250123,1
24004ILA_0412,20250123,1
24004ILA_0413,20250123,1
24004ILA_0414,20250123,1
24004ILA_0401,20250124,1
24004ILA_0402,20250124,1
24004ILA_0403,20250124,1
24004ILA_0404,20250124,1
24004ILA_0411,20250124,1
24004ILA_0412,20250124,1
24004ILA_0413,20250124,1
24004ILA_0414,20250124,1
24004ILA_0401,20250127,1
24004ILA_0402,20250127,1
24004ILA_0403,20250127,1
24004ILA_0404,20250127,1
24004ILA_0411,20250127,1
24004ILA_0412,20250127,1
24004ILA_0413,20250127,1
24004ILA_0414,20250127,1
24004ILA_0401,20250128,1
24004ILA_0402,20250128,1
24004ILA_0403,20250128,1
24004ILA_0404,20250128,1
24004ILA_0411,20250128,1
24004ILA_0412,20250128,1
24004ILA_0413,20250128,1
24004ILA_0414,20250128,1
24004ILA_0401,20250129,1
24004ILA_0402,20250129,1
24004ILA_0403,20250129,1
24004ILA_0404,20250129,1
24004ILA_0411,20250129,1
24004ILA_0412,20250129,1
24004ILA_0413,20250129,1
24004ILA_0414,20250129,1
24004ILA_0401,20250130,1
24004ILA_0402,20250130,1
24004ILA_0403,20250130,1
24004ILA_0404,20250130,1
24004ILA_0411,20250130,1
24004ILA_0412,20250130,1
24004ILA_0413,20250130,1
24004ILA_0414,20250130,1
24004ILA_0401,20250131,1
24004ILA_0402,20250131,1
24004ILA_0403,20250131,1
24004ILA_0404,20250131,1
24004ILA_0411,20250131,1
24004ILA_0412,20250131,1
24004ILA_0413,20250131,1
24004ILA_0414,20250131,1
24004ILA_0401,20250203,1
24004ILA_0402,20250203,1
24004ILA_0403,20250203,1
24004ILA_0404,20250203,1
24004ILA_0411,20250203,1
24004ILA_0412,20250203,1
24004ILA_0413,20250203,1
24004ILA_0414,20250203,1
24004ILA_0401,20250204,1
24004ILA_0402,20250204,1
24004ILA_0403,20250204,1
24004ILA_0404,20250204,1
24004ILA_0411,20250204,1
24004ILA_0412,20250204,1
24004ILA_0413,20250204,1
24004ILA_0414,20250204,1
24004ILA_0401,20250205,1
24004ILA_0402,20250205,1
24004ILA_0403,20250205,1
24004ILA_0404,20250205,1
24004ILA_0411,20250205,1
24004ILA_0412,20250205,1
24004ILA_0413,20250205,1
24004ILA_0414,20250205,1
24004ILA_0401,20250206,1
24004ILA_0402,20250206,1
24004ILA_0403,20250206,1
24004ILA_0404,20250206,1
24004ILA_0411,20250206,1
24004ILA_0412,20250206,1
24004ILA_0413,20250206,1
24004ILA_0414,20250206,1
24004ILA_0401,20250207,1
24004ILA_0402,20250207,1
24004ILA_0403,20250207,1
24004ILA_0404,20250207,1
24004ILA_0411,20250207,1
24004ILA_0412,20250207,1
24004ILA_0413,20250207,1
24004ILA_0414,20250207,1
24004ILA_0401,20250210,1
24004ILA_0402,20250210,1
24004ILA_0403,20250210,1
24004ILA_0404,20250210,1
24004ILA_0411,20250210,1
24004ILA_0412,20250210,1
24004ILA_0413,20250210,1
24004ILA_0414,20250210,1
24004ILA_0401,20250211,1
24004ILA_0402,20250211,1
24004ILA_0403,20250211,1
24004ILA_0404,20250211,1
24004ILA_0411,20250211,1
24004ILA_0412,20250211,1
24004ILA_0413,20250211,1
24004ILA_0414,20250211,1
24004ILA_0401,20250212,1
24004ILA_0402,20250212,1
24004ILA_0403,20250212,1
24004ILA_0404,20250212,1
24004ILA_0411,20250212,1
24004ILA_0412,20250212,1
24004ILA_0413,20250212,1
24004ILA_0414,20250212,1
24004ILA_0401,20250213,1
24004ILA_0402,20250213,1
24004ILA_0403,20250213,1
24004ILA_0404,20250213,1
24004ILA_0411,20250213,1
24004ILA_0412,20250213,1
24004ILA_0413,20250213,1
24004ILA_0414,20250213,1
24004ILA_0401,20250214,1
24004ILA_0402,20250214,1
24004ILA_0403,20250214,1
24004ILA_0404,20250214,1
24004ILA_0411,20250214,1
24004ILA_0412,20250214,1
24004ILA_0413,20250214,1
24004ILA_0414,20250214,1
24004ILA_0401,20250217,1
24004ILA_0402,20250217,1
24004ILA_0403,20250217,1
24004ILA_0404,20250217,1
24004ILA_0411,20250217,1
24004ILA_0412,20250217,1
24004ILA_0413,20250217,1
24004ILA_0414,20250217,1
24004ILA_0401,20250218,1
24004ILA_0402,20250218,1
24004ILA_0403,20250218,1
24004ILA_0404,20250218,1
24004ILA_0411,20250218,1
24004ILA_0412,20250218,1
24004ILA_0413,20250218,1
24004ILA_0414,20250218,1
24004ILA_0401,20250219,1
24004ILA_0402,20250219,1
24004ILA_0403,20250219,1
24004ILA_0404,20250219,1
24004ILA_0411,20250219,1
24004ILA_0412,20250219,1
24004ILA_0413,20250219,1
24004ILA_0414,20250219,1
24004ILA_0401,20250220,1
24004ILA_0402,20250220,1
24004ILA_0403,20250220,1
24004ILA_0404,20250220,1
24004ILA_0411,20250220,1
24004ILA_0412,20250220,1
24004ILA_0413,20250220,1
24004ILA_0414,20250220,1
24004ILA_0401,20250221,1
24004ILA_0402,20250221,1
24004ILA_0403,20250221,1
24004ILA_0404,20250221,1
24004ILA_0411,20250221,1
24004ILA_0412,20250221,1
24004ILA_0413,20250221,1
24004ILA_0414,20250221,1
24004ILA_0401,20250224,1
24004ILA_0402,20250224,1
24004ILA_0403,20250224,1
24004ILA_0404,20250224,1
24004ILA_0411,20250224,1
24004ILA_0412,20250224,1
24004ILA_0413,20250224,1
24004ILA_0414,20250224,1
24004ILA_0401,20250225,1
24004ILA_0402,20250225,1
24004ILA_0403,20250225,1
24004ILA_0404,20250225,1
24004ILA_0411,20250225,1
24004ILA_0412,20250225,1
24004ILA_0413,20250225,1
24004ILA_0414,20250225,1
24004ILA_0401,20250226,1
24004ILA_0402,20250226,1
24004ILA_0403,20250226,1
24004ILA_0404,20250226,1
24004ILA_0411,20250226,1
24004ILA_0412,20250226,1
24004ILA_0413,20250226,1
24004ILA_0414,20250226,1
24004ILA_0401,20250227,1
24004ILA_0402,20250227,1
24004ILA_0403,20250227,1
24004ILA_0404,20250227,1
24004ILA_0411,20250227,1
24004ILA_0412,20250227,1
24004ILA_0413,20250227,1
24004ILA_0414,20250227,1
24004ILA_0401,20250228,1
24004ILA_0402,20250228,1
24004ILA_0403,20250228,1
24004ILA_0404,20250228,1
24004ILA_0411,20250228,1
24004ILA_0412,20250228,1
24004ILA_0413,20250228,1
24004ILA_0414,20250228,1
24004ILA_0401,20250303,1
24004ILA_0402,20250303,1
24004ILA_0403,20250303,1
24004ILA_0404,20250303,1
24004ILA_0411,20250303,1
24004ILA_0412,20250303,1
24004ILA_0413,20250303,1
24004ILA_0414,20250303,1
24004ILA_0401,20250304,1
24004ILA_0402,20250304,1
24004ILA_0403,20250304,1
24004ILA_0404,20250304,1
24004ILA_0411,20250304,1
24004ILA_0412,20250304,1
24004ILA_0413,20250304,1
24004ILA_0414,20250304,1
24004ILA_0401,20250305,1
24004ILA_0402,20250305,1
24004ILA_0403,20250305,1
24004ILA_0404,20250305,1
24004ILA_0411,20250305,1
24004ILA_0412,20250305,1
24004ILA_0413,20250305,1
24004ILA_0414,20250305,1
24004ILA_0401,20250306,1
24004ILA_0402,20250306,1
24004ILA_0403,20250306,1
24004ILA_0404,20250306,1
24004ILA_0411,20250306,1
24004ILA_0412,20250306,1
24004ILA_0413,20250306,1
24004ILA_0414,20250306,1
24004ILA_0401,20250307,1
24004ILA_0402,20250307,1
24004ILA_0403,20250307,1
24004ILA_0404,20250307,1
24004ILA_0411,20250307,1
24004ILA_0412,20250307,1
24004ILA_0413,20250307,1
24004ILA_0414,20250307,1
24004ILA_0401,20250310,1
24004ILA_0402,20250310,1
24004ILA_0403,20250310,1
24004ILA_0404,20250310,1
24004ILA_0411,20250310,1
24004ILA_0412,20250310,1
24004ILA_0413,20250310,1
24004ILA_0414,20250310,1
24004ILA_0401,20250311,1
24004ILA_0402,20250311,1
24004ILA_0403,20250311,1
24004ILA_0404,20250311,1
24004ILA_0411,20250311,1
24004ILA_0412,20250311,1
24004ILA_0413,20250311,1
24004ILA_0414,20250311,1
24004ILA_0401,20250312,1
24004ILA_0402,20250312,1
24004ILA_0403,20250312,1
24004ILA_0404,20250312,1
24004ILA_0411,20250312,1
24004ILA_0412,20250312,1
24004ILA_0413,20250312,1
24004ILA_0414,20250312,1
24004ILA_0401,20250313,1
24004ILA_0402,20250313,1
24004ILA_0403,20250313,1
24004ILA_0404,20250313,1
24004ILA_0411,20250313,1
24004ILA_0412,20250313,1
24004ILA_0413,20250313,1
24004ILA_0414,20250313,1
24004ILA_0401,20250314,1
24004ILA_0402,20250314,1
24004ILA_0403,20250314,1
24004ILA_0404,20250314,1
24004ILA_0411,20250314,1
24004ILA_0412,20250314,1
24004ILA_0413,20250314,1
24004ILA_0414,20250314,1
24004ILA_0401,20250317,1
24004ILA_0402,20250317,1
24004ILA_0403,20250317,1
24004ILA_0404,20250317,1
24004ILA_0411,20250317,1
24004ILA_0412,20250317,1
24004ILA_0413,20250317,1
24004ILA_0414,20250317,1
24004ILA_0401,20250318,1
24004ILA_0402,20250318,1
24004ILA_0403,20250318,1
24004ILA_0404,20250318,1
24004ILA_0411,20250318,1
24004ILA_0412,20250318,1
24004ILA_0413,20250318,1
24004ILA_0414,20250318,1
24004ILA_0401,20250319,1
24004ILA_0402,20250319,1
24004ILA_0403,20250319,1
24004ILA_0404,20250319,1
24004ILA_0411,20250319,1
24004ILA_0412,20250319,1
24004ILA_0413,20250319,1
24004ILA_0414,20250319,1
24004ILA_0401,20250320,1
24004ILA_0402,20250320,1
24004ILA_0403,20250320,1
24004ILA_0404,20250320,1
24004ILA_0411,20250320,1
24004ILA_0412,20250320,1
24004ILA_0413,20250320,1
24004ILA_0414,20250320,1
24004ILA_0401,20250321,1
24004ILA_0402,20250321,1
24004ILA_0403,20250321,1
24004ILA_0404,20250321,1
24004ILA_0411,20250321,1
24004ILA_0412,20250321,1
24004ILA_0413,20250321,1
24004ILA_0414,20250321,1
24004ILA_0401,20250324,1
24004ILA_0402,20250324,1
24004ILA_0403,20250324,1
24004ILA_0404,20250324,1
24004ILA_0411,20250324,1
24004ILA_0412,20250324,1
24004ILA_0413,20250324,1
24004ILA_0414,20250324,1
24004ILA_0401,20250325,1
24004ILA_0402,20250325,1
24004ILA_0403,20250325,1
24004ILA_0404,20250325,1
24004ILA_0411,20250325,1
24004ILA_0412,20250325,1
24004ILA_0413,20250325,1
24004ILA_0414,20250325,1
24004ILA_0401,20250326,1
24004ILA_0402,20250326,1
24004ILA_0403,20250326,1
24004ILA_0404,20250326,1
24004ILA_0411,20250326,1
24004ILA_0412,20250326,1
24004ILA_0413,20250326,1
24004ILA_0414,20250326,1
24004ILA_0401,20250327,1
24004ILA_0402,20250327,1
24004ILA_0403,20250327,1
24004ILA_0404,20250327,1
24004ILA_0411,20250327,1
24004ILA_0412,20250327,1
24004ILA_0413,20250327,1
24004ILA_0414,20250327,1
24004ILA_0401,20250328,1
24004ILA_0402,20250328,1
24004ILA_0403,20250328,1
24004ILA_0404,20250328,1
24004ILA_0411,20250328,1
24004ILA_0412,20250328,1
24004ILA_0413,20250328,1
24004ILA_0414,20250328,1
24004ILA_0401,20250331,1
24004ILA_0402,20250331,1
24004ILA_0403,20250331,1
24004ILA_0404,20250331,1
24004ILA_0411,20250331,1
24004ILA_0412,20250331,1
24004ILA_0413,20250331,1
24004ILA_0414,20250331,1
24004ILA_0401,20250401,1
24004ILA_0402,20250401,1
24004ILA_0403,20250401,1
24004ILA_0404,20250401,1
24004ILA_0411,20250401,1
24004ILA_0412,20250401,1
24004ILA_0413,20250401,1
24004ILA_0414,20250401,1
24004ILA_0401,20250402,1
24004ILA_0402,20250402,1
24004ILA_0403,20250402,1
24004ILA_0404,20250402,1
24004ILA_0411,20250402,1
24004ILA_0412,20250402,1
24004ILA_0413,20250402,1
24004ILA_0414,20250402,1
24004ILA_0401,20250403,1
24004ILA_0402,20250403,1
24004ILA_0403,20250403,1
24004ILA_0404,20250403,1
24004ILA_0411,20250403,1
24004ILA_0412,20250403,1
24004ILA_0413,20250403,1
24004ILA_0414,20250403,1
24004ILA_0401,20250404,1
24004ILA_0402,20250404,1
24004ILA_0403,20250404,1
24004ILA_0404,20250404,1
24004ILA_0411,20250404,1
24004ILA_0412,20250404,1
24004ILA_0413,20250404,1
24004ILA_0414,20250404,1
24004ILA_0401,20250407,1
24004ILA_0402,20250407,1
24004ILA_0403,20250407,1
24004ILA_0404,20250407,1
24004ILA_0411,20250407,1
24004ILA_0412,20250407,1
24004ILA_0413,20250407,1
24004ILA_0414,20250407,1
24004ILA_0401,20250408,1
24004ILA_0402,20250408,1
24004ILA_0403,20250408,1
24004ILA_0404,20250408,1
24004ILA_0411,20250408,1
24004ILA_0412,20250408,1
24004ILA_0413,20250408,1
24004ILA_0414,20250408,1
24004ILA_0401,20250409,1
24004ILA_0402,20250409,1
24004ILA_0403,20250409,1
24004ILA_0404,20250409,1
24004ILA_0411,20250409,1
24004ILA_0412,20250409,1
24004ILA_0413,20250409,1
24004ILA_0414,20250409,1
24004ILA_0401,20250410,1
24004ILA_0402,20250410,1
24004ILA_0403,20250410,1
24004ILA_0404,20250410,1
24004ILA_0411,20250410,1
24004ILA_0412,20250410,1
24004ILA_0413,20250410,1
24004ILA_0414,20250410,1
24004ILA_0401,20250411,1
24004ILA_0402,20250411,1
24004ILA_0403,20250411,1
24004ILA_0404,20250411,1
24004ILA_0411,20250411,1
24004ILA_0412,20250411,1
24004ILA_0413,20250411,1
24004ILA_0414,20250411,1
24004ILA_0401,20250414,1
24004ILA_0402,20250414,1
24004ILA_0403,20250414,1
24004ILA_0404,20250414,1
24004ILA_0411,20250414,1
24004ILA_0412,20250414,1
24004ILA_0413,20250414,1
24004ILA_0414,20250414,1
24004ILA_0401,20250415,1
24004ILA_0402,20250415,1
24004ILA_0403,20250415,1
24004ILA_0404,20250415,1
24004ILA_0411,20250415,1
24004ILA_0412,20250415,1
24004ILA_0413,20250415,1
24004ILA_0414,20250415,1
24004ILA_0401,20250416,1
24004ILA_0402,20250416,1
24004ILA_0403,20250416,1
24004ILA_0404,20250416,1
24004ILA_0411,20250416,1
24004ILA_0412,20250416,1
24004ILA_0413,20250416,1
24004ILA_0414,20250416,1
24004ILA_0401,20250421,1
24004ILA_0402,20250421,1
24004ILA_0403,20250421,1
24004ILA_0404,20250421,1
24004ILA_0411,20250421,1
24004ILA_0412,20250421,1
24004ILA_0413,20250421,1
24004ILA_0414,20250421,1
24004ILA_0401,20250422,1
24004ILA_0402,20250422,1
24004ILA_0403,20250422,1
24004ILA_0404,20250422,1
24004ILA_0411,20250422,1
24004ILA_0412,20250422,1
24004ILA_0413,20250422,1
24004ILA_0414,20250422,1
24004ILA_0401,20250423,1
24004ILA_0402,20250423,1
24004ILA_0403,20250423,1
24004ILA_0404,20250423,1
24004ILA_0411,20250423,1
24004ILA_0412,20250423,1
24004ILA_0413,20250423,1
24004ILA_0414,20250423,1
24004ILA_0401,20250424,1
24004ILA_0402,20250424,1
24004ILA_0403,20250424,1
24004ILA_0404,20250424,1
24004ILA_0411,20250424,1
24004ILA_0412,20250424,1
24004ILA_0413,20250424,1
24004ILA_0414,20250424,1
24004ILA_0401,20250425,1
24004ILA_0402,20250425,1
24004ILA_0403,20250425,1
24004ILA_0404,20250425,1
24004ILA_0411,20250425,1
24004ILA_0412,20250425,1
24004ILA_0413,20250425,1
24004ILA_0414,20250425,1
24004ILA_0401,20250428,1
24004ILA_0402,20250428,1
24004ILA_0403,20250428,1
24004ILA_0404,20250428,1
24004ILA_0411,20250428,1
24004ILA_0412,20250428,1
24004ILA_0413,20250428,1
24004ILA_0414,20250428,1
24004ILA_0401,20250429,1
24004ILA_0402,20250429,1
24004ILA_0403,20250429,1
24004ILA_0404,20250429,1
24004ILA_0411,20250429,1
24004ILA_0412,20250429,1
24004ILA_0413,20250429,1
24004ILA_0414,20250429,1
24004ILA_0401,20250430,1
24004ILA_0402,20250430,1
24004ILA_0403,20250430,1
24004ILA_0404,20250430,1
24004ILA_0411,20250430,1
24004ILA_0412,20250430,1
24004ILA_0413,20250430,1
24004ILA_0414,20250430,1
24004ILA_0401,20250502,1
24004ILA_0402,20250502,1
24004ILA_0403,20250502,1
24004ILA_0404,20250502,1
24004ILA_0411,20250502,1
24004ILA_0412,20250502,1
24004ILA_0413,20250502,1
24004ILA_0414,20250502,1
24004ILA_0401,20250505,1
24004ILA_0402,20250505,1
24004ILA_0403,20250505,1
24004ILA_0404,20250505,1
24004ILA_0411,20250505,1
24004ILA_0412,20250505,1
24004ILA_0413,20250505,1
24004ILA_0414,20250505,1
24004ILA_0401,20250506,1
24004ILA_0402,20250506,1
24004ILA_0403,20250506,1
24004ILA_0404,20250506,1
24004ILA_0411,20250506,1
24004ILA_0412,20250506,1
24004ILA_0413,20250506,1
24004ILA_0414,20250506,1
24004ILA_0401,20250507,1
24004ILA_0402,20250507,1
24004ILA_0403,20250507,1
24004ILA_0404,20250507,1
24004ILA_0411,20250507,1
24004ILA_0412,20250507,1
24004ILA_0413,20250507,1
24004ILA_0414,20250507,1
24004ILA_0401,20250508,1
24004ILA_0402,20250508,1
24004ILA_0403,20250508,1
24004ILA_0404,20250508,1
24004ILA_0411,20250508,1
24004ILA_0412,20250508,1
24004ILA_0413,20250508,1
24004ILA_0414,20250508,1
24004ILA_0401,20250509,1
24004ILA_0402,20250509,1
24004ILA_0403,20250509,1
24004ILA_0404,20250509,1
24004ILA_0411,20250509,1
24004ILA_0412,20250509,1
24004ILA_0413,20250509,1
24004ILA_0414,20250509,1
24004ILA_0401,20250512,1
24004ILA_0402,20250512,1
24004ILA_0403,20250512,1
24004ILA_0404,20250512,1
24004ILA_0411,20250512,1
24004ILA_0412,20250512,1
24004ILA_0413,20250512,1
24004ILA_0414,20250512,1
24004ILA_0401,20250513,1
24004ILA_0402,20250513,1
24004ILA_0403,20250513,1
24004ILA_0404,20250513,1
24004ILA_0411,20250513,1
24004ILA_0412,20250513,1
24004ILA_0413,20250513,1
24004ILA_0414,20250513,1
24004ILA_0401,20250514,1
24004ILA_0402,20250514,1
24004ILA_0403,20250514,1
24004ILA_0404,20250514,1
24004ILA_0411,20250514,1
24004ILA_0412,20250514,1
24004ILA_0413,20250514,1
24004ILA_0414,20250514,1
24004ILA_0401,20250515,1
24004ILA_0402,20250515,1
24004ILA_0403,20250515,1
24004ILA_0404,20250515,1
24004ILA_0411,20250515,1
24004ILA_0412,20250515,1
24004ILA_0413,20250515,1
24004ILA_0414,20250515,1
24004ILA_0401,20250516,1
24004ILA_0402,20250516,1
24004ILA_0403,20250516,1
24004ILA_0404,20250516,1
24004ILA_0411,20250516,1
24004ILA_0412,20250516,1
24004ILA_0413,20250516,1
24004ILA_0414,20250516,1
24004ILA_0401,20250519,1
24004ILA_0402,20250519,1
24004ILA_0403,20250519,1
24004ILA_0404,20250519,1
24004ILA_0411,20250519,1
24004ILA_0412,20250519,1
24004ILA_0413,20250519,1
24004ILA_0414,20250519,1
24004ILA_0401,20250520,1
24004ILA_0402,20250520,1
24004ILA_0403,20250520,1
24004ILA_0404,20250520,1
24004ILA_0411,20250520,1
24004ILA_0412,20250520,1
24004ILA_0413,20250520,1
24004ILA_0414,20250520,1
24004ILA_0401,20250521,1
24004ILA_0402,20250521,1
24004ILA_0403,20250521,1
24004ILA_0404,20250521,1
24004ILA_0411,20250521,1
24004ILA_0412,20250521,1
24004ILA_0413,20250521,1
24004ILA_0414,20250521,1
24004ILA_0401,20250522,1
24004ILA_0402,20250522,1
24004ILA_0403,20250522,1
24004ILA_0404,20250522,1
24004ILA_0411,20250522,1
24004ILA_0412,20250522,1
24004ILA_0413,20250522,1
24004ILA_0414,20250522,1
24004ILA_0401,20250523,1
24004ILA_0402,20250523,1
24004ILA_0403,20250523,1
24004ILA_0404,20250523,1
24004ILA_0411,20250523,1
24004ILA_0412,20250523,1
24004ILA_0413,20250523,1
24004ILA_0414,20250523,1
24004ILA_0401,20250526,1
24004ILA_0402,20250526,1
24004ILA_0403,20250526,1
24004ILA_0404,20250526,1
24004ILA_0411,20250526,1
24004ILA_0412,20250526,1
24004ILA_0413,20250526,1
24004ILA_0414,20250526,1
24004ILA_0401,20250527,1
24004ILA_0402,20250527,1
24004ILA_0403,20250527,1
24004ILA_0404,20250527,1
24004ILA_0411,20250527,1
24004ILA_0412,20250527,1
24004ILA_0413,20250527,1
24004ILA_0414,20250527,1
24004ILA_0401,20250528,1
24004ILA_0402,20250528,1
24004ILA_0403,20250528,1
24004ILA_0404,20250528,1
24004ILA_0411,20250528,1
24004ILA_0412,20250528,1
24004ILA_0413,20250528,1
24004ILA_0414,20250528,1
24004ILA_0401,20250529,1
24004ILA_0402,20250529,1
24004ILA_0403,20250529,1
24004ILA_0404,20250529,1
24004ILA_0411,20250529,1
24004ILA_0412,20250529,1
24004ILA_0413,20250529,1
24004ILA_0414,20250529,1
24004ILA_0401,20250530,1
24004ILA_0402,20250530,1
24004ILA_0403,20250530,1
24004ILA_0404,20250530,1
24004ILA_0411,20250530,1
24004ILA_0412,20250530,1
24004ILA_0413,20250530,1
24004ILA_0414,20250530,1
24004ILA_0401,20250602,1
24004ILA_0402,20250602,1
24004ILA_0403,20250602,1
24004ILA_0404,20250602,1
24004ILA_0411,20250602,1
24004ILA_0412,20250602,1
24004ILA_0413,20250602,1
24004ILA_0414,20250602,1
24004ILA_0401,20250603,1
24004ILA_0402,20250603,1
24004ILA_0403,20250603,1
24004ILA_0404,20250603,1
24004ILA_0411,20250603,1
24004ILA_0412,20250603,1
24004ILA_0413,20250603,1
24004ILA_0414,20250603,1
24004ILA_0401,20250604,1
24004ILA_0402,20250604,1
24004ILA_0403,20250604,1
24004ILA_0404,20250604,1
24004ILA_0411,20250604,1
24004ILA_0412,20250604,1
24004ILA_0413,20250604,1
24004ILA_0414,20250604,1
24004ILA_0401,20250605,1
24004ILA_0402,20250605,1
24004ILA_0403,20250605,1
24004ILA_0404,20250605,1
24004ILA_0411,20250605,1
24004ILA_0412,20250605,1
24004ILA_0413,20250605,1
24004ILA_0414,20250605,1
24004ILA_0401,20250606,1
24004ILA_0402,20250606,1
24004ILA_0403,20250606,1
24004ILA_0404,20250606,1
24004ILA_0411,20250606,1
24004ILA_0412,20250606,1
24004ILA_0413,20250606,1
24004ILA_0414,20250606,1
24004ILA_0401,20250610,1
24004ILA_0402,20250610,1
24004ILA_0403,20250610,1
24004ILA_0404,20250610,1
24004ILA_0411,20250610,1
24004ILA_0412,20250610,1
24004ILA_0413,20250610,1
24004ILA_0414,20250610,1
24004ILA_0401,20250611,1
24004ILA_0402,20250611,1
24004ILA_0403,20250611,1
24004ILA_0404,20250611,1
24004ILA_0411,20250611,1
24004ILA_0412,20250611,1
24004ILA_0413,20250611,1
24004ILA_0414,20250611,1
24004ILA_0401,20250612,1
24004ILA_0402,20250612,1
24004ILA_0403,20250612,1
24004ILA_0404,20250612,1
24004ILA_0411,20250612,1
24004ILA_0412,20250612,1
24004ILA_0413,20250612,1
24004ILA_0414,20250612,1
24004ILA_0401,20250613,1
24004ILA_0402,20250613,1
24004ILA_0403,20250613,1
24004ILA_0404,20250613,1
24004ILA_0411,20250613,1
24004ILA_0412,20250613,1
24004ILA_0413,20250613,1
24004ILA_0414,20250613,1
24004ILA_0401,20250616,1
24004ILA_0402,20250616,1
24004ILA_0403,20250616,1
24004ILA_0404,20250616,1
24004ILA_0411,20250616,1
24004ILA_0412,20250616,1
24004ILA_0413,20250616,1
24004ILA_0414,20250616,1
24004ILA_0401,20250617,1
24004ILA_0402,20250617,1
24004ILA_0403,20250617,1
24004ILA_0404,20250617,1
24004ILA_0411,20250617,1
24004ILA_0412,20250617,1
24004ILA_0413,20250617,1
24004ILA_0414,20250617,1
24004ILA_0401,20250618,1
24004ILA_0402,20250618,1
24004ILA_0403,20250618,1
24004ILA_0404,20250618,1
24004ILA_0411,20250618,1
24004ILA_0412,20250618,1
24004ILA_0413,20250618,1
24004ILA_0414,20250618,1
24004ILA_0401,20250619,1
24004ILA_0402,20250619,1
24004ILA_0403,20250619,1
24004ILA_0404,20250619,1
24004ILA_0411,20250619,1
24004ILA_0412,20250619,1
24004ILA_0413,20250619,1
24004ILA_0414,20250619,1
24004ILA_0401,20250620,1
24004ILA_0402,20250620,1
24004ILA_0403,20250620,1
24004ILA_0404,20250620,1
24004ILA_0411,20250620,1
24004ILA_0412,20250620,1
24004ILA_0413,20250620,1
24004ILA_0414,20250620,1
24004ILA_0401,20250623,1
24004ILA_0402,20250623,1
24004ILA_0403,20250623,1
24004ILA_0404,20250623,1
24004ILA_0411,20250623,1
24004ILA_0412,20250623,1
24004ILA_0413,20250623,1
24004ILA_0414,20250623,1
24004ILA_0401,20250624,1
24004ILA_0402,20250624,1
24004ILA_0403,20250624,1
24004ILA_0404,20250624,1
24004ILA_0411,20250624,1
24004ILA_0412,20250624,1
24004ILA_0413,20250624,1
24004ILA_0414,20250624,1
24004ILA_0401,20250625,1
24004ILA_0402,20250625,1
24004ILA_0403,20250625,1
24004ILA_0404,20250625,1
24004ILA_0411,20250625,1
24004ILA_0412,20250625,1
24004ILA_0413,20250625,1
24004ILA_0414,20250625,1
24004ILA_0401,20250626,1
24004ILA_0402,20250626,1
24004ILA_0403,20250626,1
24004ILA_0404,20250626,1
24004ILA_0411,20250626,1
24004ILA_0412,20250626,1
24004ILA_0413,20250626,1
24004ILA_0414,20250626,1
24004ILA_0401,20250627,1
24004ILA_0402,20250627,1
24004ILA_0403,20250627,1
24004ILA_0404,20250627,1
24004ILA_0411,20250627,1
24004ILA_0412,20250627,1
24004ILA_0413,20250627,1
24004ILA_0414,20250627,1
24004ILA_0401,20250630,1
24004ILA_0402,20250630,1
24004ILA_0403,20250630,1
24004ILA_0404,20250630,1
24004ILA_0411,20250630,1
24004ILA_0412,20250630,1
24004ILA_0413,20250630,1
24004ILA_0414,20250630,1
24004ISA_0401,20240907,1
24004ISA_0402,20240907,1
24004ISA_0403,20240907,1
24004ISA_0411,20240907,1
24004ISA_0412,20240907,1
24004ISA_0413,20240907,1
24004ISA_0401,20240914,1
24004ISA_0402,20240914,1
24004ISA_0403,20240914,1
24004ISA_0411,20240914,1
24004ISA_0412,20240914,1
24004ISA_0413,20240914,1
24004ISA_0401,20240921,1
24004ISA_0402,20240921,1
24004ISA_0403,20240921,1
24004ISA_0411,20240921,1
24004ISA_0412,20240921,1
24004ISA_0413,20240921,1
24004ISA_0401,20240928,1
24004ISA_0402,20240928,1
24004ISA_0403,20240928,1
24004ISA_0411,20240928,1
24004ISA_0412,20240928,1
24004ISA_0413,20240928,1
24004ISA_0401,20241005,1
24004ISA_0402,20241005,1
24004ISA_0403,20241005,1
24004ISA_0411,20241005,1
24004ISA_0412,20241005,1
24004ISA_0413,20241005,1
24004ISA_0401,20241019,1
24004ISA_0402,20241019,1
24004ISA_0403,20241019,1
24004ISA_0411,20241019,1
24004ISA_0412,20241019,1
24004ISA_0413,20241019,1
24004ISA_0401,20241026,1
24004ISA_0402,20241026,1
24004ISA_0403,20241026,1
24004ISA_0411,20241026,1
24004ISA_0412,20241026,1
24004ISA_0413,20241026,1
24004ISA_0401,20241102,1
24004ISA_0402,20241102,1
24004ISA_0403,20241102,1
24004ISA_0411,20241102,1
24004ISA_0412,20241102,1
24004ISA_0413,20241102,1
24004ISA_0401,20241109,1
24004ISA_0402,20241109,1
24004ISA_0403,20241109,1
24004ISA_0411,20241109,1
24004ISA_0412,20241109,1
24004ISA_0413,20241109,1
24004ISA_0401,20241116,1
24004ISA_0402,20241116,1
24004ISA_0403,20241116,1
24004ISA_0411,20241116,1
24004ISA_0412,20241116,1
24004ISA_0413,20241116,1
24004ISA_0401,20241123,1
24004ISA_0402,20241123,1
24004ISA_0403,20241123,1
24004ISA_0411,20241123,1
24004ISA_0412,20241123,1
24004ISA_0413,20241123,1
24004ISA_0401,20241130,1
24004ISA_0402,20241130,1
24004ISA_0403,20241130,1
24004ISA_0411,20241130,1
24004ISA_0412,20241130,1
24004ISA_0413,20241130,1
24004ISA_0401,20241207,1
24004ISA_0402,20241207,1
24004ISA_0403,20241207,1
24004ISA_0411,20241207,1
24004ISA_0412,20241207,1
24004ISA_0413,20241207,1
24004ISA_0401,20241214,1
24004ISA_0402,20241214,1
24004ISA_0403,20241214,1
24004ISA_0411,20241214,1
24004ISA_0412,20241214,1
24004ISA_0413,20241214,1
24004ISA_0401,20241221,1
24004ISA_0402,20241221,1
24004ISA_0403,20241221,1
24004ISA_0411,20241221,1
24004ISA_0412,20241221,1
24004ISA_0413,20241221,1
24004ISA_0401,20241228,1
24004ISA_0402,20241228,1
24004ISA_0403,20241228,1
24004ISA_0411,20241228,1
24004ISA_0412,20241228,1
24004ISA_0413,20241228,1
24004ISA_0401,20250104,1
24004ISA_0402,20250104,1
24004ISA_0403,20250104,1
24004ISA_0411,20250104,1
24004ISA_0412,20250104,1
24004ISA_0413,20250104,1
24004ISA_0401,20250111,1
24004ISA_0402,20250111,1
24004ISA_0403,20250111,1
24004ISA_0411,20250111,1
24004ISA_0412,20250111,1
24004ISA_0413,20250111,1
24004ISA_0401,20250118,1
24004ISA_0402,20250118,1
24004ISA_0403,20250118,1
24004ISA_0411,20250118,1
24004ISA_0412,20250118,1
24004ISA_0413,20250118,1
24004ISA_0401,20250125,1
24004ISA_0402,20250125,1
24004ISA_0403,20250125,1
24004ISA_0411,20250125,1
24004ISA_0412,20250125,1
24004ISA_0413,20250125,1
24004ISA_0401,20250201,1
24004ISA_0402,20250201,1
24004ISA_0403,20250201,1
24004ISA_0411,20250201,1
24004ISA_0412,20250201,1
24004ISA_0413,20250201,1
24004ISA_0401,20250208,1
24004ISA_0402,20250208,1
24004ISA_0403,20250208,1
24004ISA_0411,20250208,1
24004ISA_0412,20250208,1
24004ISA_0413,20250208,1
24004ISA_0401,20250215,1
24004ISA_0402,20250215,1
24004ISA_0403,20250215,1
24004ISA_0411,20250215,1
24004ISA_0412,20250215,1
24004ISA_0413,20250215,1
24004ISA_0401,20250222,1
24004ISA_0402,20250222,1
24004ISA_0403,20250222,1
24004ISA_0411,20250222,1
24004ISA_0412,20250222,1
24004ISA_0413,20250222,1
24004ISA_0401,20250301,1
24004ISA_0402,20250301,1
24004ISA_0403,20250301,1
24004ISA_0411,20250301,1
24004ISA_0412,20250301,1
24004ISA_0413,20250301,1
24004ISA_0401,20250308,1
24004ISA_0402,20250308,1
24004ISA_0403,20250308,1
24004ISA_0411,20250308,1
24004ISA_0412,20250308,1
24004ISA_0413,20250308,1
24004ISA_0401,20250315,1
24004ISA_0402,20250315,1
24004ISA_0403,20250315,1
24004ISA_0411,20250315,1
24004ISA_0412,20250315,1
24004ISA_0413,20250315,1
24004ISA_0401,20250322,1
24004ISA_0402,20250322,1
24004ISA_0403,20250322,1
24004ISA_0411,20250322,1
24004ISA_0412,20250322,1
24004ISA_0413,20250322,1
24004ISA_0401,20250329,1
24004ISA_0402,20250329,1
24004ISA_0403,20250329,1
24004ISA_0411,20250329,1
24004ISA_0412,20250329,1
24004ISA_0413,20250329,1
24004ISA_0401,20250405,1
24004ISA_0402,20250405,1
24004ISA_0403,20250405,1
24004ISA_0411,20250405,1
24004ISA_0412,20250405,1
24004ISA_0413,20250405,1
24004ISA_0401,20250412,1
24004ISA_0402,20250412,1
24004ISA_0403,20250412,1
24004ISA_0411,20250412,1
24004ISA_0412,20250412,1
24004ISA_0413,20250412,1
24004ISA_0401,20250419,1
24004ISA_0402,20250419,1
24004ISA_0403,20250419,1
24004ISA_0411,20250419,1
24004ISA_0412,20250419,1
24004ISA_0413,20250419,1
24004ISA_0401,20250426,1
24004ISA_0402,20250426,1
24004ISA_0403,20250426,1
24004ISA_0411,20250426,1
24004ISA_0412,20250426,1
24004ISA_0413,20250426,1
24004ISA_0401,20250503,1
24004ISA_0402,20250503,1
24004ISA_0403,20250503,1
24004ISA_0411,20250503,1
24004ISA_0412,20250503,1
24004ISA_0413,20250503,1
24004ISA_0401,20250510,1
24004ISA_0402,20250510,1
24004ISA_0403,20250510,1
24004ISA_0411,20250510,1
24004ISA_0412,20250510,1
24004ISA_0413,20250510,1
24004ISA_0401,20250517,1
24004ISA_0402,20250517,1
24004ISA_0403,20250517,1
24004ISA_0411,20250517,1
24004ISA_0412,20250517,1
24004ISA_0413,20250517,1
24004ISA_0401,20250524,1
24004ISA_0402,20250524,1
24004ISA_0403,20250524,1
24004ISA_0411,20250524,1
24004ISA_0412,20250524,1
24004ISA_0413,20250524,1
24004ISA_0401,20250531,1
24004ISA_0402,20250531,1
24004ISA_0403,20250531,1
24004ISA_0411,20250531,1
24004ISA_0412,20250531,1
24004ISA_0413,20250531,1
24004ISA_0401,20250607,1
24004ISA_0402,20250607,1
24004ISA_0403,20250607,1
24004ISA_0411,20250607,1
24004ISA_0412,20250607,1
24004ISA_0413,20250607,1
24004ISA_0401,20250614,1
24004ISA_0402,20250614,1
24004ISA_0403,20250614,1
24004ISA_0411,20250614,1
24004ISA_0412,20250614,1
24004ISA_0413,20250614,1
24004ISA_0401,20250621,1
24004ISA_0402,20250621,1
24004ISA_0403,20250621,1
24004ISA_0411,20250621,1
24004ISA_0412,20250621,1
24004ISA_0413,20250621,1
24004ISA_0401,20250628,1
24004ISA_0402,20250628,1
24004ISA_0403,20250628,1
24004ISA_0411,20250628,1
24004ISA_0412,20250628,1
24004ISA_0413,20250628,1
24011IFA_1101,20240908,1
24011IFA_1101,20240915,1
24011IFA_1101,20240922,1
24011IFA_1101,20240929,1
24011IFA_1101,20241006,1
24011IFA_1101,20241012,1
24011IFA_1101,20241013,1
24011IFA_1101,20241020,1
24011IFA_1101,20241027,1
24011IFA_1101,20241101,1
24011IFA_1101,20241103,1
24011IFA_1101,20241110,1
24011IFA_1101,20241117,1
24011IFA_1101,20241124,1
24011IFA_1101,20241201,1
24011IFA_1101,20241206,1
24011IFA_1101,20241208,1
24011IFA_1101,20241215,1
24011IFA_1101,20241222,1
24011IFA_1101,20241225,1
24011IFA_1101,20241229,1
24011IFA_1101,20250101,1
24011IFA_1101,20250105,1
24011IFA_1101,20250106,1
24011IFA_1101,20250112,1
24011IFA_1101,20250119,1
24011IFA_1101,20250126,1
24011IFA_1101,20250202,1
24011IFA_1101,20250209,1
24011IFA_1101,20250216,1
24011IFA_1101,20250223,1
24011IFA_1101,20250302,1
24011IFA_1101,20250309,1
24011IFA_1101,20250316,1
24011IFA_1101,20250323,1
24011IFA_1101,20250330,1
24011IFA_1101,20250406,1
24011IFA_1101,20250413,1
24011IFA_1101,20250417,1
24011IFA_1101,20250418,1
24011IFA_1101,20250420,1
24011IFA_1101,20250427,1
24011IFA_1101,20250501,1
24011IFA_1101,20250504,1
24011IFA_1101,20250511,1
24011IFA_1101,20250518,1
24011IFA_1101,20250525,1
24011IFA_1101,20250601,1
24011IFA_1101,20250608,1
24011IFA_1101,20250609,1
24011IFA_1101,20250615,1
24011IFA_1101,20250622,1
24011IFA_1101,20250629,1
24011ILA_1101,20240903,1
24011ILA_1102,20240903,1
24011ILA_1101,20240904,1
24011ILA_1102,20240904,1
24011ILA_1101,20240905,1
24011ILA_1102,20240905,1
24011ILA_1101,20240906,1
24011ILA_1102,20240906,1
24011ILA_1101,20240909,1
24011ILA_1102,20240909,1
24011ILA_1101,20240910,1
24011ILA_1102,20240910,1
24011ILA_1101,20240911,1
24011ILA_1102,20240911,1
24011ILA_1101,20240912,1
24011ILA_1102,20240912,1
24011ILA_1101,20240913,1
24011ILA_1102,20240913,1
24011ILA_1101,20240916,1
24011ILA_1102,20240916,1
24011ILA_1101,20240917,1
24011ILA_1102,20240917,1
24011ILA_1101,20240918,1
24011ILA_1102,20240918,1
24011ILA_1101,20240919,1
24011ILA_1102,20240919,1
24011ILA_1101,20240920,1
24011ILA_1102,20240920,1
24011ILA_1101,20240923,1
24011ILA_1102,20240923,1
24011ILA_1101,20240924,1
24011ILA_1102,20240924,1
24011ILA_1101,20240925,1
24011ILA_1102,20240925,1
24011ILA_1101,20240926,1
24011ILA_1102,20240926,1
24011ILA_1101,20240927,1
24011ILA_1102,20240927,1
24011ILA_1101,20240930,1
24011ILA_1102,20240930,1
24011ILA_1101,20241001,1
24011ILA_1102,20241001,1
24011ILA_1101,20241002,1
24011ILA_1102,20241002,1
24011ILA_1101,20241003,1
24011ILA_1102,20241003,1
24011ILA_1101,20241004,1
24011ILA_1102,20241004,1
24011ILA_1101,20241007,1
24011ILA_1102,20241007,1
24011ILA_1101,20241008,1
24011ILA_1102,20241008,1
24011ILA_1101,20241009,1
24011ILA_1102,20241009,1
24011ILA_1101,20241010,1
24011ILA_1102,20241010,1
24011ILA_1101,20241011,1
24011ILA_1102,20241011,1
24011ILA_1101,20241014,1
24011ILA_1102,20241014,1
24011ILA_1101,20241015,1
24011ILA_1102,20241015,1
24011ILA_1101,20241016,1
24011ILA_1102,20241016,1
24011ILA_1101,20241017,1
24011ILA_1102,20241017,1
24011ILA_1101,20241018,1
24011ILA_1102,20241018,1
24011ILA_1101,20241021,1
24011ILA_1102,20241021,1
24011ILA_1101,20241022,1
24011ILA_1102,20241022,1
24011ILA_1101,20241023,1
24011ILA_1102,20241023,1
24011ILA_1101,20241024,1
24011ILA_1102,20241024,1
24011ILA_1101,20241025,1
24011ILA_1102,20241025,1
24011ILA_1101,20241028,1
24011ILA_1102,20241028,1
24011ILA_1101,20241029,1
24011ILA_1102,20241029,1
24011ILA_1101,20241030,1
24011ILA_1102,20241030,1
24011ILA_1101,20241031,1
24011ILA_1102,20241031,1
24011ILA_1101,20241104,1
24011ILA_1102,20241104,1
24011ILA_1101,20241105,1
24011ILA_1102,20241105,1
24011ILA_1101,20241106,1
24011ILA_1102,20241106,1
24011ILA_1101,20241107,1
24011ILA_1102,20241107,1
24011ILA_1101,20241108,1
24011ILA_1102,20241108,1
24011ILA_1101,20241111,1
24011ILA_1102,20241111,1
24011ILA_1101,20241112,1
24011ILA_1102,20241112,1
24011ILA_1101,20241113,1
24011ILA_1102,20241113,1
24011ILA_1101,20241114,1
24011ILA_1102,20241114,1
24011ILA_1101,20241115,1
24011ILA_1102,20241115,1
24011ILA_1101,20241118,1
24011ILA_1102,20241118,1
24011ILA_1101,20241119,1
24011ILA_1102,20241119,1
24011ILA_1101,20241120,1
24011ILA_1102,20241120,1
24011ILA_1101,20241121,1
24011ILA_1102,20241121,1
24011ILA_1101,20241122,1
24011ILA_1102,20241122,1
24011ILA_1101,20241125,1
24011ILA_1102,20241125,1
24011ILA_1101,20241126,1
24011ILA_1102,20241126,1
24011ILA_1101,20241127,1
24011ILA_1102,20241127,1
24011ILA_1101,20241128,1
24011ILA_1102,20241128,1
24011ILA_1101,20241129,1
24011ILA_1102,20241129,1
24011ILA_1101,20241202,1
24011ILA_1102,20241202,1
24011ILA_1101,20241203,1
24011ILA_1102,20241203,1
24011ILA_1101,20241204,1
24011ILA_1102,20241204,1
24011ILA_1101,20241205,1
24011ILA_1102,20241205,1
24011ILA_1101,20241209,1
24011ILA_1102,20241209,1
24011ILA_1101,20241210,1
24011ILA_1102,20241210,1
24011ILA_1101,20241211,1
24011ILA_1102,20241211,1
24011ILA_1101,20241212,1
24011ILA_1102,20241212,1
24011ILA_1101,20241213,1
24011ILA_1102,20241213,1
24011ILA_1101,20241216,1
24011ILA_1102,20241216,1
24011ILA_1101,20241217,1
24011ILA_1102,20241217,1
24011ILA_1101,20241218,1
24011ILA_1102,20241218,1
24011ILA_1101,20241219,1
24011ILA_1102,20241219,1
24011ILA_1101,20241220,1
24011ILA_1102,20241220,1
24011ILA_1101,20241223,1
24011ILA_1102,20241223,1
24011ILA_1101,20241224,1
24011ILA_1102,20241224,1
24011ILA_1101,20241226,1
24011ILA_1102,20241226,1
24011ILA_1101,20241227,1
24011ILA_1102,20241227,1
24011ILA_1101,20241230,1
24011ILA_1102,20241230,1
24011ILA_1101,20241231,1
24011ILA_1102,20241231,1
24011ILA_1101,20250102,1
24011ILA_1102,20250102,1
24011ILA_1101,20250103,1
24011ILA_1102,20250103,1
24011ILA_1101,20250107,1
24011ILA_1102,20250107,1
24011ILA_1101,20250108,1
24011ILA_1102,20250108,1
24011ILA_1101,20250109,1
24011ILA_1102,20250109,1
24011ILA_1101,20250110,1
24011ILA_1102,20250110,1
24011ILA_1101,20250113,1
24011ILA_1102,20250113,1
24011ILA_1101,20250114,1
24011ILA_1102,20250114,1
24011ILA_1101,20250115,1
24011ILA_1102,20250115,1
24011ILA_1101,20250116,1
24011ILA_1102,20250116,1
24011ILA_1101,20250117,1
24011ILA_1102,20250117,1
24011ILA_1101,20250120,1
24011ILA_1102,20250120,1
24011ILA_1101,20250121,1
24011ILA_1102,20250121,1
24011ILA_1101,20250122,1
24011ILA_1102,20250122,1
24011ILA_1101,20250123,1
24011ILA_1102,20250123,1
24011ILA_1101,20250124,1
24011ILA_1102,20250124,1
24011ILA_1101,20250127,1
24011ILA_1102,20250127,1
24011ILA_1101,20250128,1
24011ILA_1102,20250128,1
24011ILA_1101,20250129,1
24011ILA_1102,20250129,1
24011ILA_1101,20250130,1
24011ILA_1102,20250130,1
24011ILA_1101,20250131,1
24011ILA_1102,20250131,1
24011ILA_1101,20250203,1
24011ILA_1102,20250203,1
24011ILA_1101,20250204,1
24011ILA_1102,20250204,1
24011ILA_1101,20250205,1
24011ILA_1102,20250205,1
24011ILA_1101,20250206,1
24011ILA_1102,20250206,1
24011ILA_1101,20250207,1
24011ILA_1102,20250207,1
24011ILA_1101,20250210,1
24011ILA_1102,20250210,1
24011ILA_1101,20250211,1
24011ILA_1102,20250211,1
24011ILA_1101,20250212,1
24011ILA_1102,20250212,1
24011ILA_1101,20250213,1
24011ILA_1102,20250213,1
24011ILA_1101,20250214,1
24011ILA_1102,20250214,1
24011ILA_1101,20250217,1
24011ILA_1102,20250217,1
24011ILA_1101,20250218,1
24011ILA_1102,20250218,1
24011ILA_1101,20250219,1
24011ILA_1102,20250219,1
24011ILA_1101,20250220,1
24011ILA_1102,20250220,1
24011ILA_1101,20250221,1
24011ILA_1102,20250221,1
24011ILA_1101,20250224,1
24011ILA_1102,20250224,1
24011ILA_1101,20250225,1
24011ILA_1102,20250225,1
24011ILA_1101,20250226,1
24011ILA_1102,20250226,1
24011ILA_1101,20250227,1
24011ILA_1102,20250227,1
24011ILA_1101,20250228,1
24011ILA_1102,20250228,1
24011ILA_1101,20250303,1
24011ILA_1102,20250303,1
24011ILA_1101,20250304,1
24011ILA_1102,20250304,1
24011ILA_1101,20250305,1
24011ILA_1102,20250305,1
24011ILA_1101,20250306,1
24011ILA_1102,20250306,1
24011ILA_1101,20250307,1
24011ILA_1102,20250307,1
24011ILA_1101,20250310,1
24011ILA_1102,20250310,1
24011ILA_1101,20250311,1
24011ILA_1102,20250311,1
24011ILA_1101,20250312,1
24011ILA_1102,20250312,1
24011ILA_1101,20250313,1
24011ILA_1102,20250313,1
24011ILA_1101,20250314,1
24011ILA_1102,20250314,1
24011ILA_1101,20250317,1
24011ILA_1102,20250317,1
24011ILA_1101,20250318,1
24011ILA_1102,20250318,1
24011ILA_1101,20250319,1
24011ILA_1102,20250319,1
24011ILA_1101,20250320,1
24011ILA_1102,20250320,1
24011ILA_1101,20250321,1
24011ILA_1102,20250321,1
24011ILA_1101,20250324,1
24011ILA_1102,20250324,1
24011ILA_1101,20250325,1
24011ILA_1102,20250325,1
24011ILA_1101,20250326,1
24011ILA_1102,20250326,1
24011ILA_1101,20250327,1
24011ILA_1102,20250327,1
24011ILA_1101,20250328,1
24011ILA_1102,20250328,1
24011ILA_1101,20250331,1
24011ILA_1102,20250331,1
24011ILA_1101,20250401,1
24011ILA_1102,20250401,1
24011ILA_1101,20250402,1
24011ILA_1102,20250402,1
24011ILA_1101,20250403,1
24011ILA_1102,20250403,1
24011ILA_1101,20250404,1
24011ILA_1102,20250404,1
24011ILA_1101,20250407,1
24011ILA_1102,20250407,1
24011ILA_1101,20250408,1
24011ILA_1102,20250408,1
24011ILA_1101,20250409,1
24011ILA_1102,20250409,1
24011ILA_1101,20250410,1
24011ILA_1102,20250410,1
24011ILA_1101,20250411,1
24011ILA_1102,20250411,1
24011ILA_1101,20250414,1
24011ILA_1102,20250414,1
24011ILA_1101,20250415,1
24011ILA_1102,20250415,1
24011ILA_1101,20250416,1
24011ILA_1102,20250416,1
24011ILA_1101,20250421,1
24011ILA_1102,20250421,1
24011ILA_1101,20250422,1
24011ILA_1102,20250422,1
24011ILA_1101,20250423,1
24011ILA_1102,20250423,1
24011ILA_1101,20250424,1
24011ILA_1102,20250424,1
24011ILA_1101,20250425,1
24011ILA_1102,20250425,1
24011ILA_1101,20250428,1
24011ILA_1102,20250428,1
24011ILA_1101,20250429,1
24011ILA_1102,20250429,1
24011ILA_1101,20250430,1
24011ILA_1102,20250430,1
24011ILA_1101,20250502,1
24011ILA_1102,20250502,1
24011ILA_1101,20250505,1
24011ILA_1102,20250505,1
24011ILA_1101,20250506,1
24011ILA_1102,20250506,1
24011ILA_1101,20250507,1
24011ILA_1102,20250507,1
24011ILA_1101,20250508,1
24011ILA_1102,20250508,1
24011ILA_1101,20250509,1
24011ILA_1102,20250509,1
24011ILA_1101,20250512,1
24011ILA_1102,20250512,1
24011ILA_1101,20250513,1
24011ILA_1102,20250513,1
24011ILA_1101,20250514,1
24011ILA_1102,20250514,1
24011ILA_1101,20250515,1
24011ILA_1102,20250515,1
24011ILA_1101,20250516,1
24011ILA_1102,20250516,1
24011ILA_1101,20250519,1
24011ILA_1102,20250519,1
24011ILA_1101,20250520,1
24011ILA_1102,20250520,1
24011ILA_1101,20250521,1
24011ILA_1102,20250521,1
24011ILA_1101,20250522,1
24011ILA_1102,20250522,1
24011ILA_1101,20250523,1
24011ILA_1102,20250523,1
24011ILA_1101,20250526,1
24011ILA_1102,20250526,1
24011ILA_1101,20250527,1
24011ILA_1102,20250527,1
24011ILA_1101,20250528,1
24011ILA_1102,20250528,1
24011ILA_1101,20250529,1
24011ILA_1102,20250529,1
24011ILA_1101,20250530,1
24011ILA_1102,20250530,1
24011ILA_1101,20250602,1
24011ILA_1102,20250602,1
24011ILA_1101,20250603,1
24011ILA_1102,20250603,1
24011ILA_1101,20250604,1
24011ILA_1102,20250604,1
24011ILA_1101,20250605,1
24011ILA_1102,20250605,1
24011ILA_1101,20250606,1
24011ILA_1102,20250606,1
24011ILA_1101,20250610,1
24011ILA_1102,20250610,1
24011ILA_1101,20250611,1
24011ILA_1102,20250611,1
24011ILA_1101,20250612,1
24011ILA_1102,20250612,1
24011ILA_1101,20250613,1
24011ILA_1102,20250613,1
24011ILA_1101,20250616,1
24011ILA_1102,20250616,1
24011ILA_1101,20250617,1
24011ILA_1102,20250617,1
24011ILA_1101,20250618,1
24011ILA_1102,20250618,1
24011ILA_1101,20250619,1
24011ILA_1102,20250619,1
24011ILA_1101,20250620,1
24011ILA_1102,20250620,1
24011ILA_1101,20250623,1
24011ILA_1102,20250623,1
24011ILA_1101,20250624,1
24011ILA_1102,20250624,1
24011ILA_1101,20250625,1
24011ILA_1102,20250625,1
24011ILA_1101,20250626,1
24011ILA_1102,20250626,1
24011ILA_1101,20250627,1
24011ILA_1102,20250627,1
24011ILA_1101,20250630,1
24011ILA_1102,20250630,1
24011ISA_1101,20240907,1
24011ISA_1101,20240914,1
24011ISA_1101,20240921,1
24011ISA_1101,20240928,1
24011ISA_1101,20241005,1
24011ISA_1101,20241019,1
24011ISA_1101,20241026,1
24011ISA_1101,20241102,1
24011ISA_1101,20241109,1
24011ISA_1101,20241116,1
24011ISA_1101,20241123,1
24011ISA_1101,20241130,1
24011ISA_1101,20241207,1
24011ISA_1101,20241214,1
24011ISA_1101,20241221,1
24011ISA_1101,20241228,1
24011ISA_1101,20250104,1
24011ISA_1101,20250111,1
24011ISA_1101,20250118,1
24011ISA_1101,20250125,1
24011ISA_1101,20250201,1
24011ISA_1101,20250208,1
24011ISA_1101,20250215,1
24011ISA_1101,20250222,1
24011ISA_1101,20250301,1
24011ISA_1101,20250308,1
24011ISA_1101,20250315,1
24011ISA_1101,20250322,1
24011ISA_1101,20250329,1
24011ISA_1101,20250405,1
24011ISA_1101,20250412,1
24011ISA_1101,20250419,1
24011ISA_1101,20250426,1
24011ISA_1101,20250503,1
24011ISA_1101,20250510,1
24011ISA_1101,20250517,1
24011ISA_1101,20250524,1
24011ISA_1101,20250531,1
24011ISA_1101,20250607,1
24011ISA_1101,20250614,1
24011ISA_1101,20250621,1
24011ISA_1101,20250628,1
24012IFA_1201,20240908,1
24012IFA_1202,20240908,1
24012IFA_1203,20240908,1
24012IFA_1212,20240908,1
24012IFA_1201,20240915,1
24012IFA_1202,20240915,1
24012IFA_1203,20240915,1
24012IFA_1212,20240915,1
24012IFA_1201,20240922,1
24012IFA_1202,20240922,1
24012IFA_1203,20240922,1
24012IFA_1212,20240922,1
24012IFA_1201,20240929,1
24012IFA_1202,20240929,1
24012IFA_1203,20240929,1
24012IFA_1212,20240929,1
24012IFA_1201,20241006,1
24012IFA_1202,20241006,1
24012IFA_1203,20241006,1
24012IFA_1212,20241006,1
24012IFA_1201,20241012,1
24012IFA_1202,20241012,1
24012IFA_1203,20241012,1
24012IFA_1212,20241012,1
24012IFA_1201,20241013,1
24012IFA_1202,20241013,1
24012IFA_1203,20241013,1
24012IFA_1212,20241013,1
24012IFA_1201,20241020,1
24012IFA_1202,20241020,1
24012IFA_1203,20241020,1
24012IFA_1212,20241020,1
24012IFA_1201,20241027,1
24012IFA_1202,20241027,1
24012IFA_1203,20241027,1
24012IFA_1212,20241027,1
24012IFA_1201,20241101,1
24012IFA_1202,20241101,1
24012IFA_1203,20241101,1
24012IFA_1212,20241101,1
24012IFA_1201,20241103,1
24012IFA_1202,20241103,1
24012IFA_1203,20241103,1
24012IFA_1212,20241103,1
24012IFA_1201,20241110,1
24012IFA_1202,20241110,1
24012IFA_1203,20241110,1
24012IFA_1212,20241110,1
24012IFA_1201,20241117,1
24012IFA_1202,20241117,1
24012IFA_1203,20241117,1
24012IFA_1212,20241117,1
24012IFA_1201,20241124,1
24012IFA_1202,20241124,1
24012IFA_1203,20241124,1
24012IFA_1212,20241124,1
24012IFA_1201,20241201,1
24012IFA_1202,20241201,1
24012IFA_1203,20241201,1
24012IFA_1212,20241201,1
24012IFA_1201,20241206,1
24012IFA_1202,20241206,1
24012IFA_1203,20241206,1
24012IFA_1212,20241206,1
24012IFA_1201,20241208,1
24012IFA_1202,20241208,1
24012IFA_1203,20241208,1
24012IFA_1212,20241208,1
24012IFA_1201,20241215,1
24012IFA_1202,20241215,1
24012IFA_1203,20241215,1
24012IFA_1212,20241215,1
24012IFA_1201,20241222,1
24012IFA_1202,20241222,1
24012IFA_1203,20241222,1
24012IFA_1212,20241222,1
24012IFA_1201,20241225,1
24012IFA_1202,20241225,1
24012IFA_1203,20241225,1
24012IFA_1212,20241225,1
24012IFA_1201,20241229,1
24012IFA_1202,20241229,1
24012IFA_1203,20241229,1
24012IFA_1212,20241229,1
24012IFA_1201,20250101,1
24012IFA_1202,20250101,1
24012IFA_1203,20250101,1
24012IFA_1212,20250101,1
24012IFA_1201,20250105,1
24012IFA_1202,20250105,1
24012IFA_1203,20250105,1
24012IFA_1212,20250105,1
24012IFA_1201,20250106,1
24012IFA_1202,20250106,1
24012IFA_1203,20250106,1
24012IFA_1212,20250106,1
24012IFA_1201,20250112,1
24012IFA_1202,20250112,1
24012IFA_1203,20250112,1
24012IFA_1212,20250112,1
24012IFA_1201,20250119,1
24012IFA_1202,20250119,1
24012IFA_1203,20250119,1
24012IFA_1212,20250119,1
24012IFA_1201,20250126,1
24012IFA_1202,20250126,1
24012IFA_1203,20250126,1
24012IFA_1212,20250126,1
24012IFA_1201,20250202,1
24012IFA_1202,20250202,1
24012IFA_1203,20250202,1
24012IFA_1212,20250202,1
24012IFA_1201,20250209,1
24012IFA_1202,20250209,1
24012IFA_1203,20250209,1
24012IFA_1212,20250209,1
24012IFA_1201,20250216,1
24012IFA_1202,20250216,1
24012IFA_1203,20250216,1
24012IFA_1212,20250216,1
24012IFA_1201,20250223,1
24012IFA_1202,20250223,1
24012IFA_1203,20250223,1
24012IFA_1212,20250223,1
24012IFA_1201,20250302,1
24012IFA_1202,20250302,1
24012IFA_1203,20250302,1
24012IFA_1212,20250302,1
24012IFA_1201,20250309,1
24012IFA_1202,20250309,1
24012IFA_1203,20250309,1
24012IFA_1212,20250309,1
24012IFA_1201,20250316,1
24012IFA_1202,20250316,1
24012IFA_1203,20250316,1
24012IFA_1212,20250316,1
24012IFA_1201,20250323,1
24012IFA_1202,20250323,1
24012IFA_1203,20250323,1
24012IFA_1212,20250323,1
24012IFA_1201,20250330,1
24012IFA_1202,20250330,1
24012IFA_1203,20250330,1
24012IFA_1212,20250330,1
24012IFA_1201,20250406,1
24012IFA_1202,20250406,1
24012IFA_1203,20250406,1
24012IFA_1212,20250406,1
24012IFA_1201,20250413,1
24012IFA_1202,20250413,1
24012IFA_1203,20250413,1
24012IFA_1212,20250413,1
24012IFA_1201,20250417,1
24012IFA_1202,20250417,1
24012IFA_1203,20250417,1
24012IFA_1212,20250417,1
24012IFA_1201,20250418,1
24012IFA_1202,20250418,1
24012IFA_1203,20250418,1
24012IFA_1212,20250418,1
24012IFA_1201,20250420,1
24012IFA_1202,20250420,1
24012IFA_1203,20250420,1
24012IFA_1212,20250420,1
24012IFA_1201,20250427,1
24012IFA_1202,20250427,1
24012IFA_1203,20250427,1
24012IFA_1212,20250427,1
24012IFA_1201,20250501,1
24012IFA_1202,20250501,1
24012IFA_1203,20250501,1
24012IFA_1212,20250501,1
24012IFA_1201,20250504,1
24012IFA_1202,20250504,1
24012IFA_1203,20250504,1
24012IFA_1212,20250504,1
24012IFA_1201,20250511,1
24012IFA_1202,20250511,1
24012IFA_1203,20250511,1
24012IFA_1212,20250511,1
24012IFA_1201,20250518,1
24012IFA_1202,20250518,1
24012IFA_1203,20250518,1
24012IFA_1212,20250518,1
24012IFA_1201,20250525,1
24012IFA_1202,20250525,1
24012IFA_1203,20250525,1
24012IFA_1212,20250525,1
24012IFA_1201,20250601,1
24012IFA_1202,20250601,1
24012IFA_1203,20250601,1
24012IFA_1212,20250601,1
24012IFA_1201,20250608,1
24012IFA_1202,20250608,1
24012IFA_1203,20250608,1
24012IFA_1212,20250608,1
24012IFA_1201,20250609,1
24012IFA_1202,20250609,1
24012IFA_1203,20250609,1
24012IFA_1212,20250609,1
24012IFA_1201,20250615,1
24012IFA_1202,20250615,1
24012IFA_1203,20250615,1
24012IFA_1212,20250615,1
24012IFA_1201,20250622,1
24012IFA_1202,20250622,1
24012IFA_1203,20250622,1
24012IFA_1212,20250622,1
24012IFA_1201,20250629,1
24012IFA_1202,20250629,1
24012IFA_1203,20250629,1
24012IFA_1212,20250629,1
24012ILA_1201,20240903,1
24012ILA_1202,20240903,1
24012ILA_1203,20240903,1
24012ILA_1212,20240903,1
24012ILA_1201,20240904,1
24012ILA_1202,20240904,1
24012ILA_1203,20240904,1
24012ILA_1212,20240904,1
24012ILA_1201,20240905,1
24012ILA_1202,20240905,1
24012ILA_1203,20240905,1
24012ILA_1212,20240905,1
24012ILA_1201,20240906,1
24012ILA_1202,20240906,1
24012ILA_1203,20240906,1
24012ILA_1212,20240906,1
24012ILA_1201,20240909,1
24012ILA_1202,20240909,1
24012ILA_1203,20240909,1
24012ILA_1212,20240909,1
24012ILA_1201,20240910,1
24012ILA_1202,20240910,1
24012ILA_1203,20240910,1
24012ILA_1212,20240910,1
24012ILA_1201,20240911,1
24012ILA_1202,20240911,1
24012ILA_1203,20240911,1
24012ILA_1212,20240911,1
24012ILA_1201,20240912,1
24012ILA_1202,20240912,1
24012ILA_1203,20240912,1
24012ILA_1212,20240912,1
24012ILA_1201,20240913,1
24012ILA_1202,20240913,1
24012ILA_1203,20240913,1
24012ILA_1212,20240913,1
24012ILA_1201,20240916,1
24012ILA_1202,20240916,1
24012ILA_1203,20240916,1
24012ILA_1212,20240916,1
24012ILA_1201,20240917,1
24012ILA_1202,20240917,1
24012ILA_1203,20240917,1
24012ILA_1212,20240917,1
24012ILA_1201,20240918,1
24012ILA_1202,20240918,1
24012ILA_1203,20240918,1
24012ILA_1212,20240918,1
24012ILA_1201,20240919,1
24012ILA_1202,20240919,1
24012ILA_1203,20240919,1
24012ILA_1212,20240919,1
24012ILA_1201,20240920,1
24012ILA_1202,20240920,1
24012ILA_1203,20240920,1
24012ILA_1212,20240920,1
24012ILA_1201,20240923,1
24012ILA_1202,20240923,1
24012ILA_1203,20240923,1
24012ILA_1212,20240923,1
24012ILA_1201,20240924,1
24012ILA_1202,20240924,1
24012ILA_1203,20240924,1
24012ILA_1212,20240924,1
24012ILA_1201,20240925,1
24012ILA_1202,20240925,1
24012ILA_1203,20240925,1
24012ILA_1212,20240925,1
24012ILA_1201,20240926,1
24012ILA_1202,20240926,1
24012ILA_1203,20240926,1
24012ILA_1212,20240926,1
24012ILA_1201,20240927,1
24012ILA_1202,20240927,1
24012ILA_1203,20240927,1
24012ILA_1212,20240927,1
24012ILA_1201,20240930,1
24012ILA_1202,20240930,1
24012ILA_1203,20240930,1
24012ILA_1212,20240930,1
24012ILA_1201,20241001,1
24012ILA_1202,20241001,1
24012ILA_1203,20241001,1
24012ILA_1212,20241001,1
24012ILA_1201,20241002,1
24012ILA_1202,20241002,1
24012ILA_1203,20241002,1
24012ILA_1212,20241002,1
24012ILA_1201,20241003,1
24012ILA_1202,20241003,1
24012ILA_1203,20241003,1
24012ILA_1212,20241003,1
24012ILA_1201,20241004,1
24012ILA_1202,20241004,1
24012ILA_1203,20241004,1
24012ILA_1212,20241004,1
24012ILA_1201,20241007,1
24012ILA_1202,20241007,1
24012ILA_1203,20241007,1
24012ILA_1212,20241007,1
24012ILA_1201,20241008,1
24012ILA_1202,20241008,1
24012ILA_1203,20241008,1
24012ILA_1212,20241008,1
24012ILA_1201,20241009,1
24012ILA_1202,20241009,1
24012ILA_1203,20241009,1
24012ILA_1212,20241009,1
24012ILA_1201,20241010,1
24012ILA_1202,20241010,1
24012ILA_1203,20241010,1
24012ILA_1212,20241010,1
24012ILA_1201,20241011,1
24012ILA_1202,20241011,1
24012ILA_1203,20241011,1
24012ILA_1212,20241011,1
24012ILA_1201,20241014,1
24012ILA_1202,20241014,1
24012ILA_1203,20241014,1
24012ILA_1212,20241014,1
24012ILA_1201,20241015,1
24012ILA_1202,20241015,1
24012ILA_1203,20241015,1
24012ILA_1212,20241015,1
24012ILA_1201,20241016,1
24012ILA_1202,20241016,1
24012ILA_1203,20241016,1
24012ILA_1212,20241016,1
24012ILA_1201,20241017,1
24012ILA_1202,20241017,1
24012ILA_1203,20241017,1
24012ILA_1212,20241017,1
24012ILA_1201,20241018,1
24012ILA_1202,20241018,1
24012ILA_1203,20241018,1
24012ILA_1212,20241018,1
24012ILA_1201,20241021,1
24012ILA_1202,20241021,1
24012ILA_1203,20241021,1
24012ILA_1212,20241021,1
24012ILA_1201,20241022,1
24012ILA_1202,20241022,1
24012ILA_1203,20241022,1
24012ILA_1212,20241022,1
24012ILA_1201,20241023,1
24012ILA_1202,20241023,1
24012ILA_1203,20241023,1
24012ILA_1212,20241023,1
24012ILA_1201,20241024,1
24012ILA_1202,20241024,1
24012ILA_1203,20241024,1
24012ILA_1212,20241024,1
24012ILA_1201,20241025,1
24012ILA_1202,20241025,1
24012ILA_1203,20241025,1
24012ILA_1212,20241025,1
24012ILA_1201,20241028,1
24012ILA_1202,20241028,1
24012ILA_1203,20241028,1
24012ILA_1212,20241028,1
24012ILA_1201,20241029,1
24012ILA_1202,20241029,1
24012ILA_1203,20241029,1
24012ILA_1212,20241029,1
24012ILA_1201,20241030,1
24012ILA_1202,20241030,1
24012ILA_1203,20241030,1
24012ILA_1212,20241030,1
24012ILA_1201,20241031,1
24012ILA_1202,20241031,1
24012ILA_1203,20241031,1
24012ILA_1212,20241031,1
24012ILA_1201,20241104,1
24012ILA_1202,20241104,1
24012ILA_1203,20241104,1
24012ILA_1212,20241104,1
24012ILA_1201,20241105,1
24012ILA_1202,20241105,1
24012ILA_1203,20241105,1
24012ILA_1212,20241105,1
24012ILA_1201,20241106,1
24012ILA_1202,20241106,1
24012ILA_1203,20241106,1
24012ILA_1212,20241106,1
24012ILA_1201,20241107,1
24012ILA_1202,20241107,1
24012ILA_1203,20241107,1
24012ILA_1212,20241107,1
24012ILA_1201,20241108,1
24012ILA_1202,20241108,1
24012ILA_1203,20241108,1
24012ILA_1212,20241108,1
24012ILA_1201,20241111,1
24012ILA_1202,20241111,1
24012ILA_1203,20241111,1
24012ILA_1212,20241111,1
24012ILA_1201,20241112,1
24012ILA_1202,20241112,1
24012ILA_1203,20241112,1
24012ILA_1212,20241112,1
24012ILA_1201,20241113,1
24012ILA_1202,20241113,1
24012ILA_1203,20241113,1
24012ILA_1212,20241113,1
24012ILA_1201,20241114,1
24012ILA_1202,20241114,1
24012ILA_1203,20241114,1
24012ILA_1212,20241114,1
24012ILA_1201,20241115,1
24012ILA_1202,20241115,1
24012ILA_1203,20241115,1
24012ILA_1212,20241115,1
24012ILA_1201,20241118,1
24012ILA_1202,20241118,1
24012ILA_1203,20241118,1
24012ILA_1212,20241118,1
24012ILA_1201,20241119,1
24012ILA_1202,20241119,1
24012ILA_1203,20241119,1
24012ILA_1212,20241119,1
24012ILA_1201,20241120,1
24012ILA_1202,20241120,1
24012ILA_1203,20241120,1
24012ILA_1212,20241120,1
24012ILA_1201,20241121,1
24012ILA_1202,20241121,1
24012ILA_1203,20241121,1
24012ILA_1212,20241121,1
24012ILA_1201,20241122,1
24012ILA_1202,20241122,1
24012ILA_1203,20241122,1
24012ILA_1212,20241122,1
24012ILA_1201,20241125,1
24012ILA_1202,20241125,1
24012ILA_1203,20241125,1
24012ILA_1212,20241125,1
24012ILA_1201,20241126,1
24012ILA_1202,20241126,1
24012ILA_1203,20241126,1
24012ILA_1212,20241126,1
24012ILA_1201,20241127,1
24012ILA_1202,20241127,1
24012ILA_1203,20241127,1
24012ILA_1212,20241127,1
24012ILA_1201,20241128,1
24012ILA_1202,20241128,1
24012ILA_1203,20241128,1
24012ILA_1212,20241128,1
24012ILA_1201,20241129,1
24012ILA_1202,20241129,1
24012ILA_1203,20241129,1
24012ILA_1212,20241129,1
24012ILA_1201,20241202,1
24012ILA_1202,20241202,1
24012ILA_1203,20241202,1
24012ILA_1212,20241202,1
24012ILA_1201,20241203,1
24012ILA_1202,20241203,1
24012ILA_1203,20241203,1
24012ILA_1212,20241203,1
24012ILA_1201,20241204,1
24012ILA_1202,20241204,1
24012ILA_1203,20241204,1
24012ILA_1212,20241204,1
24012ILA_1201,20241205,1
24012ILA_1202,20241205,1
24012ILA_1203,20241205,1
24012ILA_1212,20241205,1
24012ILA_1201,20241209,1
24012ILA_1202,20241209,1
24012ILA_1203,20241209,1
24012ILA_1212,20241209,1
24012ILA_1201,20241210,1
24012ILA_1202,20241210,1
24012ILA_1203,20241210,1
24012ILA_1212,20241210,1
24012ILA_1201,20241211,1
24012ILA_1202,20241211,1
24012ILA_1203,20241211,1
24012ILA_1212,20241211,1
24012ILA_1201,20241212,1
24012ILA_1202,20241212,1
24012ILA_1203,20241212,1
24012ILA_1212,20241212,1
24012ILA_1201,20241213,1
24012ILA_1202,20241213,1
24012ILA_1203,20241213,1
24012ILA_1212,20241213,1
24012ILA_1201,20241216,1
24012ILA_1202,20241216,1
24012ILA_1203,20241216,1
24012ILA_1212,20241216,1
24012ILA_1201,20241217,1
24012ILA_1202,20241217,1
24012ILA_1203,20241217,1
24012ILA_1212,20241217,1
24012ILA_1201,20241218,1
24012ILA_1202,20241218,1
24012ILA_1203,20241218,1
24012ILA_1212,20241218,1
24012ILA_1201,20241219,1
24012ILA_1202,20241219,1
24012ILA_1203,20241219,1
24012ILA_1212,20241219,1
24012ILA_1201,20241220,1
24012ILA_1202,20241220,1
24012ILA_1203,20241220,1
24012ILA_1212,20241220,1
24012ILA_1201,20241223,1
24012ILA_1202,20241223,1
24012ILA_1203,20241223,1
24012ILA_1212,20241223,1
24012ILA_1201,20241224,1
24012ILA_1202,20241224,1
24012ILA_1203,20241224,1
24012ILA_1212,20241224,1
24012ILA_1201,20241226,1
24012ILA_1202,20241226,1
24012ILA_1203,20241226,1
24012ILA_1212,20241226,1
24012ILA_1201,20241227,1
24012ILA_1202,20241227,1
24012ILA_1203,20241227,1
24012ILA_1212,20241227,1
24012ILA_1201,20241230,1
24012ILA_1202,20241230,1
24012ILA_1203,20241230,1
24012ILA_1212,20241230,1
24012ILA_1201,20241231,1
24012ILA_1202,20241231,1
24012ILA_1203,20241231,1
24012ILA_1212,20241231,1
24012ILA_1201,20250102,1
24012ILA_1202,20250102,1
24012ILA_1203,20250102,1
24012ILA_1212,20250102,1
24012ILA_1201,20250103,1
24012ILA_1202,20250103,1
24012ILA_1203,20250103,1
24012ILA_1212,20250103,1
24012ILA_1201,20250107,1
24012ILA_1202,20250107,1
24012ILA_1203,20250107,1
24012ILA_1212,20250107,1
24012ILA_1201,20250108,1
24012ILA_1202,20250108,1
24012ILA_1203,20250108,1
24012ILA_1212,20250108,1
24012ILA_1201,20250109,1
24012ILA_1202,20250109,1
24012ILA_1203,20250109,1
24012ILA_1212,20250109,1
24012ILA_1201,20250110,1
24012ILA_1202,20250110,1
24012ILA_1203,20250110,1
24012ILA_1212,20250110,1
24012ILA_1201,20250113,1
24012ILA_1202,20250113,1
24012ILA_1203,20250113,1
24012ILA_1212,20250113,1
24012ILA_1201,20250114,1
24012ILA_1202,20250114,1
24012ILA_1203,20250114,1
24012ILA_1212,20250114,1
24012ILA_1201,20250115,1
24012ILA_1202,20250115,1
24012ILA_1203,20250115,1
24012ILA_1212,20250115,1
24012ILA_1201,20250116,1
24012ILA_1202,20250116,1
24012ILA_1203,20250116,1
24012ILA_1212,20250116,1
24012ILA_1201,20250117,1
24012ILA_1202,20250117,1
24012ILA_1203,20250117,1
24012ILA_1212,20250117,1
24012ILA_1201,20250120,1
24012ILA_1202,20250120,1
24012ILA_1203,20250120,1
24012ILA_1212,20250120,1
24012ILA_1201,20250121,1
24012ILA_1202,20250121,1
24012ILA_1203,20250121,1
24012ILA_1212,20250121,1
24012ILA_1201,20250122,1
24012ILA_1202,20250122,1
24012ILA_1203,20250122,1
24012ILA_1212,20250122,1
24012ILA_1201,20250123,1
24012ILA_1202,20250123,1
24012ILA_1203,20250123,1
24012ILA_1212,20250123,1
24012ILA_1201,20250124,1
24012ILA_1202,20250124,1
24012ILA_1203,20250124,1
24012ILA_1212,20250124,1
24012ILA_1201,20250127,1
24012ILA_1202,20250127,1
24012ILA_1203,20250127,1
24012ILA_1212,20250127,1
24012ILA_1201,20250128,1
24012ILA_1202,20250128,1
24012ILA_1203,20250128,1
24012ILA_1212,20250128,1
24012ILA_1201,20250129,1
24012ILA_1202,20250129,1
24012ILA_1203,20250129,1
24012ILA_1212,20250129,1
24012ILA_1201,20250130,1
24012ILA_1202,20250130,1
24012ILA_1203,20250130,1
24012ILA_1212,20250130,1
24012ILA_1201,20250131,1
24012ILA_1202,20250131,1
24012ILA_1203,20250131,1
24012ILA_1212,20250131,1
24012ILA_1201,20250203,1
24012ILA_1202,20250203,1
24012ILA_1203,20250203,1
24012ILA_1212,20250203,1
24012ILA_1201,20250204,1
24012ILA_1202,20250204,1
24012ILA_1203,20250204,1
24012ILA_1212,20250204,1
24012ILA_1201,20250205,1
24012ILA_1202,20250205,1
24012ILA_1203,20250205,1
24012ILA_1212,20250205,1
24012ILA_1201,20250206,1
24012ILA_1202,20250206,1
24012ILA_1203,20250206,1
24012ILA_1212,20250206,1
24012ILA_1201,20250207,1
24012ILA_1202,20250207,1
24012ILA_1203,20250207,1
24012ILA_1212,20250207,1
24012ILA_1201,20250210,1
24012ILA_1202,20250210,1
24012ILA_1203,20250210,1
24012ILA_1212,20250210,1
24012ILA_1201,20250211,1
24012ILA_1202,20250211,1
24012ILA_1203,20250211,1
24012ILA_1212,20250211,1
24012ILA_1201,20250212,1
24012ILA_1202,20250212,1
24012ILA_1203,20250212,1
24012ILA_1212,20250212,1
24012ILA_1201,20250213,1
24012ILA_1202,20250213,1
24012ILA_1203,20250213,1
24012ILA_1212,20250213,1
24012ILA_1201,20250214,1
24012ILA_1202,20250214,1
24012ILA_1203,20250214,1
24012ILA_1212,20250214,1
24012ILA_1201,20250217,1
24012ILA_1202,20250217,1
24012ILA_1203,20250217,1
24012ILA_1212,20250217,1
24012ILA_1201,20250218,1
24012ILA_1202,20250218,1
24012ILA_1203,20250218,1
24012ILA_1212,20250218,1
24012ILA_1201,20250219,1
24012ILA_1202,20250219,1
24012ILA_1203,20250219,1
24012ILA_1212,20250219,1
24012ILA_1201,20250220,1
24012ILA_1202,20250220,1
24012ILA_1203,20250220,1
24012ILA_1212,20250220,1
24012ILA_1201,20250221,1
24012ILA_1202,20250221,1
24012ILA_1203,20250221,1
24012ILA_1212,20250221,1
24012ILA_1201,20250224,1
24012ILA_1202,20250224,1
24012ILA_1203,20250224,1
24012ILA_1212,20250224,1
24012ILA_1201,20250225,1
24012ILA_1202,20250225,1
24012ILA_1203,20250225,1
24012ILA_1212,20250225,1
24012ILA_1201,20250226,1
24012ILA_1202,20250226,1
24012ILA_1203,20250226,1
24012ILA_1212,20250226,1
24012ILA_1201,20250227,1
24012ILA_1202,20250227,1
24012ILA_1203,20250227,1
24012ILA_1212,20250227,1
24012ILA_1201,20250228,1
24012ILA_1202,20250228,1
24012ILA_1203,20250228,1
24012ILA_1212,20250228,1
24012ILA_1201,20250303,1
24012ILA_1202,20250303,1
24012ILA_1203,20250303,1
24012ILA_1212,20250303,1
24012ILA_1201,20250304,1
24012ILA_1202,20250304,1
24012ILA_1203,20250304,1
24012ILA_1212,20250304,1
24012ILA_1201,20250305,1
24012ILA_1202,20250305,1
24012ILA_1203,20250305,1
24012ILA_1212,20250305,1
24012ILA_1201,20250306,1
24012ILA_1202,20250306,1
24012ILA_1203,20250306,1
24012ILA_1212,20250306,1
24012ILA_1201,20250307,1
24012ILA_1202,20250307,1
24012ILA_1203,20250307,1
24012ILA_1212,20250307,1
24012ILA_1201,20250310,1
24012ILA_1202,20250310,1
24012ILA_1203,20250310,1
24012ILA_1212,20250310,1
24012ILA_1201,20250311,1
24012ILA_1202,20250311,1
24012ILA_1203,20250311,1
24012ILA_1212,20250311,1
24012ILA_1201,20250312,1
24012ILA_1202,20250312,1
24012ILA_1203,20250312,1
24012ILA_1212,20250312,1
24012ILA_1201,20250313,1
24012ILA_1202,20250313,1
24012ILA_1203,20250313,1
24012ILA_1212,20250313,1
24012ILA_1201,20250314,1
24012ILA_1202,20250314,1
24012ILA_1203,20250314,1
24012ILA_1212,20250314,1
24012ILA_1201,20250317,1
24012ILA_1202,20250317,1
24012ILA_1203,20250317,1
24012ILA_1212,20250317,1
24012ILA_1201,20250318,1
24012ILA_1202,20250318,1
24012ILA_1203,20250318,1
24012ILA_1212,20250318,1
24012ILA_1201,20250319,1
24012ILA_1202,20250319,1
24012ILA_1203,20250319,1
24012ILA_1212,20250319,1
24012ILA_1201,20250320,1
24012ILA_1202,20250320,1
24012ILA_1203,20250320,1
24012ILA_1212,20250320,1
24012ILA_1201,20250321,1
24012ILA_1202,20250321,1
24012ILA_1203,20250321,1
24012ILA_1212,20250321,1
24012ILA_1201,20250324,1
24012ILA_1202,20250324,1
24012ILA_1203,20250324,1
24012ILA_1212,20250324,1
24012ILA_1201,20250325,1
24012ILA_1202,20250325,1
24012ILA_1203,20250325,1
24012ILA_1212,20250325,1
24012ILA_1201,20250326,1
24012ILA_1202,20250326,1
24012ILA_1203,20250326,1
24012ILA_1212,20250326,1
24012ILA_1201,20250327,1
24012ILA_1202,20250327,1
24012ILA_1203,20250327,1
24012ILA_1212,20250327,1
24012ILA_1201,20250328,1
24012ILA_1202,20250328,1
24012ILA_1203,20250328,1
24012ILA_1212,20250328,1
24012ILA_1201,20250331,1
24012ILA_1202,20250331,1
24012ILA_1203,20250331,1
24012ILA_1212,20250331,1
24012ILA_1201,20250401,1
24012ILA_1202,20250401,1
24012ILA_1203,20250401,1
24012ILA_1212,20250401,1
24012ILA_1201,20250402,1
24012ILA_1202,20250402,1
24012ILA_1203,20250402,1
24012ILA_1212,20250402,1
24012ILA_1201,20250403,1
24012ILA_1202,20250403,1
24012ILA_1203,20250403,1
24012ILA_1212,20250403,1
24012ILA_1201,20250404,1
24012ILA_1202,20250404,1
24012ILA_1203,20250404,1
24012ILA_1212,20250404,1
24012ILA_1201,20250407,1
24012ILA_1202,20250407,1
24012ILA_1203,20250407,1
24012ILA_1212,20250407,1
24012ILA_1201,20250408,1
24012ILA_1202,20250408,1
24012ILA_1203,20250408,1
24012ILA_1212,20250408,1
24012ILA_1201,20250409,1
24012ILA_1202,20250409,1
24012ILA_1203,20250409,1
24012ILA_1212,20250409,1
24012ILA_1201,20250410,1
24012ILA_1202,20250410,1
24012ILA_1203,20250410,1
24012ILA_1212,20250410,1
24012ILA_1201,20250411,1
24012ILA_1202,20250411,1
24012ILA_1203,20250411,1
24012ILA_1212,20250411,1
24012ILA_1201,20250414,1
24012ILA_1202,20250414,1
24012ILA_1203,20250414,1
24012ILA_1212,20250414,1
24012ILA_1201,20250415,1
24012ILA_1202,20250415,1
24012ILA_1203,20250415,1
24012ILA_1212,20250415,1
24012ILA_1201,20250416,1
24012ILA_1202,20250416,1
24012ILA_1203,20250416,1
24012ILA_1212,20250416,1
24012ILA_1201,20250421,1
24012ILA_1202,20250421,1
24012ILA_1203,20250421,1
24012ILA_1212,20250421,1
24012ILA_1201,20250422,1
24012ILA_1202,20250422,1
24012ILA_1203,20250422,1
24012ILA_1212,20250422,1
24012ILA_1201,20250423,1
24012ILA_1202,20250423,1
24012ILA_1203,20250423,1
24012ILA_1212,20250423,1
24012ILA_1201,20250424,1
24012ILA_1202,20250424,1
24012ILA_1203,20250424,1
24012ILA_1212,20250424,1
24012ILA_1201,20250425,1
24012ILA_1202,20250425,1
24012ILA_1203,20250425,1
24012ILA_1212,20250425,1
24012ILA_1201,20250428,1
24012ILA_1202,20250428,1
24012ILA_1203,20250428,1
24012ILA_1212,20250428,1
24012ILA_1201,20250429,1
24012ILA_1202,20250429,1
24012ILA_1203,20250429,1
24012ILA_1212,20250429,1
24012ILA_1201,20250430,1
24012ILA_1202,20250430,1
24012ILA_1203,20250430,1
24012ILA_1212,20250430,1
24012ILA_1201,20250502,1
24012ILA_1202,20250502,1
24012ILA_1203,20250502,1
24012ILA_1212,20250502,1
24012ILA_1201,20250505,1
24012ILA_1202,20250505,1
24012ILA_1203,20250505,1
24012ILA_1212,20250505,1
24012ILA_1201,20250506,1
24012ILA_1202,20250506,1
24012ILA_1203,20250506,1
24012ILA_1212,20250506,1
24012ILA_1201,20250507,1
24012ILA_1202,20250507,1
24012ILA_1203,20250507,1
24012ILA_1212,20250507,1
24012ILA_1201,20250508,1
24012ILA_1202,20250508,1
24012ILA_1203,20250508,1
24012ILA_1212,20250508,1
24012ILA_1201,20250509,1
24012ILA_1202,20250509,1
24012ILA_1203,20250509,1
24012ILA_1212,20250509,1
24012ILA_1201,20250512,1
24012ILA_1202,20250512,1
24012ILA_1203,20250512,1
24012ILA_1212,20250512,1
24012ILA_1201,20250513,1
24012ILA_1202,20250513,1
24012ILA_1203,20250513,1
24012ILA_1212,20250513,1
24012ILA_1201,20250514,1
24012ILA_1202,20250514,1
24012ILA_1203,20250514,1
24012ILA_1212,20250514,1
24012ILA_1201,20250515,1
24012ILA_1202,20250515,1
24012ILA_1203,20250515,1
24012ILA_1212,20250515,1
24012ILA_1201,20250516,1
24012ILA_1202,20250516,1
24012ILA_1203,20250516,1
24012ILA_1212,20250516,1
24012ILA_1201,20250519,1
24012ILA_1202,20250519,1
24012ILA_1203,20250519,1
24012ILA_1212,20250519,1
24012ILA_1201,20250520,1
24012ILA_1202,20250520,1
24012ILA_1203,20250520,1
24012ILA_1212,20250520,1
24012ILA_1201,20250521,1
24012ILA_1202,20250521,1
24012ILA_1203,20250521,1
24012ILA_1212,20250521,1
24012ILA_1201,20250522,1
24012ILA_1202,20250522,1
24012ILA_1203,20250522,1
24012ILA_1212,20250522,1
24012ILA_1201,20250523,1
24012ILA_1202,20250523,1
24012ILA_1203,20250523,1
24012ILA_1212,20250523,1
24012ILA_1201,20250526,1
24012ILA_1202,20250526,1
24012ILA_1203,20250526,1
24012ILA_1212,20250526,1
24012ILA_1201,20250527,1
24012ILA_1202,20250527,1
24012ILA_1203,20250527,1
24012ILA_1212,20250527,1
24012ILA_1201,20250528,1
24012ILA_1202,20250528,1
24012ILA_1203,20250528,1
24012ILA_1212,20250528,1
24012ILA_1201,20250529,1
24012ILA_1202,20250529,1
24012ILA_1203,20250529,1
24012ILA_1212,20250529,1
24012ILA_1201,20250530,1
24012ILA_1202,20250530,1
24012ILA_1203,20250530,1
24012ILA_1212,20250530,1
24012ILA_1201,20250602,1
24012ILA_1202,20250602,1
24012ILA_1203,20250602,1
24012ILA_1212,20250602,1
24012ILA_1201,20250603,1
24012ILA_1202,20250603,1
24012ILA_1203,20250603,1
24012ILA_1212,20250603,1
24012ILA_1201,20250604,1
24012ILA_1202,20250604,1
24012ILA_1203,20250604,1
24012ILA_1212,20250604,1
24012ILA_1201,20250605,1
24012ILA_1202,20250605,1
24012ILA_1203,20250605,1
24012ILA_1212,20250605,1
24012ILA_1201,20250606,1
24012ILA_1202,20250606,1
24012ILA_1203,20250606,1
24012ILA_1212,20250606,1
24012ILA_1201,20250610,1
24012ILA_1202,20250610,1
24012ILA_1203,20250610,1
24012ILA_1212,20250610,1
24012ILA_1201,20250611,1
24012ILA_1202,20250611,1
24012ILA_1203,20250611,1
24012ILA_1212,20250611,1
24012ILA_1201,20250612,1
24012ILA_1202,20250612,1
24012ILA_1203,20250612,1
24012ILA_1212,20250612,1
24012ILA_1201,20250613,1
24012ILA_1202,20250613,1
24012ILA_1203,20250613,1
24012ILA_1212,20250613,1
24012ILA_1201,20250616,1
24012ILA_1202,20250616,1
24012ILA_1203,20250616,1
24012ILA_1212,20250616,1
24012ILA_1201,20250617,1
24012ILA_1202,20250617,1
24012ILA_1203,20250617,1
24012ILA_1212,20250617,1
24012ILA_1201,20250618,1
24012ILA_1202,20250618,1
24012ILA_1203,20250618,1
24012ILA_1212,20250618,1
24012ILA_1201,20250619,1
24012ILA_1202,20250619,1
24012ILA_1203,20250619,1
24012ILA_1212,20250619,1
24012ILA_1201,20250620,1
24012ILA_1202,20250620,1
24012ILA_1203,20250620,1
24012ILA_1212,20250620,1
24012ILA_1201,20250623,1
24012ILA_1202,20250623,1
24012ILA_1203,20250623,1
24012ILA_1212,20250623,1
24012ILA_1201,20250624,1
24012ILA_1202,20250624,1
24012ILA_1203,20250624,1
24012ILA_1212,20250624,1
24012ILA_1201,20250625,1
24012ILA_1202,20250625,1
24012ILA_1203,20250625,1
24012ILA_1212,20250625,1
24012ILA_1201,20250626,1
24012ILA_1202,20250626,1
24012ILA_1203,20250626,1
24012ILA_1212,20250626,1
24012ILA_1201,20250627,1
24012ILA_1202,20250627,1
24012ILA_1203,20250627,1
24012ILA_1212,20250627,1
24012ILA_1201,20250630,1
24012ILA_1202,20250630,1
24012ILA_1203,20250630,1
24012ILA_1212,20250630,1
24012ISA_1201,20240907,1
24012ISA_1202,20240907,1
24012ISA_1203,20240907,1
24012ISA_1212,20240907,1
24012ISA_1201,20240914,1
24012ISA_1202,20240914,1
24012ISA_1203,20240914,1
24012ISA_1212,20240914,1
24012ISA_1201,20240921,1
24012ISA_1202,20240921,1
24012ISA_1203,20240921,1
24012ISA_1212,20240921,1
24012ISA_1201,20240928,1
24012ISA_1202,20240928,1
24012ISA_1203,20240928,1
24012ISA_1212,20240928,1
24012ISA_1201,20241005,1
24012ISA_1202,20241005,1
24012ISA_1203,20241005,1
24012ISA_1212,20241005,1
24012ISA_1201,20241019,1
24012ISA_1202,20241019,1
24012ISA_1203,20241019,1
24012ISA_1212,20241019,1
24012ISA_1201,20241026,1
24012ISA_1202,20241026,1
24012ISA_1203,20241026,1
24012ISA_1212,20241026,1
24012ISA_1201,20241102,1
24012ISA_1202,20241102,1
24012ISA_1203,20241102,1
24012ISA_1212,20241102,1
24012ISA_1201,20241109,1
24012ISA_1202,20241109,1
24012ISA_1203,20241109,1
24012ISA_1212,20241109,1
24012ISA_1201,20241116,1
24012ISA_1202,20241116,1
24012ISA_1203,20241116,1
24012ISA_1212,20241116,1
24012ISA_1201,20241123,1
24012ISA_1202,20241123,1
24012ISA_1203,20241123,1
24012ISA_1212,20241123,1
24012ISA_1201,20241130,1
24012ISA_1202,20241130,1
24012ISA_1203,20241130,1
24012ISA_1212,20241130,1
24012ISA_1201,20241207,1
24012ISA_1202,20241207,1
24012ISA_1203,20241207,1
24012ISA_1212,20241207,1
24012ISA_1201,20241214,1
24012ISA_1202,20241214,1
24012ISA_1203,20241214,1
24012ISA_1212,20241214,1
24012ISA_1201,20241221,1
24012ISA_1202,20241221,1
24012ISA_1203,20241221,1
24012ISA_1212,20241221,1
24012ISA_1201,20241228,1
24012ISA_1202,20241228,1
24012ISA_1203,20241228,1
24012ISA_1212,20241228,1
24012ISA_1201,20250104,1
24012ISA_1202,20250104,1
24012ISA_1203,20250104,1
24012ISA_1212,20250104,1
24012ISA_1201,20250111,1
24012ISA_1202,20250111,1
24012ISA_1203,20250111,1
24012ISA_1212,20250111,1
24012ISA_1201,20250118,1
24012ISA_1202,20250118,1
24012ISA_1203,20250118,1
24012ISA_1212,20250118,1
24012ISA_1201,20250125,1
24012ISA_1202,20250125,1
24012ISA_1203,20250125,1
24012ISA_1212,20250125,1
24012ISA_1201,20250201,1
24012ISA_1202,20250201,1
24012ISA_1203,20250201,1
24012ISA_1212,20250201,1
24012ISA_1201,20250208,1
24012ISA_1202,20250208,1
24012ISA_1203,20250208,1
24012ISA_1212,20250208,1
24012ISA_1201,20250215,1
24012ISA_1202,20250215,1
24012ISA_1203,20250215,1
24012ISA_1212,20250215,1
24012ISA_1201,20250222,1
24012ISA_1202,20250222,1
24012ISA_1203,20250222,1
24012ISA_1212,20250222,1
24012ISA_1201,20250301,1
24012ISA_1202,20250301,1
24012ISA_1203,20250301,1
24012ISA_1212,20250301,1
24012ISA_1201,20250308,1
24012ISA_1202,20250308,1
24012ISA_1203,20250308,1
24012ISA_1212,20250308,1
24012ISA_1201,20250315,1
24012ISA_1202,20250315,1
24012ISA_1203,20250315,1
24012ISA_1212,20250315,1
24012ISA_1201,20250322,1
24012ISA_1202,20250322,1
24012ISA_1203,20250322,1
24012ISA_1212,20250322,1
24012ISA_1201,20250329,1
24012ISA_1202,20250329,1
24012ISA_1203,20250329,1
24012ISA_1212,20250329,1
24012ISA_1201,20250405,1
24012ISA_1202,20250405,1
24012ISA_1203,20250405,1
24012ISA_1212,20250405,1
24012ISA_1201,20250412,1
24012ISA_1202,20250412,1
24012ISA_1203,20250412,1
24012ISA_1212,20250412,1
24012ISA_1201,20250419,1
24012ISA_1202,20250419,1
24012ISA_1203,20250419,1
24012ISA_1212,20250419,1
24012ISA_1201,20250426,1
24012ISA_1202,20250426,1
24012ISA_1203,20250426,1
24012ISA_1212,20250426,1
24012ISA_1201,20250503,1
24012ISA_1202,20250503,1
24012ISA_1203,20250503,1
24012ISA_1212,20250503,1
24012ISA_1201,20250510,1
24012ISA_1202,20250510,1
24012ISA_1203,20250510,1
24012ISA_1212,20250510,1
24012ISA_1201,20250517,1
24012ISA_1202,20250517,1
24012ISA_1203,20250517,1
24012ISA_1212,20250517,1
24012ISA_1201,20250524,1
24012ISA_1202,20250524,1
24012ISA_1203,20250524,1
24012ISA_1212,20250524,1
24012ISA_1201,20250531,1
24012ISA_1202,20250531,1
24012ISA_1203,20250531,1
24012ISA_1212,20250531,1
24012ISA_1201,20250607,1
24012ISA_1202,20250607,1
24012ISA_1203,20250607,1
24012ISA_1212,20250607,1
24012ISA_1201,20250614,1
24012ISA_1202,20250614,1
24012ISA_1203,20250614,1
24012ISA_1212,20250614,1
24012ISA_1201,20250621,1
24012ISA_1202,20250621,1
24012ISA_1203,20250621,1
24012ISA_1212,20250621,1
24012ISA_1201,20250628,1
24012ISA_1202,20250628,1
24012ISA_1203,20250628,1
24012ISA_1212,20250628,1
24013IFA_1301,20240908,1
24013IFA_1302,20240908,1
24013IFA_1311,20240908,1
24013IFA_1312,20240908,1
24013IFA_1301,20240915,1
24013IFA_1302,20240915,1
24013IFA_1311,20240915,1
24013IFA_1312,20240915,1
24013IFA_1301,20240922,1
24013IFA_1302,20240922,1
24013IFA_1311,20240922,1
24013IFA_1312,20240922,1
24013IFA_1301,20240929,1
24013IFA_1302,20240929,1
24013IFA_1311,20240929,1
24013IFA_1312,20240929,1
24013IFA_1301,20241006,1
24013IFA_1302,20241006,1
24013IFA_1311,20241006,1
24013IFA_1312,20241006,1
24013IFA_1301,20241012,1
24013IFA_1302,20241012,1
24013IFA_1311,20241012,1
24013IFA_1312,20241012,1
24013IFA_1301,20241013,1
24013IFA_1302,20241013,1
24013IFA_1311,20241013,1
24013IFA_1312,20241013,1
24013IFA_1301,20241020,1
24013IFA_1302,20241020,1
24013IFA_1311,20241020,1
24013IFA_1312,20241020,1
24013IFA_1301,20241027,1
24013IFA_1302,20241027,1
24013IFA_1311,20241027,1
24013IFA_1312,20241027,1
24013IFA_1301,20241101,1
24013IFA_1302,20241101,1
24013IFA_1311,20241101,1
24013IFA_1312,20241101,1
24013IFA_1301,20241103,1
24013IFA_1302,20241103,1
24013IFA_1311,20241103,1
24013IFA_1312,20241103,1
24013IFA_1301,20241110,1
24013IFA_1302,20241110,1
24013IFA_1311,20241110,1
24013IFA_1312,20241110,1
24013IFA_1301,20241117,1
24013IFA_1302,20241117,1
24013IFA_1311,20241117,1
24013IFA_1312,20241117,1
24013IFA_1301,20241124,1
24013IFA_1302,20241124,1
24013IFA_1311,20241124,1
24013IFA_1312,20241124,1
24013IFA_1301,20241201,1
24013IFA_1302,20241201,1
24013IFA_1311,20241201,1
24013IFA_1312,20241201,1
24013IFA_1301,20241206,1
24013IFA_1302,20241206,1
24013IFA_1311,20241206,1
24013IFA_1312,20241206,1
24013IFA_1301,20241208,1
24013IFA_1302,20241208,1
24013IFA_1311,20241208,1
24013IFA_1312,20241208,1
24013IFA_1301,20241215,1
24013IFA_1302,20241215,1
24013IFA_1311,20241215,1
24013IFA_1312,20241215,1
24013IFA_1301,20241222,1
24013IFA_1302,20241222,1
24013IFA_1311,20241222,1
24013IFA_1312,20241222,1
24013IFA_1301,20241225,1
24013IFA_1302,20241225,1
24013IFA_1311,20241225,1
24013IFA_1312,20241225,1
24013IFA_1301,20241229,1
24013IFA_1302,20241229,1
24013IFA_1311,20241229,1
24013IFA_1312,20241229,1
24013IFA_1301,20250101,1
24013IFA_1302,20250101,1
24013IFA_1311,20250101,1
24013IFA_1312,20250101,1
24013IFA_1301,20250105,1
24013IFA_1302,20250105,1
24013IFA_1311,20250105,1
24013IFA_1312,20250105,1
24013IFA_1301,20250106,1
24013IFA_1302,20250106,1
24013IFA_1311,20250106,1
24013IFA_1312,20250106,1
24013IFA_1301,20250112,1
24013IFA_1302,20250112,1
24013IFA_1311,20250112,1
24013IFA_1312,20250112,1
24013IFA_1301,20250119,1
24013IFA_1302,20250119,1
24013IFA_1311,20250119,1
24013IFA_1312,20250119,1
24013IFA_1301,20250126,1
24013IFA_1302,20250126,1
24013IFA_1311,20250126,1
24013IFA_1312,20250126,1
24013IFA_1301,20250202,1
24013IFA_1302,20250202,1
24013IFA_1311,20250202,1
24013IFA_1312,20250202,1
24013IFA_1301,20250209,1
24013IFA_1302,20250209,1
24013IFA_1311,20250209,1
24013IFA_1312,20250209,1
24013IFA_1301,20250216,1
24013IFA_1302,20250216,1
24013IFA_1311,20250216,1
24013IFA_1312,20250216,1
24013IFA_1301,20250223,1
24013IFA_1302,20250223,1
24013IFA_1311,20250223,1
24013IFA_1312,20250223,1
24013IFA_1301,20250302,1
24013IFA_1302,20250302,1
24013IFA_1311,20250302,1
24013IFA_1312,20250302,1
24013IFA_1301,20250309,1
24013IFA_1302,20250309,1
24013IFA_1311,20250309,1
24013IFA_1312,20250309,1
24013IFA_1301,20250316,1
24013IFA_1302,20250316,1
24013IFA_1311,20250316,1
24013IFA_1312,20250316,1
24013IFA_1301,20250323,1
24013IFA_1302,20250323,1
24013IFA_1311,20250323,1
24013IFA_1312,20250323,1
24013IFA_1301,20250330,1
24013IFA_1302,20250330,1
24013IFA_1311,20250330,1
24013IFA_1312,20250330,1
24013IFA_1301,20250406,1
24013IFA_1302,20250406,1
24013IFA_1311,20250406,1
24013IFA_1312,20250406,1
24013IFA_1301,20250413,1
24013IFA_1302,20250413,1
24013IFA_1311,20250413,1
24013IFA_1312,20250413,1
24013IFA_1301,20250417,1
24013IFA_1302,20250417,1
24013IFA_1311,20250417,1
24013IFA_1312,20250417,1
24013IFA_1301,20250418,1
24013IFA_1302,20250418,1
24013IFA_1311,20250418,1
24013IFA_1312,20250418,1
24013IFA_1301,20250420,1
24013IFA_1302,20250420,1
24013IFA_1311,20250420,1
24013IFA_1312,20250420,1
24013IFA_1301,20250427,1
24013IFA_1302,20250427,1
24013IFA_1311,20250427,1
24013IFA_1312,20250427,1
24013IFA_1301,20250501,1
24013IFA_1302,20250501,1
24013IFA_1311,20250501,1
24013IFA_1312,20250501,1
24013IFA_1301,20250504,1
24013IFA_1302,20250504,1
24013IFA_1311,20250504,1
24013IFA_1312,20250504,1
24013IFA_1301,20250511,1
24013IFA_1302,20250511,1
24013IFA_1311,20250511,1
24013IFA_1312,20250511,1
24013IFA_1301,20250518,1
24013IFA_1302,20250518,1
24013IFA_1311,20250518,1
24013IFA_1312,20250518,1
24013IFA_1301,20250525,1
24013IFA_1302,20250525,1
24013IFA_1311,20250525,1
24013IFA_1312,20250525,1
24013IFA_1301,20250601,1
24013IFA_1302,20250601,1
24013IFA_1311,20250601,1
24013IFA_1312,20250601,1
24013IFA_1301,20250608,1
24013IFA_1302,20250608,1
24013IFA_1311,20250608,1
24013IFA_1312,20250608,1
24013IFA_1301,20250609,1
24013IFA_1302,20250609,1
24013IFA_1311,20250609,1
24013IFA_1312,20250609,1
24013IFA_1301,20250615,1
24013IFA_1302,20250615,1
24013IFA_1311,20250615,1
24013IFA_1312,20250615,1
24013IFA_1301,20250622,1
24013IFA_1302,20250622,1
24013IFA_1311,20250622,1
24013IFA_1312,20250622,1
24013IFA_1301,20250629,1
24013IFA_1302,20250629,1
24013IFA_1311,20250629,1
24013IFA_1312,20250629,1
24013ILA_1301,20240903,1
24013ILA_1302,20240903,1
24013ILA_1303,20240903,1
24013ILA_1304,20240903,1
24013ILA_1301,20240904,1
24013ILA_1302,20240904,1
24013ILA_1303,20240904,1
24013ILA_1304,20240904,1
24013ILA_1301,20240905,1
24013ILA_1302,20240905,1
24013ILA_1303,20240905,1
24013ILA_1304,20240905,1
24013ILA_1301,20240906,1
24013ILA_1302,20240906,1
24013ILA_1303,20240906,1
24013ILA_1304,20240906,1
24013ILA_1301,20240909,1
24013ILA_1302,20240909,1
24013ILA_1303,20240909,1
24013ILA_1304,20240909,1
24013ILA_1301,20240910,1
24013ILA_1302,20240910,1
24013ILA_1303,20240910,1
24013ILA_1304,20240910,1
24013ILA_1301,20240911,1
24013ILA_1302,20240911,1
24013ILA_1303,20240911,1
24013ILA_1304,20240911,1
24013ILA_1301,20240912,1
24013ILA_1302,20240912,1
24013ILA_1303,20240912,1
24013ILA_1304,20240912,1
24013ILA_1301,20240913,1
24013ILA_1302,20240913,1
24013ILA_1303,20240913,1
24013ILA_1304,20240913,1
24013ILA_1301,20240916,1
24013ILA_1302,20240916,1
24013ILA_1303,20240916,1
24013ILA_1304,20240916,1
24013ILA_1301,20240917,1
24013ILA_1302,20240917,1
24013ILA_1303,20240917,1
24013ILA_1304,20240917,1
24013ILA_1301,20240918,1
24013ILA_1302,20240918,1
24013ILA_1303,20240918,1
24013ILA_1304,20240918,1
24013ILA_1301,20240919,1
24013ILA_1302,20240919,1
24013ILA_1303,20240919,1
24013ILA_1304,20240919,1
24013ILA_1301,20240920,1
24013ILA_1302,20240920,1
24013ILA_1303,20240920,1
24013ILA_1304,20240920,1
24013ILA_1301,20240923,1
24013ILA_1302,20240923,1
24013ILA_1303,20240923,1
24013ILA_1304,20240923,1
24013ILA_1301,20240924,1
24013ILA_1302,20240924,1
24013ILA_1303,20240924,1
24013ILA_1304,20240924,1
24013ILA_1301,20240925,1
24013ILA_1302,20240925,1
24013ILA_1303,20240925,1
24013ILA_1304,20240925,1
24013ILA_1301,20240926,1
24013ILA_1302,20240926,1
24013ILA_1303,20240926,1
24013ILA_1304,20240926,1
24013ILA_1301,20240927,1
24013ILA_1302,20240927,1
24013ILA_1303,20240927,1
24013ILA_1304,20240927,1
24013ILA_1301,20240930,1
24013ILA_1302,20240930,1
24013ILA_1303,20240930,1
24013ILA_1304,20240930,1
24013ILA_1301,20241001,1
24013ILA_1302,20241001,1
24013ILA_1303,20241001,1
24013ILA_1304,20241001,1
24013ILA_1301,20241002,1
24013ILA_1302,20241002,1
24013ILA_1303,20241002,1
24013ILA_1304,20241002,1
24013ILA_1301,20241003,1
24013ILA_1302,20241003,1
24013ILA_1303,20241003,1
24013ILA_1304,20241003,1
24013ILA_1301,20241004,1
24013ILA_1302,20241004,1
24013ILA_1303,20241004,1
24013ILA_1304,20241004,1
24013ILA_1301,20241007,1
24013ILA_1302,20241007,1
24013ILA_1303,20241007,1
24013ILA_1304,20241007,1
24013ILA_1301,20241008,1
24013ILA_1302,20241008,1
24013ILA_1303,20241008,1
24013ILA_1304,20241008,1
24013ILA_1301,20241009,1
24013ILA_1302,20241009,1
24013ILA_1303,20241009,1
24013ILA_1304,20241009,1
24013ILA_1301,20241010,1
24013ILA_1302,20241010,1
24013ILA_1303,20241010,1
24013ILA_1304,20241010,1
24013ILA_1301,20241011,1
24013ILA_1302,20241011,1
24013ILA_1303,20241011,1
24013ILA_1304,20241011,1
24013ILA_1301,20241014,1
24013ILA_1302,20241014,1
24013ILA_1303,20241014,1
24013ILA_1304,20241014,1
24013ILA_1301,20241015,1
24013ILA_1302,20241015,1
24013ILA_1303,20241015,1
24013ILA_1304,20241015,1
24013ILA_1301,20241016,1
24013ILA_1302,20241016,1
24013ILA_1303,20241016,1
24013ILA_1304,20241016,1
24013ILA_1301,20241017,1
24013ILA_1302,20241017,1
24013ILA_1303,20241017,1
24013ILA_1304,20241017,1
24013ILA_1301,20241018,1
24013ILA_1302,20241018,1
24013ILA_1303,20241018,1
24013ILA_1304,20241018,1
24013ILA_1301,20241021,1
24013ILA_1302,20241021,1
24013ILA_1303,20241021,1
24013ILA_1304,20241021,1
24013ILA_1301,20241022,1
24013ILA_1302,20241022,1
24013ILA_1303,20241022,1
24013ILA_1304,20241022,1
24013ILA_1301,20241023,1
24013ILA_1302,20241023,1
24013ILA_1303,20241023,1
24013ILA_1304,20241023,1
24013ILA_1301,20241024,1
24013ILA_1302,20241024,1
24013ILA_1303,20241024,1
24013ILA_1304,20241024,1
24013ILA_1301,20241025,1
24013ILA_1302,20241025,1
24013ILA_1303,20241025,1
24013ILA_1304,20241025,1
24013ILA_1301,20241028,1
24013ILA_1302,20241028,1
24013ILA_1303,20241028,1
24013ILA_1304,20241028,1
24013ILA_1301,20241029,1
24013ILA_1302,20241029,1
24013ILA_1303,20241029,1
24013ILA_1304,20241029,1
24013ILA_1301,20241030,1
24013ILA_1302,20241030,1
24013ILA_1303,20241030,1
24013ILA_1304,20241030,1
24013ILA_1301,20241031,1
24013ILA_1302,20241031,1
24013ILA_1303,20241031,1
24013ILA_1304,20241031,1
24013ILA_1301,20241104,1
24013ILA_1302,20241104,1
24013ILA_1303,20241104,1
24013ILA_1304,20241104,1
24013ILA_1301,20241105,1
24013ILA_1302,20241105,1
24013ILA_1303,20241105,1
24013ILA_1304,20241105,1
24013ILA_1301,20241106,1
24013ILA_1302,20241106,1
24013ILA_1303,20241106,1
24013ILA_1304,20241106,1
24013ILA_1301,20241107,1
24013ILA_1302,20241107,1
24013ILA_1303,20241107,1
24013ILA_1304,20241107,1
24013ILA_1301,20241108,1
24013ILA_1302,20241108,1
24013ILA_1303,20241108,1
24013ILA_1304,20241108,1
24013ILA_1301,20241111,1
24013ILA_1302,20241111,1
24013ILA_1303,20241111,1
24013ILA_1304,20241111,1
24013ILA_1301,20241112,1
24013ILA_1302,20241112,1
24013ILA_1303,20241112,1
24013ILA_1304,20241112,1
24013ILA_1301,20241113,1
24013ILA_1302,20241113,1
24013ILA_1303,20241113,1
24013ILA_1304,20241113,1
24013ILA_1301,20241114,1
24013ILA_1302,20241114,1
24013ILA_1303,20241114,1
24013ILA_1304,20241114,1
24013ILA_1301,20241115,1
24013ILA_1302,20241115,1
24013ILA_1303,20241115,1
24013ILA_1304,20241115,1
24013ILA_1301,20241118,1
24013ILA_1302,20241118,1
24013ILA_1303,20241118,1
24013ILA_1304,20241118,1
24013ILA_1301,20241119,1
24013ILA_1302,20241119,1
24013ILA_1303,20241119,1
24013ILA_1304,20241119,1
24013ILA_1301,20241120,1
24013ILA_1302,20241120,1
24013ILA_1303,20241120,1
24013ILA_1304,20241120,1
24013ILA_1301,20241121,1
24013ILA_1302,20241121,1
24013ILA_1303,20241121,1
24013ILA_1304,20241121,1
24013ILA_1301,20241122,1
24013ILA_1302,20241122,1
24013ILA_1303,20241122,1
24013ILA_1304,20241122,1
24013ILA_1301,20241125,1
24013ILA_1302,20241125,1
24013ILA_1303,20241125,1
24013ILA_1304,20241125,1
24013ILA_1301,20241126,1
24013ILA_1302,20241126,1
24013ILA_1303,20241126,1
24013ILA_1304,20241126,1
24013ILA_1301,20241127,1
24013ILA_1302,20241127,1
24013ILA_1303,20241127,1
24013ILA_1304,20241127,1
24013ILA_1301,20241128,1
24013ILA_1302,20241128,1
24013ILA_1303,20241128,1
24013ILA_1304,20241128,1
24013ILA_1301,20241129,1
24013ILA_1302,20241129,1
24013ILA_1303,20241129,1
24013ILA_1304,20241129,1
24013ILA_1301,20241202,1
24013ILA_1302,20241202,1
24013ILA_1303,20241202,1
24013ILA_1304,20241202,1
24013ILA_1301,20241203,1
24013ILA_1302,20241203,1
24013ILA_1303,20241203,1
24013ILA_1304,20241203,1
24013ILA_1301,20241204,1
24013ILA_1302,20241204,1
24013ILA_1303,20241204,1
24013ILA_1304,20241204,1
24013ILA_1301,20241205,1
24013ILA_1302,20241205,1
24013ILA_1303,20241205,1
24013ILA_1304,20241205,1
24013ILA_1301,20241209,1
24013ILA_1302,20241209,1
24013ILA_1303,20241209,1
24013ILA_1304,20241209,1
24013ILA_1301,20241210,1
24013ILA_1302,20241210,1
24013ILA_1303,20241210,1
24013ILA_1304,20241210,1
24013ILA_1301,20241211,1
24013ILA_1302,20241211,1
24013ILA_1303,20241211,1
24013ILA_1304,20241211,1
24013ILA_1301,20241212,1
24013ILA_1302,20241212,1
24013ILA_1303,20241212,1
24013ILA_1304,20241212,1
24013ILA_1301,20241213,1
24013ILA_1302,20241213,1
24013ILA_1303,20241213,1
24013ILA_1304,20241213,1
24013ILA_1301,20241216,1
24013ILA_1302,20241216,1
24013ILA_1303,20241216,1
24013ILA_1304,20241216,1
24013ILA_1301,20241217,1
24013ILA_1302,20241217,1
24013ILA_1303,20241217,1
24013ILA_1304,20241217,1
24013ILA_1301,20241218,1
24013ILA_1302,20241218,1
24013ILA_1303,20241218,1
24013ILA_1304,20241218,1
24013ILA_1301,20241219,1
24013ILA_1302,20241219,1
24013ILA_1303,20241219,1
24013ILA_1304,20241219,1
24013ILA_1301,20241220,1
24013ILA_1302,20241220,1
24013ILA_1303,20241220,1
24013ILA_1304,20241220,1
24013ILA_1301,20241223,1
24013ILA_1302,20241223,1
24013ILA_1303,20241223,1
24013ILA_1304,20241223,1
24013ILA_1301,20241224,1
24013ILA_1302,20241224,1
24013ILA_1303,20241224,1
24013ILA_1304,20241224,1
24013ILA_1301,20241226,1
24013ILA_1302,20241226,1
24013ILA_1303,20241226,1
24013ILA_1304,20241226,1
24013ILA_1301,20241227,1
24013ILA_1302,20241227,1
24013ILA_1303,20241227,1
24013ILA_1304,20241227,1
24013ILA_1301,20241230,1
24013ILA_1302,20241230,1
24013ILA_1303,20241230,1
24013ILA_1304,20241230,1
24013ILA_1301,20241231,1
24013ILA_1302,20241231,1
24013ILA_1303,20241231,1
24013ILA_1304,20241231,1
24013ILA_1301,20250102,1
24013ILA_1302,20250102,1
24013ILA_1303,20250102,1
24013ILA_1304,20250102,1
24013ILA_1301,20250103,1
24013ILA_1302,20250103,1
24013ILA_1303,20250103,1
24013ILA_1304,20250103,1
24013ILA_1301,20250107,1
24013ILA_1302,20250107,1
24013ILA_1303,20250107,1
24013ILA_1304,20250107,1
24013ILA_1301,20250108,1
24013ILA_1302,20250108,1
24013ILA_1303,20250108,1
24013ILA_1304,20250108,1
24013ILA_1301,20250109,1
24013ILA_1302,20250109,1
24013ILA_1303,20250109,1
24013ILA_1304,20250109,1
24013ILA_1301,20250110,1
24013ILA_1302,20250110,1
24013ILA_1303,20250110,1
24013ILA_1304,20250110,1
24013ILA_1301,20250113,1
24013ILA_1302,20250113,1
24013ILA_1303,20250113,1
24013ILA_1304,20250113,1
24013ILA_1301,20250114,1
24013ILA_1302,20250114,1
24013ILA_1303,20250114,1
24013ILA_1304,20250114,1
24013ILA_1301,20250115,1
24013ILA_1302,20250115,1
24013ILA_1303,20250115,1
24013ILA_1304,20250115,1
24013ILA_1301,20250116,1
24013ILA_1302,20250116,1
24013ILA_1303,20250116,1
24013ILA_1304,20250116,1
24013ILA_1301,20250117,1
24013ILA_1302,20250117,1
24013ILA_1303,20250117,1
24013ILA_1304,20250117,1
24013ILA_1301,20250120,1
24013ILA_1302,20250120,1
24013ILA_1303,20250120,1
24013ILA_1304,20250120,1
24013ILA_1301,20250121,1
24013ILA_1302,20250121,1
24013ILA_1303,20250121,1
24013ILA_1304,20250121,1
24013ILA_1301,20250122,1
24013ILA_1302,20250122,1
24013ILA_1303,20250122,1
24013ILA_1304,20250122,1
24013ILA_1301,20250123,1
24013ILA_1302,20250123,1
24013ILA_1303,20250123,1
24013ILA_1304,20250123,1
24013ILA_1301,20250124,1
24013ILA_1302,20250124,1
24013ILA_1303,20250124,1
24013ILA_1304,20250124,1
24013ILA_1301,20250127,1
24013ILA_1302,20250127,1
24013ILA_1303,20250127,1
24013ILA_1304,20250127,1
24013ILA_1301,20250128,1
24013ILA_1302,20250128,1
24013ILA_1303,20250128,1
24013ILA_1304,20250128,1
24013ILA_1301,20250129,1
24013ILA_1302,20250129,1
24013ILA_1303,20250129,1
24013ILA_1304,20250129,1
24013ILA_1301,20250130,1
24013ILA_1302,20250130,1
24013ILA_1303,20250130,1
24013ILA_1304,20250130,1
24013ILA_1301,20250131,1
24013ILA_1302,20250131,1
24013ILA_1303,20250131,1
24013ILA_1304,20250131,1
24013ILA_1301,20250203,1
24013ILA_1302,20250203,1
24013ILA_1303,20250203,1
24013ILA_1304,20250203,1
24013ILA_1301,20250204,1
24013ILA_1302,20250204,1
24013ILA_1303,20250204,1
24013ILA_1304,20250204,1
24013ILA_1301,20250205,1
24013ILA_1302,20250205,1
24013ILA_1303,20250205,1
24013ILA_1304,20250205,1
24013ILA_1301,20250206,1
24013ILA_1302,20250206,1
24013ILA_1303,20250206,1
24013ILA_1304,20250206,1
24013ILA_1301,20250207,1
24013ILA_1302,20250207,1
24013ILA_1303,20250207,1
24013ILA_1304,20250207,1
24013ILA_1301,20250210,1
24013ILA_1302,20250210,1
24013ILA_1303,20250210,1
24013ILA_1304,20250210,1
24013ILA_1301,20250211,1
24013ILA_1302,20250211,1
24013ILA_1303,20250211,1
24013ILA_1304,20250211,1
24013ILA_1301,20250212,1
24013ILA_1302,20250212,1
24013ILA_1303,20250212,1
24013ILA_1304,20250212,1
24013ILA_1301,20250213,1
24013ILA_1302,20250213,1
24013ILA_1303,20250213,1
24013ILA_1304,20250213,1
24013ILA_1301,20250214,1
24013ILA_1302,20250214,1
24013ILA_1303,20250214,1
24013ILA_1304,20250214,1
24013ILA_1301,20250217,1
24013ILA_1302,20250217,1
24013ILA_1303,20250217,1
24013ILA_1304,20250217,1
24013ILA_1301,20250218,1
24013ILA_1302,20250218,1
24013ILA_1303,20250218,1
24013ILA_1304,20250218,1
24013ILA_1301,20250219,1
24013ILA_1302,20250219,1
24013ILA_1303,20250219,1
24013ILA_1304,20250219,1
24013ILA_1301,20250220,1
24013ILA_1302,20250220,1
24013ILA_1303,20250220,1
24013ILA_1304,20250220,1
24013ILA_1301,20250221,1
24013ILA_1302,20250221,1
24013ILA_1303,20250221,1
24013ILA_1304,20250221,1
24013ILA_1301,20250224,1
24013ILA_1302,20250224,1
24013ILA_1303,20250224,1
24013ILA_1304,20250224,1
24013ILA_1301,20250225,1
24013ILA_1302,20250225,1
24013ILA_1303,20250225,1
24013ILA_1304,20250225,1
24013ILA_1301,20250226,1
24013ILA_1302,20250226,1
24013ILA_1303,20250226,1
24013ILA_1304,20250226,1
24013ILA_1301,20250227,1
24013ILA_1302,20250227,1
24013ILA_1303,20250227,1
24013ILA_1304,20250227,1
24013ILA_1301,20250228,1
24013ILA_1302,20250228,1
24013ILA_1303,20250228,1
24013ILA_1304,20250228,1
24013ILA_1301,20250303,1
24013ILA_1302,20250303,1
24013ILA_1303,20250303,1
24013ILA_1304,20250303,1
24013ILA_1301,20250304,1
24013ILA_1302,20250304,1
24013ILA_1303,20250304,1
24013ILA_1304,20250304,1
24013ILA_1301,20250305,1
24013ILA_1302,20250305,1
24013ILA_1303,20250305,1
24013ILA_1304,20250305,1
24013ILA_1301,20250306,1
24013ILA_1302,20250306,1
24013ILA_1303,20250306,1
24013ILA_1304,20250306,1
24013ILA_1301,20250307,1
24013ILA_1302,20250307,1
24013ILA_1303,20250307,1
24013ILA_1304,20250307,1
24013ILA_1301,20250310,1
24013ILA_1302,20250310,1
24013ILA_1303,20250310,1
24013ILA_1304,20250310,1
24013ILA_1301,20250311,1
24013ILA_1302,20250311,1
24013ILA_1303,20250311,1
24013ILA_1304,20250311,1
24013ILA_1301,20250312,1
24013ILA_1302,20250312,1
24013ILA_1303,20250312,1
24013ILA_1304,20250312,1
24013ILA_1301,20250313,1
24013ILA_1302,20250313,1
24013ILA_1303,20250313,1
24013ILA_1304,20250313,1
24013ILA_1301,20250314,1
24013ILA_1302,20250314,1
24013ILA_1303,20250314,1
24013ILA_1304,20250314,1
24013ILA_1301,20250317,1
24013ILA_1302,20250317,1
24013ILA_1303,20250317,1
24013ILA_1304,20250317,1
24013ILA_1301,20250318,1
24013ILA_1302,20250318,1
24013ILA_1303,20250318,1
24013ILA_1304,20250318,1
24013ILA_1301,20250319,1
24013ILA_1302,20250319,1
24013ILA_1303,20250319,1
24013ILA_1304,20250319,1
24013ILA_1301,20250320,1
24013ILA_1302,20250320,1
24013ILA_1303,20250320,1
24013ILA_1304,20250320,1
24013ILA_1301,20250321,1
24013ILA_1302,20250321,1
24013ILA_1303,20250321,1
24013ILA_1304,20250321,1
24013ILA_1301,20250324,1
24013ILA_1302,20250324,1
24013ILA_1303,20250324,1
24013ILA_1304,20250324,1
24013ILA_1301,20250325,1
24013ILA_1302,20250325,1
24013ILA_1303,20250325,1
24013ILA_1304,20250325,1
24013ILA_1301,20250326,1
24013ILA_1302,20250326,1
24013ILA_1303,20250326,1
24013ILA_1304,20250326,1
24013ILA_1301,20250327,1
24013ILA_1302,20250327,1
24013ILA_1303,20250327,1
24013ILA_1304,20250327,1
24013ILA_1301,20250328,1
24013ILA_1302,20250328,1
24013ILA_1303,20250328,1
24013ILA_1304,20250328,1
24013ILA_1301,20250331,1
24013ILA_1302,20250331,1
24013ILA_1303,20250331,1
24013ILA_1304,20250331,1
24013ILA_1301,20250401,1
24013ILA_1302,20250401,1
24013ILA_1303,20250401,1
24013ILA_1304,20250401,1
24013ILA_1301,20250402,1
24013ILA_1302,20250402,1
24013ILA_1303,20250402,1
24013ILA_1304,20250402,1
24013ILA_1301,20250403,1
24013ILA_1302,20250403,1
24013ILA_1303,20250403,1
24013ILA_1304,20250403,1
24013ILA_1301,20250404,1
24013ILA_1302,20250404,1
24013ILA_1303,20250404,1
24013ILA_1304,20250404,1
24013ILA_1301,20250407,1
24013ILA_1302,20250407,1
24013ILA_1303,20250407,1
24013ILA_1304,20250407,1
24013ILA_1301,20250408,1
24013ILA_1302,20250408,1
24013ILA_1303,20250408,1
24013ILA_1304,20250408,1
24013ILA_1301,20250409,1
24013ILA_1302,20250409,1
24013ILA_1303,20250409,1
24013ILA_1304,20250409,1
24013ILA_1301,20250410,1
24013ILA_1302,20250410,1
24013ILA_1303,20250410,1
24013ILA_1304,20250410,1
24013ILA_1301,20250411,1
24013ILA_1302,20250411,1
24013ILA_1303,20250411,1
24013ILA_1304,20250411,1
24013ILA_1301,20250414,1
24013ILA_1302,20250414,1
24013ILA_1303,20250414,1
24013ILA_1304,20250414,1
24013ILA_1301,20250415,1
24013ILA_1302,20250415,1
24013ILA_1303,20250415,1
24013ILA_1304,20250415,1
24013ILA_1301,20250416,1
24013ILA_1302,20250416,1
24013ILA_1303,20250416,1
24013ILA_1304,20250416,1
24013ILA_1301,20250421,1
24013ILA_1302,20250421,1
24013ILA_1303,20250421,1
24013ILA_1304,20250421,1
24013ILA_1301,20250422,1
24013ILA_1302,20250422,1
24013ILA_1303,20250422,1
24013ILA_1304,20250422,1
24013ILA_1301,20250423,1
24013ILA_1302,20250423,1
24013ILA_1303,20250423,1
24013ILA_1304,20250423,1
24013ILA_1301,20250424,1
24013ILA_1302,20250424,1
24013ILA_1303,20250424,1
24013ILA_1304,20250424,1
24013ILA_1301,20250425,1
24013ILA_1302,20250425,1
24013ILA_1303,20250425,1
24013ILA_1304,20250425,1
24013ILA_1301,20250428,1
24013ILA_1302,20250428,1
24013ILA_1303,20250428,1
24013ILA_1304,20250428,1
24013ILA_1301,20250429,1
24013ILA_1302,20250429,1
24013ILA_1303,20250429,1
24013ILA_1304,20250429,1
24013ILA_1301,20250430,1
24013ILA_1302,20250430,1
24013ILA_1303,20250430,1
24013ILA_1304,20250430,1
24013ILA_1301,20250502,1
24013ILA_1302,20250502,1
24013ILA_1303,20250502,1
24013ILA_1304,20250502,1
24013ILA_1301,20250505,1
24013ILA_1302,20250505,1
24013ILA_1303,20250505,1
24013ILA_1304,20250505,1
24013ILA_1301,20250506,1
24013ILA_1302,20250506,1
24013ILA_1303,20250506,1
24013ILA_1304,20250506,1
24013ILA_1301,20250507,1
24013ILA_1302,20250507,1
24013ILA_1303,20250507,1
24013ILA_1304,20250507,1
24013ILA_1301,20250508,1
24013ILA_1302,20250508,1
24013ILA_1303,20250508,1
24013ILA_1304,20250508,1
24013ILA_1301,20250509,1
24013ILA_1302,20250509,1
24013ILA_1303,20250509,1
24013ILA_1304,20250509,1
24013ILA_1301,20250512,1
24013ILA_1302,20250512,1
24013ILA_1303,20250512,1
24013ILA_1304,20250512,1
24013ILA_1301,20250513,1
24013ILA_1302,20250513,1
24013ILA_1303,20250513,1
24013ILA_1304,20250513,1
24013ILA_1301,20250514,1
24013ILA_1302,20250514,1
24013ILA_1303,20250514,1
24013ILA_1304,20250514,1
24013ILA_1301,20250515,1
24013ILA_1302,20250515,1
24013ILA_1303,20250515,1
24013ILA_1304,20250515,1
24013ILA_1301,20250516,1
24013ILA_1302,20250516,1
24013ILA_1303,20250516,1
24013ILA_1304,20250516,1
24013ILA_1301,20250519,1
24013ILA_1302,20250519,1
24013ILA_1303,20250519,1
24013ILA_1304,20250519,1
24013ILA_1301,20250520,1
24013ILA_1302,20250520,1
24013ILA_1303,20250520,1
24013ILA_1304,20250520,1
24013ILA_1301,20250521,1
24013ILA_1302,20250521,1
24013ILA_1303,20250521,1
24013ILA_1304,20250521,1
24013ILA_1301,20250522,1
24013ILA_1302,20250522,1
24013ILA_1303,20250522,1
24013ILA_1304,20250522,1
24013ILA_1301,20250523,1
24013ILA_1302,20250523,1
24013ILA_1303,20250523,1
24013ILA_1304,20250523,1
24013ILA_1301,20250526,1
24013ILA_1302,20250526,1
24013ILA_1303,20250526,1
24013ILA_1304,20250526,1
24013ILA_1301,20250527,1
24013ILA_1302,20250527,1
24013ILA_1303,20250527,1
24013ILA_1304,20250527,1
24013ILA_1301,20250528,1
24013ILA_1302,20250528,1
24013ILA_1303,20250528,1
24013ILA_1304,20250528,1
24013ILA_1301,20250529,1
24013ILA_1302,20250529,1
24013ILA_1303,20250529,1
24013ILA_1304,20250529,1
24013ILA_1301,20250530,1
24013ILA_1302,20250530,1
24013ILA_1303,20250530,1
24013ILA_1304,20250530,1
24013ILA_1301,20250602,1
24013ILA_1302,20250602,1
24013ILA_1303,20250602,1
24013ILA_1304,20250602,1
24013ILA_1301,20250603,1
24013ILA_1302,20250603,1
24013ILA_1303,20250603,1
24013ILA_1304,20250603,1
24013ILA_1301,20250604,1
24013ILA_1302,20250604,1
24013ILA_1303,20250604,1
24013ILA_1304,20250604,1
24013ILA_1301,20250605,1
24013ILA_1302,20250605,1
24013ILA_1303,20250605,1
24013ILA_1304,20250605,1
24013ILA_1301,20250606,1
24013ILA_1302,20250606,1
24013ILA_1303,20250606,1
24013ILA_1304,20250606,1
24013ILA_1301,20250610,1
24013ILA_1302,20250610,1
24013ILA_1303,20250610,1
24013ILA_1304,20250610,1
24013ILA_1301,20250611,1
24013ILA_1302,20250611,1
24013ILA_1303,20250611,1
24013ILA_1304,20250611,1
24013ILA_1301,20250612,1
24013ILA_1302,20250612,1
24013ILA_1303,20250612,1
24013ILA_1304,20250612,1
24013ILA_1301,20250613,1
24013ILA_1302,20250613,1
24013ILA_1303,20250613,1
24013ILA_1304,20250613,1
24013ILA_1301,20250616,1
24013ILA_1302,20250616,1
24013ILA_1303,20250616,1
24013ILA_1304,20250616,1
24013ILA_1301,20250617,1
24013ILA_1302,20250617,1
24013ILA_1303,20250617,1
24013ILA_1304,20250617,1
24013ILA_1301,20250618,1
24013ILA_1302,20250618,1
24013ILA_1303,20250618,1
24013ILA_1304,20250618,1
24013ILA_1301,20250619,1
24013ILA_1302,20250619,1
24013ILA_1303,20250619,1
24013ILA_1304,20250619,1
24013ILA_1301,20250620,1
24013ILA_1302,20250620,1
24013ILA_1303,20250620,1
24013ILA_1304,20250620,1
24013ILA_1301,20250623,1
24013ILA_1302,20250623,1
24013ILA_1303,20250623,1
24013ILA_1304,20250623,1
24013ILA_1301,20250624,1
24013ILA_1302,20250624,1
24013ILA_1303,20250624,1
24013ILA_1304,20250624,1
24013ILA_1301,20250625,1
24013ILA_1302,20250625,1
24013ILA_1303,20250625,1
24013ILA_1304,20250625,1
24013ILA_1301,20250626,1
24013ILA_1302,20250626,1
24013ILA_1303,20250626,1
24013ILA_1304,20250626,1
24013ILA_1301,20250627,1
24013ILA_1302,20250627,1
24013ILA_1303,20250627,1
24013ILA_1304,20250627,1
24013ILA_1301,20250630,1
24013ILA_1302,20250630,1
24013ILA_1303,20250630,1
24013ILA_1304,20250630,1
24013ISA_1301,20240907,1
24013ISA_1302,20240907,1
24013ISA_1303,20240907,1
24013ISA_1304,20240907,1
24013ISA_1301,20240914,1
24013ISA_1302,20240914,1
24013ISA_1303,20240914,1
24013ISA_1304,20240914,1
24013ISA_1301,20240921,1
24013ISA_1302,20240921,1
24013ISA_1303,20240921,1
24013ISA_1304,20240921,1
24013ISA_1301,20240928,1
24013ISA_1302,20240928,1
24013ISA_1303,20240928,1
24013ISA_1304,20240928,1
24013ISA_1301,20241005,1
24013ISA_1302,20241005,1
24013ISA_1303,20241005,1
24013ISA_1304,20241005,1
24013ISA_1301,20241019,1
24013ISA_1302,20241019,1
24013ISA_1303,20241019,1
24013ISA_1304,20241019,1
24013ISA_1301,20241026,1
24013ISA_1302,20241026,1
24013ISA_1303,20241026,1
24013ISA_1304,20241026,1
24013ISA_1301,20241102,1
24013ISA_1302,20241102,1
24013ISA_1303,20241102,1
24013ISA_1304,20241102,1
24013ISA_1301,20241109,1
24013ISA_1302,20241109,1
24013ISA_1303,20241109,1
24013ISA_1304,20241109,1
24013ISA_1301,20241116,1
24013ISA_1302,20241116,1
24013ISA_1303,20241116,1
24013ISA_1304,20241116,1
24013ISA_1301,20241123,1
24013ISA_1302,20241123,1
24013ISA_1303,20241123,1
24013ISA_1304,20241123,1
24013ISA_1301,20241130,1
24013ISA_1302,20241130,1
24013ISA_1303,20241130,1
24013ISA_1304,20241130,1
24013ISA_1301,20241207,1
24013ISA_1302,20241207,1
24013ISA_1303,20241207,1
24013ISA_1304,20241207,1
24013ISA_1301,20241214,1
24013ISA_1302,20241214,1
24013ISA_1303,20241214,1
24013ISA_1304,20241214,1
24013ISA_1301,20241221,1
24013ISA_1302,20241221,1
24013ISA_1303,20241221,1
24013ISA_1304,20241221,1
24013ISA_1301,20241228,1
24013ISA_1302,20241228,1
24013ISA_1303,20241228,1
24013ISA_1304,20241228,1
24013ISA_1301,20250104,1
24013ISA_1302,20250104,1
24013ISA_1303,20250104,1
24013ISA_1304,20250104,1
24013ISA_1301,20250111,1
24013ISA_1302,20250111,1
24013ISA_1303,20250111,1
24013ISA_1304,20250111,1
24013ISA_1301,20250118,1
24013ISA_1302,20250118,1
24013ISA_1303,20250118,1
24013ISA_1304,20250118,1
24013ISA_1301,20250125,1
24013ISA_1302,20250125,1
24013ISA_1303,20250125,1
24013ISA_1304,20250125,1
24013ISA_1301,20250201,1
24013ISA_1302,20250201,1
24013ISA_1303,20250201,1
24013ISA_1304,20250201,1
24013ISA_1301,20250208,1
24013ISA_1302,20250208,1
24013ISA_1303,20250208,1
24013ISA_1304,20250208,1
24013ISA_1301,20250215,1
24013ISA_1302,20250215,1
24013ISA_1303,20250215,1
24013ISA_1304,20250215,1
24013ISA_1301,20250222,1
24013ISA_1302,20250222,1
24013ISA_1303,20250222,1
24013ISA_1304,20250222,1
24013ISA_1301,20250301,1
24013ISA_1302,20250301,1
24013ISA_1303,20250301,1
24013ISA_1304,20250301,1
24013ISA_1301,20250308,1
24013ISA_1302,20250308,1
24013ISA_1303,20250308,1
24013ISA_1304,20250308,1
24013ISA_1301,20250315,1
24013ISA_1302,20250315,1
24013ISA_1303,20250315,1
24013ISA_1304,20250315,1
24013ISA_1301,20250322,1
24013ISA_1302,20250322,1
24013ISA_1303,20250322,1
24013ISA_1304,20250322,1
24013ISA_1301,20250329,1
24013ISA_1302,20250329,1
24013ISA_1303,20250329,1
24013ISA_1304,20250329,1
24013ISA_1301,20250405,1
24013ISA_1302,20250405,1
24013ISA_1303,20250405,1
24013ISA_1304,20250405,1
24013ISA_1301,20250412,1
24013ISA_1302,20250412,1
24013ISA_1303,20250412,1
24013ISA_1304,20250412,1
24013ISA_1301,20250419,1
24013ISA_1302,20250419,1
24013ISA_1303,20250419,1
24013ISA_1304,20250419,1
24013ISA_1301,20250426,1
24013ISA_1302,20250426,1
24013ISA_1303,20250426,1
24013ISA_1304,20250426,1
24013ISA_1301,20250503,1
24013ISA_1302,20250503,1
24013ISA_1303,20250503,1
24013ISA_1304,20250503,1
24013ISA_1301,20250510,1
24013ISA_1302,20250510,1
24013ISA_1303,20250510,1
24013ISA_1304,20250510,1
24013ISA_1301,20250517,1
24013ISA_1302,20250517,1
24013ISA_1303,20250517,1
24013ISA_1304,20250517,1
24013ISA_1301,20250524,1
24013ISA_1302,20250524,1
24013ISA_1303,20250524,1
24013ISA_1304,20250524,1
24013ISA_1301,20250531,1
24013ISA_1302,20250531,1
24013ISA_1303,20250531,1
24013ISA_1304,20250531,1
24013ISA_1301,20250607,1
24013ISA_1302,20250607,1
24013ISA_1303,20250607,1
24013ISA_1304,20250607,1
24013ISA_1301,20250614,1
24013ISA_1302,20250614,1
24013ISA_1303,20250614,1
24013ISA_1304,20250614,1
24013ISA_1301,20250621,1
24013ISA_1302,20250621,1
24013ISA_1303,20250621,1
24013ISA_1304,20250621,1
24013ISA_1301,20250628,1
24013ISA_1302,20250628,1
24013ISA_1303,20250628,1
24013ISA_1304,20250628,1
24014IFA_1401,20240908,1
24014IFA_1401,20240915,1
24014IFA_1401,20240922,1
24014IFA_1401,20240929,1
24014IFA_1401,20241006,1
24014IFA_1401,20241012,1
24014IFA_1401,20241013,1
24014IFA_1401,20241020,1
24014IFA_1401,20241027,1
24014IFA_1401,20241101,1
24014IFA_1401,20241103,1
24014IFA_1401,20241110,1
24014IFA_1401,20241117,1
24014IFA_1401,20241124,1
24014IFA_1401,20241201,1
24014IFA_1401,20241206,1
24014IFA_1401,20241208,1
24014IFA_1401,20241215,1
24014IFA_1401,20241222,1
24014IFA_1401,20241225,1
24014IFA_1401,20241229,1
24014IFA_1401,20250101,1
24014IFA_1401,20250105,1
24014IFA_1401,20250106,1
24014IFA_1401,20250112,1
24014IFA_1401,20250119,1
24014IFA_1401,20250126,1
24014IFA_1401,20250202,1
24014IFA_1401,20250209,1
24014IFA_1401,20250216,1
24014IFA_1401,20250223,1
24014IFA_1401,20250302,1
24014IFA_1401,20250309,1
24014IFA_1401,20250316,1
24014IFA_1401,20250323,1
24014IFA_1401,20250330,1
24014IFA_1401,20250406,1
24014IFA_1401,20250413,1
24014IFA_1401,20250417,1
24014IFA_1401,20250418,1
24014IFA_1401,20250420,1
24014IFA_1401,20250427,1
24014IFA_1401,20250501,1
24014IFA_1401,20250504,1
24014IFA_1401,20250511,1
24014IFA_1401,20250518,1
24014IFA_1401,20250525,1
24014IFA_1401,20250601,1
24014IFA_1401,20250608,1
24014IFA_1401,20250609,1
24014IFA_1401,20250615,1
24014IFA_1401,20250622,1
24014IFA_1401,20250629,1
24014ILA_1401,20240903,1
24014ILA_1402,20240903,1
24014ILA_1401,20240904,1
24014ILA_1402,20240904,1
24014ILA_1401,20240905,1
24014ILA_1402,20240905,1
24014ILA_1401,20240906,1
24014ILA_1402,20240906,1
24014ILA_1401,20240909,1
24014ILA_1402,20240909,1
24014ILA_1401,20240910,1
24014ILA_1402,20240910,1
24014ILA_1401,20240911,1
24014ILA_1402,20240911,1
24014ILA_1401,20240912,1
24014ILA_1402,20240912,1
24014ILA_1401,20240913,1
24014ILA_1402,20240913,1
24014ILA_1401,20240916,1
24014ILA_1402,20240916,1
24014ILA_1401,20240917,1
24014ILA_1402,20240917,1
24014ILA_1401,20240918,1
24014ILA_1402,20240918,1
24014ILA_1401,20240919,1
24014ILA_1402,20240919,1
24014ILA_1401,20240920,1
24014ILA_1402,20240920,1
24014ILA_1401,20240923,1
24014ILA_1402,20240923,1
24014ILA_1401,20240924,1
24014ILA_1402,20240924,1
24014ILA_1401,20240925,1
24014ILA_1402,20240925,1
24014ILA_1401,20240926,1
24014ILA_1402,20240926,1
24014ILA_1401,20240927,1
24014ILA_1402,20240927,1
24014ILA_1401,20240930,1
24014ILA_1402,20240930,1
24014ILA_1401,20241001,1
24014ILA_1402,20241001,1
24014ILA_1401,20241002,1
24014ILA_1402,20241002,1
24014ILA_1401,20241003,1
24014ILA_1402,20241003,1
24014ILA_1401,20241004,1
24014ILA_1402,20241004,1
24014ILA_1401,20241007,1
24014ILA_1402,20241007,1
24014ILA_1401,20241008,1
24014ILA_1402,20241008,1
24014ILA_1401,20241009,1
24014ILA_1402,20241009,1
24014ILA_1401,20241010,1
24014ILA_1402,20241010,1
24014ILA_1401,20241011,1
24014ILA_1402,20241011,1
24014ILA_1401,20241014,1
24014ILA_1402,20241014,1
24014ILA_1401,20241015,1
24014ILA_1402,20241015,1
24014ILA_1401,20241016,1
24014ILA_1402,20241016,1
24014ILA_1401,20241017,1
24014ILA_1402,20241017,1
24014ILA_1401,20241018,1
24014ILA_1402,20241018,1
24014ILA_1401,20241021,1
24014ILA_1402,20241021,1
24014ILA_1401,20241022,1
24014ILA_1402,20241022,1
24014ILA_1401,20241023,1
24014ILA_1402,20241023,1
24014ILA_1401,20241024,1
24014ILA_1402,20241024,1
24014ILA_1401,20241025,1
24014ILA_1402,20241025,1
24014ILA_1401,20241028,1
24014ILA_1402,20241028,1
24014ILA_1401,20241029,1
24014ILA_1402,20241029,1
24014ILA_1401,20241030,1
24014ILA_1402,20241030,1
24014ILA_1401,20241031,1
24014ILA_1402,20241031,1
24014ILA_1401,20241104,1
24014ILA_1402,20241104,1
24014ILA_1401,20241105,1
24014ILA_1402,20241105,1
24014ILA_1401,20241106,1
24014ILA_1402,20241106,1
24014ILA_1401,20241107,1
24014ILA_1402,20241107,1
24014ILA_1401,20241108,1
24014ILA_1402,20241108,1
24014ILA_1401,20241111,1
24014ILA_1402,20241111,1
24014ILA_1401,20241112,1
24014ILA_1402,20241112,1
24014ILA_1401,20241113,1
24014ILA_1402,20241113,1
24014ILA_1401,20241114,1
24014ILA_1402,20241114,1
24014ILA_1401,20241115,1
24014ILA_1402,20241115,1
24014ILA_1401,20241118,1
24014ILA_1402,20241118,1
24014ILA_1401,20241119,1
24014ILA_1402,20241119,1
24014ILA_1401,20241120,1
24014ILA_1402,20241120,1
24014ILA_1401,20241121,1
24014ILA_1402,20241121,1
24014ILA_1401,20241122,1
24014ILA_1402,20241122,1
24014ILA_1401,20241125,1
24014ILA_1402,20241125,1
24014ILA_1401,20241126,1
24014ILA_1402,20241126,1
24014ILA_1401,20241127,1
24014ILA_1402,20241127,1
24014ILA_1401,20241128,1
24014ILA_1402,20241128,1
24014ILA_1401,20241129,1
24014ILA_1402,20241129,1
24014ILA_1401,20241202,1
24014ILA_1402,20241202,1
24014ILA_1401,20241203,1
24014ILA_1402,20241203,1
24014ILA_1401,20241204,1
24014ILA_1402,20241204,1
24014ILA_1401,20241205,1
24014ILA_1402,20241205,1
24014ILA_1401,20241209,1
24014ILA_1402,20241209,1
24014ILA_1401,20241210,1
24014ILA_1402,20241210,1
24014ILA_1401,20241211,1
24014ILA_1402,20241211,1
24014ILA_1401,20241212,1
24014ILA_1402,20241212,1
24014ILA_1401,20241213,1
24014ILA_1402,20241213,1
24014ILA_1401,20241216,1
24014ILA_1402,20241216,1
24014ILA_1401,20241217,1
24014ILA_1402,20241217,1
24014ILA_1401,20241218,1
24014ILA_1402,20241218,1
24014ILA_1401,20241219,1
24014ILA_1402,20241219,1
24014ILA_1401,20241220,1
24014ILA_1402,20241220,1
24014ILA_1401,20241223,1
24014ILA_1402,20241223,1
24014ILA_1401,20241224,1
24014ILA_1402,20241224,1
24014ILA_1401,20241226,1
24014ILA_1402,20241226,1
24014ILA_1401,20241227,1
24014ILA_1402,20241227,1
24014ILA_1401,20241230,1
24014ILA_1402,20241230,1
24014ILA_1401,20241231,1
24014ILA_1402,20241231,1
24014ILA_1401,20250102,1
24014ILA_1402,20250102,1
24014ILA_1401,20250103,1
24014ILA_1402,20250103,1
24014ILA_1401,20250107,1
24014ILA_1402,20250107,1
24014ILA_1401,20250108,1
24014ILA_1402,20250108,1
24014ILA_1401,20250109,1
24014ILA_1402,20250109,1
24014ILA_1401,20250110,1
24014ILA_1402,20250110,1
24014ILA_1401,20250113,1
24014ILA_1402,20250113,1
24014ILA_1401,20250114,1
24014ILA_1402,20250114,1
24014ILA_1401,20250115,1
24014ILA_1402,20250115,1
24014ILA_1401,20250116,1
24014ILA_1402,20250116,1
24014ILA_1401,20250117,1
24014ILA_1402,20250117,1
24014ILA_1401,20250120,1
24014ILA_1402,20250120,1
24014ILA_1401,20250121,1
24014ILA_1402,20250121,1
24014ILA_1401,20250122,1
24014ILA_1402,20250122,1
24014ILA_1401,20250123,1
24014ILA_1402,20250123,1
24014ILA_1401,20250124,1
24014ILA_1402,20250124,1
24014ILA_1401,20250127,1
24014ILA_1402,20250127,1
24014ILA_1401,20250128,1
24014ILA_1402,20250128,1
24014ILA_1401,20250129,1
24014ILA_1402,20250129,1
24014ILA_1401,20250130,1
24014ILA_1402,20250130,1
24014ILA_1401,20250131,1
24014ILA_1402,20250131,1
24014ILA_1401,20250203,1
24014ILA_1402,20250203,1
24014ILA_1401,20250204,1
24014ILA_1402,20250204,1
24014ILA_1401,20250205,1
24014ILA_1402,20250205,1
24014ILA_1401,20250206,1
24014ILA_1402,20250206,1
24014ILA_1401,20250207,1
24014ILA_1402,20250207,1
24014ILA_1401,20250210,1
24014ILA_1402,20250210,1
24014ILA_1401,20250211,1
24014ILA_1402,20250211,1
24014ILA_1401,20250212,1
24014ILA_1402,20250212,1
24014ILA_1401,20250213,1
24014ILA_1402,20250213,1
24014ILA_1401,20250214,1
24014ILA_1402,20250214,1
24014ILA_1401,20250217,1
24014ILA_1402,20250217,1
24014ILA_1401,20250218,1
24014ILA_1402,20250218,1
24014ILA_1401,20250219,1
24014ILA_1402,20250219,1
24014ILA_1401,20250220,1
24014ILA_1402,20250220,1
24014ILA_1401,20250221,1
24014ILA_1402,20250221,1
24014ILA_1401,20250224,1
24014ILA_1402,20250224,1
24014ILA_1401,20250225,1
24014ILA_1402,20250225,1
24014ILA_1401,20250226,1
24014ILA_1402,20250226,1
24014ILA_1401,20250227,1
24014ILA_1402,20250227,1
24014ILA_1401,20250228,1
24014ILA_1402,20250228,1
24014ILA_1401,20250303,1
24014ILA_1402,20250303,1
24014ILA_1401,20250304,1
24014ILA_1402,20250304,1
24014ILA_1401,20250305,1
24014ILA_1402,20250305,1
24014ILA_1401,20250306,1
24014ILA_1402,20250306,1
24014ILA_1401,20250307,1
24014ILA_1402,20250307,1
24014ILA_1401,20250310,1
24014ILA_1402,20250310,1
24014ILA_1401,20250311,1
24014ILA_1402,20250311,1
24014ILA_1401,20250312,1
24014ILA_1402,20250312,1
24014ILA_1401,20250313,1
24014ILA_1402,20250313,1
24014ILA_1401,20250314,1
24014ILA_1402,20250314,1
24014ILA_1401,20250317,1
24014ILA_1402,20250317,1
24014ILA_1401,20250318,1
24014ILA_1402,20250318,1
24014ILA_1401,20250319,1
24014ILA_1402,20250319,1
24014ILA_1401,20250320,1
24014ILA_1402,20250320,1
24014ILA_1401,20250321,1
24014ILA_1402,20250321,1
24014ILA_1401,20250324,1
24014ILA_1402,20250324,1
24014ILA_1401,20250325,1
24014ILA_1402,20250325,1
24014ILA_1401,20250326,1
24014ILA_1402,20250326,1
24014ILA_1401,20250327,1
24014ILA_1402,20250327,1
24014ILA_1401,20250328,1
24014ILA_1402,20250328,1
24014ILA_1401,20250331,1
24014ILA_1402,20250331,1
24014ILA_1401,20250401,1
24014ILA_1402,20250401,1
24014ILA_1401,20250402,1
24014ILA_1402,20250402,1
24014ILA_1401,20250403,1
24014ILA_1402,20250403,1
24014ILA_1401,20250404,1
24014ILA_1402,20250404,1
24014ILA_1401,20250407,1
24014ILA_1402,20250407,1
24014ILA_1401,20250408,1
24014ILA_1402,20250408,1
24014ILA_1401,20250409,1
24014ILA_1402,20250409,1
24014ILA_1401,20250410,1
24014ILA_1402,20250410,1
24014ILA_1401,20250411,1
24014ILA_1402,20250411,1
24014ILA_1401,20250414,1
24014ILA_1402,20250414,1
24014ILA_1401,20250415,1
24014ILA_1402,20250415,1
24014ILA_1401,20250416,1
24014ILA_1402,20250416,1
24014ILA_1401,20250421,1
24014ILA_1402,20250421,1
24014ILA_1401,20250422,1
24014ILA_1402,20250422,1
24014ILA_1401,20250423,1
24014ILA_1402,20250423,1
24014ILA_1401,20250424,1
24014ILA_1402,20250424,1
24014ILA_1401,20250425,1
24014ILA_1402,20250425,1
24014ILA_1401,20250428,1
24014ILA_1402,20250428,1
24014ILA_1401,20250429,1
24014ILA_1402,20250429,1
24014ILA_1401,20250430,1
24014ILA_1402,20250430,1
24014ILA_1401,20250502,1
24014ILA_1402,20250502,1
24014ILA_1401,20250505,1
24014ILA_1402,20250505,1
24014ILA_1401,20250506,1
24014ILA_1402,20250506,1
24014ILA_1401,20250507,1
24014ILA_1402,20250507,1
24014ILA_1401,20250508,1
24014ILA_1402,20250508,1
24014ILA_1401,20250509,1
24014ILA_1402,20250509,1
24014ILA_1401,20250512,1
24014ILA_1402,20250512,1
24014ILA_1401,20250513,1
24014ILA_1402,20250513,1
24014ILA_1401,20250514,1
24014ILA_1402,20250514,1
24014ILA_1401,20250515,1
24014ILA_1402,20250515,1
24014ILA_1401,20250516,1
24014ILA_1402,20250516,1
24014ILA_1401,20250519,1
24014ILA_1402,20250519,1
24014ILA_1401,20250520,1
24014ILA_1402,20250520,1
24014ILA_1401,20250521,1
24014ILA_1402,20250521,1
24014ILA_1401,20250522,1
24014ILA_1402,20250522,1
24014ILA_1401,20250523,1
24014ILA_1402,20250523,1
24014ILA_1401,20250526,1
24014ILA_1402,20250526,1
24014ILA_1401,20250527,1
24014ILA_1402,20250527,1
24014ILA_1401,20250528,1
24014ILA_1402,20250528,1
24014ILA_1401,20250529,1
24014ILA_1402,20250529,1
24014ILA_1401,20250530,1
24014ILA_1402,20250530,1
24014ILA_1401,20250602,1
24014ILA_1402,20250602,1
24014ILA_1401,20250603,1
24014ILA_1402,20250603,1
24014ILA_1401,20250604,1
24014ILA_1402,20250604,1
24014ILA_1401,20250605,1
24014ILA_1402,20250605,1
24014ILA_1401,20250606,1
24014ILA_1402,20250606,1
24014ILA_1401,20250610,1
24014ILA_1402,20250610,1
24014ILA_1401,20250611,1
24014ILA_1402,20250611,1
24014ILA_1401,20250612,1
24014ILA_1402,20250612,1
24014ILA_1401,20250613,1
24014ILA_1402,20250613,1
24014ILA_1401,20250616,1
24014ILA_1402,20250616,1
24014ILA_1401,20250617,1
24014ILA_1402,20250617,1
24014ILA_1401,20250618,1
24014ILA_1402,20250618,1
24014ILA_1401,20250619,1
24014ILA_1402,20250619,1
24014ILA_1401,20250620,1
24014ILA_1402,20250620,1
24014ILA_1401,20250623,1
24014ILA_1402,20250623,1
24014ILA_1401,20250624,1
24014ILA_1402,20250624,1
24014ILA_1401,20250625,1
24014ILA_1402,20250625,1
24014ILA_1401,20250626,1
24014ILA_1402,20250626,1
24014ILA_1401,20250627,1
24014ILA_1402,20250627,1
24014ILA_1401,20250630,1
24014ILA_1402,20250630,1
24014ISA_1401,20240907,1
24014ISA_1401,20240914,1
24014ISA_1401,20240921,1
24014ISA_1401,20240928,1
24014ISA_1401,20241005,1
24014ISA_1401,20241019,1
24014ISA_1401,20241026,1
24014ISA_1401,20241102,1
24014ISA_1401,20241109,1
24014ISA_1401,20241116,1
24014ISA_1401,20241123,1
24014ISA_1401,20241130,1
24014ISA_1401,20241207,1
24014ISA_1401,20241214,1
24014ISA_1401,20241221,1
24014ISA_1401,20241228,1
24014ISA_1401,20250104,1
24014ISA_1401,20250111,1
24014ISA_1401,20250118,1
24014ISA_1401,20250125,1
24014ISA_1401,20250201,1
24014ISA_1401,20250208,1
24014ISA_1401,20250215,1
24014ISA_1401,20250222,1
24014ISA_1401,20250301,1
24014ISA_1401,20250308,1
24014ISA_1401,20250315,1
24014ISA_1401,20250322,1
24014ISA_1401,20250329,1
24014ISA_1401,20250405,1
24014ISA_1401,20250412,1
24014ISA_1401,20250419,1
24014ISA_1401,20250426,1
24014ISA_1401,20250503,1
24014ISA_1401,20250510,1
24014ISA_1401,20250517,1
24014ISA_1401,20250524,1
24014ISA_1401,20250531,1
24014ISA_1401,20250607,1
24014ISA_1401,20250614,1
24014ISA_1401,20250621,1
24014ISA_1401,20250628,1
24016IFA_1601,20240908,1
24016IFA_1611,20240908,1
24016IFA_1601,20240915,1
24016IFA_1611,20240915,1
24016IFA_1601,20240922,1
24016IFA_1611,20240922,1
24016IFA_1601,20240929,1
24016IFA_1611,20240929,1
24016IFA_1601,20241006,1
24016IFA_1611,20241006,1
24016IFA_1601,20241012,1
24016IFA_1611,20241012,1
24016IFA_1601,20241013,1
24016IFA_1611,20241013,1
24016IFA_1601,20241020,1
24016IFA_1611,20241020,1
24016IFA_1601,20241027,1
24016IFA_1611,20241027,1
24016IFA_1601,20241101,1
24016IFA_1611,20241101,1
24016IFA_1601,20241103,1
24016IFA_1611,20241103,1
24016IFA_1601,20241110,1
24016IFA_1611,20241110,1
24016IFA_1601,20241117,1
24016IFA_1611,20241117,1
24016IFA_1601,20241124,1
24016IFA_1611,20241124,1
24016IFA_1601,20241201,1
24016IFA_1611,20241201,1
24016IFA_1601,20241206,1
24016IFA_1611,20241206,1
24016IFA_1601,20241208,1
24016IFA_1611,20241208,1
24016IFA_1601,20241215,1
24016IFA_1611,20241215,1
24016IFA_1601,20241222,1
24016IFA_1611,20241222,1
24016IFA_1601,20241225,1
24016IFA_1611,20241225,1
24016IFA_1601,20241229,1
24016IFA_1611,20241229,1
24016IFA_1601,20250101,1
24016IFA_1611,20250101,1
24016IFA_1601,20250105,1
24016IFA_1611,20250105,1
24016IFA_1601,20250106,1
24016IFA_1611,20250106,1
24016IFA_1601,20250112,1
24016IFA_1611,20250112,1
24016IFA_1601,20250119,1
24016IFA_1611,20250119,1
24016IFA_1601,20250126,1
24016IFA_1611,20250126,1
24016IFA_1601,20250202,1
24016IFA_1611,20250202,1
24016IFA_1601,20250209,1
24016IFA_1611,20250209,1
24016IFA_1601,20250216,1
24016IFA_1611,20250216,1
24016IFA_1601,20250223,1
24016IFA_1611,20250223,1
24016IFA_1601,20250302,1
24016IFA_1611,20250302,1
24016IFA_1601,20250309,1
24016IFA_1611,20250309,1
24016IFA_1601,20250316,1
24016IFA_1611,20250316,1
24016IFA_1601,20250323,1
24016IFA_1611,20250323,1
24016IFA_1601,20250330,1
24016IFA_1611,20250330,1
24016IFA_1601,20250406,1
24016IFA_1611,20250406,1
24016IFA_1601,20250413,1
24016IFA_1611,20250413,1
24016IFA_1601,20250417,1
24016IFA_1611,20250417,1
24016IFA_1601,20250418,1
24016IFA_1611,20250418,1
24016IFA_1601,20250420,1
24016IFA_1611,20250420,1
24016IFA_1601,20250427,1
24016IFA_1611,20250427,1
24016IFA_1601,20250501,1
24016IFA_1611,20250501,1
24016IFA_1601,20250504,1
24016IFA_1611,20250504,1
24016IFA_1601,20250511,1
24016IFA_1611,20250511,1
24016IFA_1601,20250518,1
24016IFA_1611,20250518,1
24016IFA_1601,20250525,1
24016IFA_1611,20250525,1
24016IFA_1601,20250601,1
24016IFA_1611,20250601,1
24016IFA_1601,20250608,1
24016IFA_1611,20250608,1
24016IFA_1601,20250609,1
24016IFA_1611,20250609,1
24016IFA_1601,20250615,1
24016IFA_1611,20250615,1
24016IFA_1601,20250622,1
24016IFA_1611,20250622,1
24016IFA_1601,20250629,1
24016IFA_1611,20250629,1
24016ILA_1601,20240903,1
24016ILA_1602,20240903,1
24016ILA_1611,20240903,1
24016ILA_1612,20240903,1
24016ILA_1601,20240904,1
24016ILA_1602,20240904,1
24016ILA_1611,20240904,1
24016ILA_1612,20240904,1
24016ILA_1601,20240905,1
24016ILA_1602,20240905,1
24016ILA_1611,20240905,1
24016ILA_1612,20240905,1
24016ILA_1601,20240906,1
24016ILA_1602,20240906,1
24016ILA_1611,20240906,1
24016ILA_1612,20240906,1
24016ILA_1601,20240909,1
24016ILA_1602,20240909,1
24016ILA_1611,20240909,1
24016ILA_1612,20240909,1
24016ILA_1601,20240910,1
24016ILA_1602,20240910,1
24016ILA_1611,20240910,1
24016ILA_1612,20240910,1
24016ILA_1601,20240911,1
24016ILA_1602,20240911,1
24016ILA_1611,20240911,1
24016ILA_1612,20240911,1
24016ILA_1601,20240912,1
24016ILA_1602,20240912,1
24016ILA_1611,20240912,1
24016ILA_1612,20240912,1
24016ILA_1601,20240913,1
24016ILA_1602,20240913,1
24016ILA_1611,20240913,1
24016ILA_1612,20240913,1
24016ILA_1601,20240916,1
24016ILA_1602,20240916,1
24016ILA_1611,20240916,1
24016ILA_1612,20240916,1
24016ILA_1601,20240917,1
24016ILA_1602,20240917,1
24016ILA_1611,20240917,1
24016ILA_1612,20240917,1
24016ILA_1601,20240918,1
24016ILA_1602,20240918,1
24016ILA_1611,20240918,1
24016ILA_1612,20240918,1
24016ILA_1601,20240919,1
24016ILA_1602,20240919,1
24016ILA_1611,20240919,1
24016ILA_1612,20240919,1
24016ILA_1601,20240920,1
24016ILA_1602,20240920,1
24016ILA_1611,20240920,1
24016ILA_1612,20240920,1
24016ILA_1601,20240923,1
24016ILA_1602,20240923,1
24016ILA_1611,20240923,1
24016ILA_1612,20240923,1
24016ILA_1601,20240924,1
24016ILA_1602,20240924,1
24016ILA_1611,20240924,1
24016ILA_1612,20240924,1
24016ILA_1601,20240925,1
24016ILA_1602,20240925,1
24016ILA_1611,20240925,1
24016ILA_1612,20240925,1
24016ILA_1601,20240926,1
24016ILA_1602,20240926,1
24016ILA_1611,20240926,1
24016ILA_1612,20240926,1
24016ILA_1601,20240927,1
24016ILA_1602,20240927,1
24016ILA_1611,20240927,1
24016ILA_1612,20240927,1
24016ILA_1601,20240930,1
24016ILA_1602,20240930,1
24016ILA_1611,20240930,1
24016ILA_1612,20240930,1
24016ILA_1601,20241001,1
24016ILA_1602,20241001,1
24016ILA_1611,20241001,1
24016ILA_1612,20241001,1
24016ILA_1601,20241002,1
24016ILA_1602,20241002,1
24016ILA_1611,20241002,1
24016ILA_1612,20241002,1
24016ILA_1601,20241003,1
24016ILA_1602,20241003,1
24016ILA_1611,20241003,1
24016ILA_1612,20241003,1
24016ILA_1601,20241004,1
24016ILA_1602,20241004,1
24016ILA_1611,20241004,1
24016ILA_1612,20241004,1
24016ILA_1601,20241007,1
24016ILA_1602,20241007,1
24016ILA_1611,20241007,1
24016ILA_1612,20241007,1
24016ILA_1601,20241008,1
24016ILA_1602,20241008,1
24016ILA_1611,20241008,1
24016ILA_1612,20241008,1
24016ILA_1601,20241009,1
24016ILA_1602,20241009,1
24016ILA_1611,20241009,1
24016ILA_1612,20241009,1
24016ILA_1601,20241010,1
24016ILA_1602,20241010,1
24016ILA_1611,20241010,1
24016ILA_1612,20241010,1
24016ILA_1601,20241011,1
24016ILA_1602,20241011,1
24016ILA_1611,20241011,1
24016ILA_1612,20241011,1
24016ILA_1601,20241014,1
24016ILA_1602,20241014,1
24016ILA_1611,20241014,1
24016ILA_1612,20241014,1
24016ILA_1601,20241015,1
24016ILA_1602,20241015,1
24016ILA_1611,20241015,1
24016ILA_1612,20241015,1
24016ILA_1601,20241016,1
24016ILA_1602,20241016,1
24016ILA_1611,20241016,1
24016ILA_1612,20241016,1
24016ILA_1601,20241017,1
24016ILA_1602,20241017,1
24016ILA_1611,20241017,1
24016ILA_1612,20241017,1
24016ILA_1601,20241018,1
24016ILA_1602,20241018,1
24016ILA_1611,20241018,1
24016ILA_1612,20241018,1
24016ILA_1601,20241021,1
24016ILA_1602,20241021,1
24016ILA_1611,20241021,1
24016ILA_1612,20241021,1
24016ILA_1601,20241022,1
24016ILA_1602,20241022,1
24016ILA_1611,20241022,1
24016ILA_1612,20241022,1
24016ILA_1601,20241023,1
24016ILA_1602,20241023,1
24016ILA_1611,20241023,1
24016ILA_1612,20241023,1
24016ILA_1601,20241024,1
24016ILA_1602,20241024,1
24016ILA_1611,20241024,1
24016ILA_1612,20241024,1
24016ILA_1601,20241025,1
24016ILA_1602,20241025,1
24016ILA_1611,20241025,1
24016ILA_1612,20241025,1
24016ILA_1601,20241028,1
24016ILA_1602,20241028,1
24016ILA_1611,20241028,1
24016ILA_1612,20241028,1
24016ILA_1601,20241029,1
24016ILA_1602,20241029,1
24016ILA_1611,20241029,1
24016ILA_1612,20241029,1
24016ILA_1601,20241030,1
24016ILA_1602,20241030,1
24016ILA_1611,20241030,1
24016ILA_1612,20241030,1
24016ILA_1601,20241031,1
24016ILA_1602,20241031,1
24016ILA_1611,20241031,1
24016ILA_1612,20241031,1
24016ILA_1601,20241104,1
24016ILA_1602,20241104,1
24016ILA_1611,20241104,1
24016ILA_1612,20241104,1
24016ILA_1601,20241105,1
24016ILA_1602,20241105,1
24016ILA_1611,20241105,1
24016ILA_1612,20241105,1
24016ILA_1601,20241106,1
24016ILA_1602,20241106,1
24016ILA_1611,20241106,1
24016ILA_1612,20241106,1
24016ILA_1601,20241107,1
24016ILA_1602,20241107,1
24016ILA_1611,20241107,1
24016ILA_1612,20241107,1
24016ILA_1601,20241108,1
24016ILA_1602,20241108,1
24016ILA_1611,20241108,1
24016ILA_1612,20241108,1
24016ILA_1601,20241111,1
24016ILA_1602,20241111,1
24016ILA_1611,20241111,1
24016ILA_1612,20241111,1
24016ILA_1601,20241112,1
24016ILA_1602,20241112,1
24016ILA_1611,20241112,1
24016ILA_1612,20241112,1
24016ILA_1601,20241113,1
24016ILA_1602,20241113,1
24016ILA_1611,20241113,1
24016ILA_1612,20241113,1
24016ILA_1601,20241114,1
24016ILA_1602,20241114,1
24016ILA_1611,20241114,1
24016ILA_1612,20241114,1
24016ILA_1601,20241115,1
24016ILA_1602,20241115,1
24016ILA_1611,20241115,1
24016ILA_1612,20241115,1
24016ILA_1601,20241118,1
24016ILA_1602,20241118,1
24016ILA_1611,20241118,1
24016ILA_1612,20241118,1
24016ILA_1601,20241119,1
24016ILA_1602,20241119,1
24016ILA_1611,20241119,1
24016ILA_1612,20241119,1
24016ILA_1601,20241120,1
24016ILA_1602,20241120,1
24016ILA_1611,20241120,1
24016ILA_1612,20241120,1
24016ILA_1601,20241121,1
24016ILA_1602,20241121,1
24016ILA_1611,20241121,1
24016ILA_1612,20241121,1
24016ILA_1601,20241122,1
24016ILA_1602,20241122,1
24016ILA_1611,20241122,1
24016ILA_1612,20241122,1
24016ILA_1601,20241125,1
24016ILA_1602,20241125,1
24016ILA_1611,20241125,1
24016ILA_1612,20241125,1
24016ILA_1601,20241126,1
24016ILA_1602,20241126,1
24016ILA_1611,20241126,1
24016ILA_1612,20241126,1
24016ILA_1601,20241127,1
24016ILA_1602,20241127,1
24016ILA_1611,20241127,1
24016ILA_1612,20241127,1
24016ILA_1601,20241128,1
24016ILA_1602,20241128,1
24016ILA_1611,20241128,1
24016ILA_1612,20241128,1
24016ILA_1601,20241129,1
24016ILA_1602,20241129,1
24016ILA_1611,20241129,1
24016ILA_1612,20241129,1
24016ILA_1601,20241202,1
24016ILA_1602,20241202,1
24016ILA_1611,20241202,1
24016ILA_1612,20241202,1
24016ILA_1601,20241203,1
24016ILA_1602,20241203,1
24016ILA_1611,20241203,1
24016ILA_1612,20241203,1
24016ILA_1601,20241204,1
24016ILA_1602,20241204,1
24016ILA_1611,20241204,1
24016ILA_1612,20241204,1
24016ILA_1601,20241205,1
24016ILA_1602,20241205,1
24016ILA_1611,20241205,1
24016ILA_1612,20241205,1
24016ILA_1601,20241209,1
24016ILA_1602,20241209,1
24016ILA_1611,20241209,1
24016ILA_1612,20241209,1
24016ILA_1601,20241210,1
24016ILA_1602,20241210,1
24016ILA_1611,20241210,1
24016ILA_1612,20241210,1
24016ILA_1601,20241211,1
24016ILA_1602,20241211,1
24016ILA_1611,20241211,1
24016ILA_1612,20241211,1
24016ILA_1601,20241212,1
24016ILA_1602,20241212,1
24016ILA_1611,20241212,1
24016ILA_1612,20241212,1
24016ILA_1601,20241213,1
24016ILA_1602,20241213,1
24016ILA_1611,20241213,1
24016ILA_1612,20241213,1
24016ILA_1601,20241216,1
24016ILA_1602,20241216,1
24016ILA_1611,20241216,1
24016ILA_1612,20241216,1
24016ILA_1601,20241217,1
24016ILA_1602,20241217,1
24016ILA_1611,20241217,1
24016ILA_1612,20241217,1
24016ILA_1601,20241218,1
24016ILA_1602,20241218,1
24016ILA_1611,20241218,1
24016ILA_1612,20241218,1
24016ILA_1601,20241219,1
24016ILA_1602,20241219,1
24016ILA_1611,20241219,1
24016ILA_1612,20241219,1
24016ILA_1601,20241220,1
24016ILA_1602,20241220,1
24016ILA_1611,20241220,1
24016ILA_1612,20241220,1
24016ILA_1601,20241223,1
24016ILA_1602,20241223,1
24016ILA_1611,20241223,1
24016ILA_1612,20241223,1
24016ILA_1601,20241224,1
24016ILA_1602,20241224,1
24016ILA_1611,20241224,1
24016ILA_1612,20241224,1
24016ILA_1601,20241226,1
24016ILA_1602,20241226,1
24016ILA_1611,20241226,1
24016ILA_1612,20241226,1
24016ILA_1601,20241227,1
24016ILA_1602,20241227,1
24016ILA_1611,20241227,1
24016ILA_1612,20241227,1
24016ILA_1601,20241230,1
24016ILA_1602,20241230,1
24016ILA_1611,20241230,1
24016ILA_1612,20241230,1
24016ILA_1601,20241231,1
24016ILA_1602,20241231,1
24016ILA_1611,20241231,1
24016ILA_1612,20241231,1
24016ILA_1601,20250102,1
24016ILA_1602,20250102,1
24016ILA_1611,20250102,1
24016ILA_1612,20250102,1
24016ILA_1601,20250103,1
24016ILA_1602,20250103,1
24016ILA_1611,20250103,1
24016ILA_1612,20250103,1
24016ILA_1601,20250107,1
24016ILA_1602,20250107,1
24016ILA_1611,20250107,1
24016ILA_1612,20250107,1
24016ILA_1601,20250108,1
24016ILA_1602,20250108,1
24016ILA_1611,20250108,1
24016ILA_1612,20250108,1
24016ILA_1601,20250109,1
24016ILA_1602,20250109,1
24016ILA_1611,20250109,1
24016ILA_1612,20250109,1
24016ILA_1601,20250110,1
24016ILA_1602,20250110,1
24016ILA_1611,20250110,1
24016ILA_1612,20250110,1
24016ILA_1601,20250113,1
24016ILA_1602,20250113,1
24016ILA_1611,20250113,1
24016ILA_1612,20250113,1
24016ILA_1601,20250114,1
24016ILA_1602,20250114,1
24016ILA_1611,20250114,1
24016ILA_1612,20250114,1
24016ILA_1601,20250115,1
24016ILA_1602,20250115,1
24016ILA_1611,20250115,1
24016ILA_1612,20250115,1
24016ILA_1601,20250116,1
24016ILA_1602,20250116,1
24016ILA_1611,20250116,1
24016ILA_1612,20250116,1
24016ILA_1601,20250117,1
24016ILA_1602,20250117,1
24016ILA_1611,20250117,1
24016ILA_1612,20250117,1
24016ILA_1601,20250120,1
24016ILA_1602,20250120,1
24016ILA_1611,20250120,1
24016ILA_1612,20250120,1
24016ILA_1601,20250121,1
24016ILA_1602,20250121,1
24016ILA_1611,20250121,1
24016ILA_1612,20250121,1
24016ILA_1601,20250122,1
24016ILA_1602,20250122,1
24016ILA_1611,20250122,1
24016ILA_1612,20250122,1
24016ILA_1601,20250123,1
24016ILA_1602,20250123,1
24016ILA_1611,20250123,1
24016ILA_1612,20250123,1
24016ILA_1601,20250124,1
24016ILA_1602,20250124,1
24016ILA_1611,20250124,1
24016ILA_1612,20250124,1
24016ILA_1601,20250127,1
24016ILA_1602,20250127,1
24016ILA_1611,20250127,1
24016ILA_1612,20250127,1
24016ILA_1601,20250128,1
24016ILA_1602,20250128,1
24016ILA_1611,20250128,1
24016ILA_1612,20250128,1
24016ILA_1601,20250129,1
24016ILA_1602,20250129,1
24016ILA_1611,20250129,1
24016ILA_1612,20250129,1
24016ILA_1601,20250130,1
24016ILA_1602,20250130,1
24016ILA_1611,20250130,1
24016ILA_1612,20250130,1
24016ILA_1601,20250131,1
24016ILA_1602,20250131,1
24016ILA_1611,20250131,1
24016ILA_1612,20250131,1
24016ILA_1601,20250203,1
24016ILA_1602,20250203,1
24016ILA_1611,20250203,1
24016ILA_1612,20250203,1
24016ILA_1601,20250204,1
24016ILA_1602,20250204,1
24016ILA_1611,20250204,1
24016ILA_1612,20250204,1
24016ILA_1601,20250205,1
24016ILA_1602,20250205,1
24016ILA_1611,20250205,1
24016ILA_1612,20250205,1
24016ILA_1601,20250206,1
24016ILA_1602,20250206,1
24016ILA_1611,20250206,1
24016ILA_1612,20250206,1
24016ILA_1601,20250207,1
24016ILA_1602,20250207,1
24016ILA_1611,20250207,1
24016ILA_1612,20250207,1
24016ILA_1601,20250210,1
24016ILA_1602,20250210,1
24016ILA_1611,20250210,1
24016ILA_1612,20250210,1
24016ILA_1601,20250211,1
24016ILA_1602,20250211,1
24016ILA_1611,20250211,1
24016ILA_1612,20250211,1
24016ILA_1601,20250212,1
24016ILA_1602,20250212,1
24016ILA_1611,20250212,1
24016ILA_1612,20250212,1
24016ILA_1601,20250213,1
24016ILA_1602,20250213,1
24016ILA_1611,20250213,1
24016ILA_1612,20250213,1
24016ILA_1601,20250214,1
24016ILA_1602,20250214,1
24016ILA_1611,20250214,1
24016ILA_1612,20250214,1
24016ILA_1601,20250217,1
24016ILA_1602,20250217,1
24016ILA_1611,20250217,1
24016ILA_1612,20250217,1
24016ILA_1601,20250218,1
24016ILA_1602,20250218,1
24016ILA_1611,20250218,1
24016ILA_1612,20250218,1
24016ILA_1601,20250219,1
24016ILA_1602,20250219,1
24016ILA_1611,20250219,1
24016ILA_1612,20250219,1
24016ILA_1601,20250220,1
24016ILA_1602,20250220,1
24016ILA_1611,20250220,1
24016ILA_1612,20250220,1
24016ILA_1601,20250221,1
24016ILA_1602,20250221,1
24016ILA_1611,20250221,1
24016ILA_1612,20250221,1
24016ILA_1601,20250224,1
24016ILA_1602,20250224,1
24016ILA_1611,20250224,1
24016ILA_1612,20250224,1
24016ILA_1601,20250225,1
24016ILA_1602,20250225,1
24016ILA_1611,20250225,1
24016ILA_1612,20250225,1
24016ILA_1601,20250226,1
24016ILA_1602,20250226,1
24016ILA_1611,20250226,1
24016ILA_1612,20250226,1
24016ILA_1601,20250227,1
24016ILA_1602,20250227,1
24016ILA_1611,20250227,1
24016ILA_1612,20250227,1
24016ILA_1601,20250228,1
24016ILA_1602,20250228,1
24016ILA_1611,20250228,1
24016ILA_1612,20250228,1
24016ILA_1601,20250303,1
24016ILA_1602,20250303,1
24016ILA_1611,20250303,1
24016ILA_1612,20250303,1
24016ILA_1601,20250304,1
24016ILA_1602,20250304,1
24016ILA_1611,20250304,1
24016ILA_1612,20250304,1
24016ILA_1601,20250305,1
24016ILA_1602,20250305,1
24016ILA_1611,20250305,1
24016ILA_1612,20250305,1
24016ILA_1601,20250306,1
24016ILA_1602,20250306,1
24016ILA_1611,20250306,1
24016ILA_1612,20250306,1
24016ILA_1601,20250307,1
24016ILA_1602,20250307,1
24016ILA_1611,20250307,1
24016ILA_1612,20250307,1
24016ILA_1601,20250310,1
24016ILA_1602,20250310,1
24016ILA_1611,20250310,1
24016ILA_1612,20250310,1
24016ILA_1601,20250311,1
24016ILA_1602,20250311,1
24016ILA_1611,20250311,1
24016ILA_1612,20250311,1
24016ILA_1601,20250312,1
24016ILA_1602,20250312,1
24016ILA_1611,20250312,1
24016ILA_1612,20250312,1
24016ILA_1601,20250313,1
24016ILA_1602,20250313,1
24016ILA_1611,20250313,1
24016ILA_1612,20250313,1
24016ILA_1601,20250314,1
24016ILA_1602,20250314,1
24016ILA_1611,20250314,1
24016ILA_1612,20250314,1
24016ILA_1601,20250317,1
24016ILA_1602,20250317,1
24016ILA_1611,20250317,1
24016ILA_1612,20250317,1
24016ILA_1601,20250318,1
24016ILA_1602,20250318,1
24016ILA_1611,20250318,1
24016ILA_1612,20250318,1
24016ILA_1601,20250319,1
24016ILA_1602,20250319,1
24016ILA_1611,20250319,1
24016ILA_1612,20250319,1
24016ILA_1601,20250320,1
24016ILA_1602,20250320,1
24016ILA_1611,20250320,1
24016ILA_1612,20250320,1
24016ILA_1601,20250321,1
24016ILA_1602,20250321,1
24016ILA_1611,20250321,1
24016ILA_1612,20250321,1
24016ILA_1601,20250324,1
24016ILA_1602,20250324,1
24016ILA_1611,20250324,1
24016ILA_1612,20250324,1
24016ILA_1601,20250325,1
24016ILA_1602,20250325,1
24016ILA_1611,20250325,1
24016ILA_1612,20250325,1
24016ILA_1601,20250326,1
24016ILA_1602,20250326,1
24016ILA_1611,20250326,1
24016ILA_1612,20250326,1
24016ILA_1601,20250327,1
24016ILA_1602,20250327,1
24016ILA_1611,20250327,1
24016ILA_1612,20250327,1
24016ILA_1601,20250328,1
24016ILA_1602,20250328,1
24016ILA_1611,20250328,1
24016ILA_1612,20250328,1
24016ILA_1601,20250331,1
24016ILA_1602,20250331,1
24016ILA_1611,20250331,1
24016ILA_1612,20250331,1
24016ILA_1601,20250401,1
24016ILA_1602,20250401,1
24016ILA_1611,20250401,1
24016ILA_1612,20250401,1
24016ILA_1601,20250402,1
24016ILA_1602,20250402,1
24016ILA_1611,20250402,1
24016ILA_1612,20250402,1
24016ILA_1601,20250403,1
24016ILA_1602,20250403,1
24016ILA_1611,20250403,1
24016ILA_1612,20250403,1
24016ILA_1601,20250404,1
24016ILA_1602,20250404,1
24016ILA_1611,20250404,1
24016ILA_1612,20250404,1
24016ILA_1601,20250407,1
24016ILA_1602,20250407,1
24016ILA_1611,20250407,1
24016ILA_1612,20250407,1
24016ILA_1601,20250408,1
24016ILA_1602,20250408,1
24016ILA_1611,20250408,1
24016ILA_1612,20250408,1
24016ILA_1601,20250409,1
24016ILA_1602,20250409,1
24016ILA_1611,20250409,1
24016ILA_1612,20250409,1
24016ILA_1601,20250410,1
24016ILA_1602,20250410,1
24016ILA_1611,20250410,1
24016ILA_1612,20250410,1
24016ILA_1601,20250411,1
24016ILA_1602,20250411,1
24016ILA_1611,20250411,1
24016ILA_1612,20250411,1
24016ILA_1601,20250414,1
24016ILA_1602,20250414,1
24016ILA_1611,20250414,1
24016ILA_1612,20250414,1
24016ILA_1601,20250415,1
24016ILA_1602,20250415,1
24016ILA_1611,20250415,1
24016ILA_1612,20250415,1
24016ILA_1601,20250416,1
24016ILA_1602,20250416,1
24016ILA_1611,20250416,1
24016ILA_1612,20250416,1
24016ILA_1601,20250421,1
24016ILA_1602,20250421,1
24016ILA_1611,20250421,1
24016ILA_1612,20250421,1
24016ILA_1601,20250422,1
24016ILA_1602,20250422,1
24016ILA_1611,20250422,1
24016ILA_1612,20250422,1
24016ILA_1601,20250423,1
24016ILA_1602,20250423,1
24016ILA_1611,20250423,1
24016ILA_1612,20250423,1
24016ILA_1601,20250424,1
24016ILA_1602,20250424,1
24016ILA_1611,20250424,1
24016ILA_1612,20250424,1
24016ILA_1601,20250425,1
24016ILA_1602,20250425,1
24016ILA_1611,20250425,1
24016ILA_1612,20250425,1
24016ILA_1601,20250428,1
24016ILA_1602,20250428,1
24016ILA_1611,20250428,1
24016ILA_1612,20250428,1
24016ILA_1601,20250429,1
24016ILA_1602,20250429,1
24016ILA_1611,20250429,1
24016ILA_1612,20250429,1
24016ILA_1601,20250430,1
24016ILA_1602,20250430,1
24016ILA_1611,20250430,1
24016ILA_1612,20250430,1
24016ILA_1601,20250502,1
24016ILA_1602,20250502,1
24016ILA_1611,20250502,1
24016ILA_1612,20250502,1
24016ILA_1601,20250505,1
24016ILA_1602,20250505,1
24016ILA_1611,20250505,1
24016ILA_1612,20250505,1
24016ILA_1601,20250506,1
24016ILA_1602,20250506,1
24016ILA_1611,20250506,1
24016ILA_1612,20250506,1
24016ILA_1601,20250507,1
24016ILA_1602,20250507,1
24016ILA_1611,20250507,1
24016ILA_1612,20250507,1
24016ILA_1601,20250508,1
24016ILA_1602,20250508,1
24016ILA_1611,20250508,1
24016ILA_1612,20250508,1
24016ILA_1601,20250509,1
24016ILA_1602,20250509,1
24016ILA_1611,20250509,1
24016ILA_1612,20250509,1
24016ILA_1601,20250512,1
24016ILA_1602,20250512,1
24016ILA_1611,20250512,1
24016ILA_1612,20250512,1
24016ILA_1601,20250513,1
24016ILA_1602,20250513,1
24016ILA_1611,20250513,1
24016ILA_1612,20250513,1
24016ILA_1601,20250514,1
24016ILA_1602,20250514,1
24016ILA_1611,20250514,1
24016ILA_1612,20250514,1
24016ILA_1601,20250515,1
24016ILA_1602,20250515,1
24016ILA_1611,20250515,1
24016ILA_1612,20250515,1
24016ILA_1601,20250516,1
24016ILA_1602,20250516,1
24016ILA_1611,20250516,1
24016ILA_1612,20250516,1
24016ILA_1601,20250519,1
24016ILA_1602,20250519,1
24016ILA_1611,20250519,1
24016ILA_1612,20250519,1
24016ILA_1601,20250520,1
24016ILA_1602,20250520,1
24016ILA_1611,20250520,1
24016ILA_1612,20250520,1
24016ILA_1601,20250521,1
24016ILA_1602,20250521,1
24016ILA_1611,20250521,1
24016ILA_1612,20250521,1
24016ILA_1601,20250522,1
24016ILA_1602,20250522,1
24016ILA_1611,20250522,1
24016ILA_1612,20250522,1
24016ILA_1601,20250523,1
24016ILA_1602,20250523,1
24016ILA_1611,20250523,1
24016ILA_1612,20250523,1
24016ILA_1601,20250526,1
24016ILA_1602,20250526,1
24016ILA_1611,20250526,1
24016ILA_1612,20250526,1
24016ILA_1601,20250527,1
24016ILA_1602,20250527,1
24016ILA_1611,20250527,1
24016ILA_1612,20250527,1
24016ILA_1601,20250528,1
24016ILA_1602,20250528,1
24016ILA_1611,20250528,1
24016ILA_1612,20250528,1
24016ILA_1601,20250529,1
24016ILA_1602,20250529,1
24016ILA_1611,20250529,1
24016ILA_1612,20250529,1
24016ILA_1601,20250530,1
24016ILA_1602,20250530,1
24016ILA_1611,20250530,1
24016ILA_1612,20250530,1
24016ILA_1601,20250602,1
24016ILA_1602,20250602,1
24016ILA_1611,20250602,1
24016ILA_1612,20250602,1
24016ILA_1601,20250603,1
24016ILA_1602,20250603,1
24016ILA_1611,20250603,1
24016ILA_1612,20250603,1
24016ILA_1601,20250604,1
24016ILA_1602,20250604,1
24016ILA_1611,20250604,1
24016ILA_1612,20250604,1
24016ILA_1601,20250605,1
24016ILA_1602,20250605,1
24016ILA_1611,20250605,1
24016ILA_1612,20250605,1
24016ILA_1601,20250606,1
24016ILA_1602,20250606,1
24016ILA_1611,20250606,1
24016ILA_1612,20250606,1
24016ILA_1601,20250610,1
24016ILA_1602,20250610,1
24016ILA_1611,20250610,1
24016ILA_1612,20250610,1
24016ILA_1601,20250611,1
24016ILA_1602,20250611,1
24016ILA_1611,20250611,1
24016ILA_1612,20250611,1
24016ILA_1601,20250612,1
24016ILA_1602,20250612,1
24016ILA_1611,20250612,1
24016ILA_1612,20250612,1
24016ILA_1601,20250613,1
24016ILA_1602,20250613,1
24016ILA_1611,20250613,1
24016ILA_1612,20250613,1
24016ILA_1601,20250616,1
24016ILA_1602,20250616,1
24016ILA_1611,20250616,1
24016ILA_1612,20250616,1
24016ILA_1601,20250617,1
24016ILA_1602,20250617,1
24016ILA_1611,20250617,1
24016ILA_1612,20250617,1
24016ILA_1601,20250618,1
24016ILA_1602,20250618,1
24016ILA_1611,20250618,1
24016ILA_1612,20250618,1
24016ILA_1601,20250619,1
24016ILA_1602,20250619,1
24016ILA_1611,20250619,1
24016ILA_1612,20250619,1
24016ILA_1601,20250620,1
24016ILA_1602,20250620,1
24016ILA_1611,20250620,1
24016ILA_1612,20250620,1
24016ILA_1601,20250623,1
24016ILA_1602,20250623,1
24016ILA_1611,20250623,1
24016ILA_1612,20250623,1
24016ILA_1601,20250624,1
24016ILA_1602,20250624,1
24016ILA_1611,20250624,1
24016ILA_1612,20250624,1
24016ILA_1601,20250625,1
24016ILA_1602,20250625,1
24016ILA_1611,20250625,1
24016ILA_1612,20250625,1
24016ILA_1601,20250626,1
24016ILA_1602,20250626,1
24016ILA_1611,20250626,1
24016ILA_1612,20250626,1
24016ILA_1601,20250627,1
24016ILA_1602,20250627,1
24016ILA_1611,20250627,1
24016ILA_1612,20250627,1
24016ILA_1601,20250630,1
24016ILA_1602,20250630,1
24016ILA_1611,20250630,1
24016ILA_1612,20250630,1
24016ISA_1601,20240907,1
24016ISA_1611,20240907,1
24016ISA_1601,20240914,1
24016ISA_1611,20240914,1
24016ISA_1601,20240921,1
24016ISA_1611,20240921,1
24016ISA_1601,20240928,1
24016ISA_1611,20240928,1
24016ISA_1601,20241005,1
24016ISA_1611,20241005,1
24016ISA_1601,20241019,1
24016ISA_1611,20241019,1
24016ISA_1601,20241026,1
24016ISA_1611,20241026,1
24016ISA_1601,20241102,1
24016ISA_1611,20241102,1
24016ISA_1601,20241109,1
24016ISA_1611,20241109,1
24016ISA_1601,20241116,1
24016ISA_1611,20241116,1
24016ISA_1601,20241123,1
24016ISA_1611,20241123,1
24016ISA_1601,20241130,1
24016ISA_1611,20241130,1
24016ISA_1601,20241207,1
24016ISA_1611,20241207,1
24016ISA_1601,20241214,1
24016ISA_1611,20241214,1
24016ISA_1601,20241221,1
24016ISA_1611,20241221,1
24016ISA_1601,20241228,1
24016ISA_1611,20241228,1
24016ISA_1601,20250104,1
24016ISA_1611,20250104,1
24016ISA_1601,20250111,1
24016ISA_1611,20250111,1
24016ISA_1601,20250118,1
24016ISA_1611,20250118,1
24016ISA_1601,20250125,1
24016ISA_1611,20250125,1
24016ISA_1601,20250201,1
24016ISA_1611,20250201,1
24016ISA_1601,20250208,1
24016ISA_1611,20250208,1
24016ISA_1601,20250215,1
24016ISA_1611,20250215,1
24016ISA_1601,20250222,1
24016ISA_1611,20250222,1
24016ISA_1601,20250301,1
24016ISA_1611,20250301,1
24016ISA_1601,20250308,1
24016ISA_1611,20250308,1
24016ISA_1601,20250315,1
24016ISA_1611,20250315,1
24016ISA_1601,20250322,1
24016ISA_1611,20250322,1
24016ISA_1601,20250329,1
24016ISA_1611,20250329,1
24016ISA_1601,20250405,1
24016ISA_1611,20250405,1
24016ISA_1601,20250412,1
24016ISA_1611,20250412,1
24016ISA_1601,20250419,1
24016ISA_1611,20250419,1
24016ISA_1601,20250426,1
24016ISA_1611,20250426,1
24016ISA_1601,20250503,1
24016ISA_1611,20250503,1
24016ISA_1601,20250510,1
24016ISA_1611,20250510,1
24016ISA_1601,20250517,1
24016ISA_1611,20250517,1
24016ISA_1601,20250524,1
24016ISA_1611,20250524,1
24016ISA_1601,20250531,1
24016ISA_1611,20250531,1
24016ISA_1601,20250607,1
24016ISA_1611,20250607,1
24016ISA_1601,20250614,1
24016ISA_1611,20250614,1
24016ISA_1601,20250621,1
24016ISA_1611,20250621,1
24016ISA_1601,20250628,1
24016ISA_1611,20250628,1
24017IFA_1702,20240908,1
24017IFA_1712,20240908,1
24017IFA_1702,20240915,1
24017IFA_1712,20240915,1
24017IFA_1702,20240922,1
24017IFA_1712,20240922,1
24017IFA_1702,20240929,1
24017IFA_1712,20240929,1
24017IFA_1702,20241006,1
24017IFA_1712,20241006,1
24017IFA_1702,20241012,1
24017IFA_1712,20241012,1
24017IFA_1702,20241013,1
24017IFA_1712,20241013,1
24017IFA_1702,20241020,1
24017IFA_1712,20241020,1
24017IFA_1702,20241027,1
24017IFA_1712,20241027,1
24017IFA_1702,20241103,1
24017IFA_1712,20241103,1
24017IFA_1702,20241110,1
24017IFA_1712,20241110,1
24017IFA_1702,20241117,1
24017IFA_1712,20241117,1
24017IFA_1702,20241124,1
24017IFA_1712,20241124,1
24017IFA_1702,20241201,1
24017IFA_1712,20241201,1
24017IFA_1702,20241206,1
24017IFA_1712,20241206,1
24017IFA_1702,20241208,1
24017IFA_1712,20241208,1
24017IFA_1702,20241215,1
24017IFA_1712,20241215,1
24017IFA_1702,20241222,1
24017IFA_1712,20241222,1
24017IFA_1702,20241225,1
24017IFA_1712,20241225,1
24017IFA_1702,20241229,1
24017IFA_1712,20241229,1
24017IFA_1702,20250101,1
24017IFA_1712,20250101,1
24017IFA_1702,20250105,1
24017IFA_1712,20250105,1
24017IFA_1702,20250106,1
24017IFA_1712,20250106,1
24017IFA_1702,20250112,1
24017IFA_1712,20250112,1
24017IFA_1702,20250119,1
24017IFA_1712,20250119,1
24017IFA_1702,20250126,1
24017IFA_1712,20250126,1
24017IFA_1702,20250202,1
24017IFA_1712,20250202,1
24017IFA_1702,20250209,1
24017IFA_1712,20250209,1
24017IFA_1702,20250216,1
24017IFA_1712,20250216,1
24017IFA_1702,20250223,1
24017IFA_1712,20250223,1
24017IFA_1702,20250302,1
24017IFA_1712,20250302,1
24017IFA_1702,20250309,1
24017IFA_1712,20250309,1
24017IFA_1702,20250316,1
24017IFA_1712,20250316,1
24017IFA_1702,20250323,1
24017IFA_1712,20250323,1
24017IFA_1702,20250330,1
24017IFA_1712,20250330,1
24017IFA_1702,20250406,1
24017IFA_1712,20250406,1
24017IFA_1702,20250413,1
24017IFA_1712,20250413,1
24017IFA_1702,20250417,1
24017IFA_1712,20250417,1
24017IFA_1702,20250418,1
24017IFA_1712,20250418,1
24017IFA_1702,20250420,1
24017IFA_1712,20250420,1
24017IFA_1702,20250427,1
24017IFA_1712,20250427,1
24017IFA_1702,20250501,1
24017IFA_1712,20250501,1
24017IFA_1702,20250504,1
24017IFA_1712,20250504,1
24017IFA_1702,20250511,1
24017IFA_1712,20250511,1
24017IFA_1702,20250518,1
24017IFA_1712,20250518,1
24017IFA_1702,20250525,1
24017IFA_1712,20250525,1
24017IFA_1702,20250601,1
24017IFA_1712,20250601,1
24017IFA_1702,20250608,1
24017IFA_1712,20250608,1
24017IFA_1702,20250609,1
24017IFA_1712,20250609,1
24017IFA_1702,20250615,1
24017IFA_1712,20250615,1
24017IFA_1702,20250622,1
24017IFA_1712,20250622,1
24017IFA_1702,20250629,1
24017IFA_1712,20250629,1
24017IFB_1701,20241101,1
24017IFB_1702,20241101,1
24017ILA_1701,20240903,1
24017ILA_1702,20240903,1
24017ILA_1701,20240904,1
24017ILA_1702,20240904,1
24017ILA_1701,20240905,1
24017ILA_1702,20240905,1
24017ILA_1701,20240906,1
24017ILA_1702,20240906,1
24017ILA_1701,20240909,1
24017ILA_1702,20240909,1
24017ILA_1701,20240910,1
24017ILA_1702,20240910,1
24017ILA_1701,20240911,1
24017ILA_1702,20240911,1
24017ILA_1701,20240912,1
24017ILA_1702,20240912,1
24017ILA_1701,20240913,1
24017ILA_1702,20240913,1
24017ILA_1701,20240916,1
24017ILA_1702,20240916,1
24017ILA_1701,20240917,1
24017ILA_1702,20240917,1
24017ILA_1701,20240918,1
24017ILA_1702,20240918,1
24017ILA_1701,20240919,1
24017ILA_1702,20240919,1
24017ILA_1701,20240920,1
24017ILA_1702,20240920,1
24017ILA_1701,20240923,1
24017ILA_1702,20240923,1
24017ILA_1701,20240924,1
24017ILA_1702,20240924,1
24017ILA_1701,20240925,1
24017ILA_1702,20240925,1
24017ILA_1701,20240926,1
24017ILA_1702,20240926,1
24017ILA_1701,20240927,1
24017ILA_1702,20240927,1
24017ILA_1701,20240930,1
24017ILA_1702,20240930,1
24017ILA_1701,20241001,1
24017ILA_1702,20241001,1
24017ILA_1701,20241002,1
24017ILA_1702,20241002,1
24017ILA_1701,20241003,1
24017ILA_1702,20241003,1
24017ILA_1701,20241004,1
24017ILA_1702,20241004,1
24017ILA_1701,20241007,1
24017ILA_1702,20241007,1
24017ILA_1701,20241008,1
24017ILA_1702,20241008,1
24017ILA_1701,20241009,1
24017ILA_1702,20241009,1
24017ILA_1701,20241010,1
24017ILA_1702,20241010,1
24017ILA_1701,20241011,1
24017ILA_1702,20241011,1
24017ILA_1701,20241014,1
24017ILA_1702,20241014,1
24017ILA_1701,20241015,1
24017ILA_1702,20241015,1
24017ILA_1701,20241016,1
24017ILA_1702,20241016,1
24017ILA_1701,20241017,1
24017ILA_1702,20241017,1
24017ILA_1701,20241018,1
24017ILA_1702,20241018,1
24017ILA_1701,20241021,1
24017ILA_1702,20241021,1
24017ILA_1701,20241022,1
24017ILA_1702,20241022,1
24017ILA_1701,20241023,1
24017ILA_1702,20241023,1
24017ILA_1701,20241024,1
24017ILA_1702,20241024,1
24017ILA_1701,20241025,1
24017ILA_1702,20241025,1
24017ILA_1701,20241028,1
24017ILA_1702,20241028,1
24017ILA_1701,20241029,1
24017ILA_1702,20241029,1
24017ILA_1701,20241104,1
24017ILA_1702,20241104,1
24017ILA_1701,20241105,1
24017ILA_1702,20241105,1
24017ILA_1701,20241106,1
24017ILA_1702,20241106,1
24017ILA_1701,20241107,1
24017ILA_1702,20241107,1
24017ILA_1701,20241108,1
24017ILA_1702,20241108,1
24017ILA_1701,20241111,1
24017ILA_1702,20241111,1
24017ILA_1701,20241112,1
24017ILA_1702,20241112,1
24017ILA_1701,20241113,1
24017ILA_1702,20241113,1
24017ILA_1701,20241114,1
24017ILA_1702,20241114,1
24017ILA_1701,20241115,1
24017ILA_1702,20241115,1
24017ILA_1701,20241118,1
24017ILA_1702,20241118,1
24017ILA_1701,20241119,1
24017ILA_1702,20241119,1
24017ILA_1701,20241120,1
24017ILA_1702,20241120,1
24017ILA_1701,20241121,1
24017ILA_1702,20241121,1
24017ILA_1701,20241122,1
24017ILA_1702,20241122,1
24017ILA_1701,20241125,1
24017ILA_1702,20241125,1
24017ILA_1701,20241126,1
24017ILA_1702,20241126,1
24017ILA_1701,20241127,1
24017ILA_1702,20241127,1
24017ILA_1701,20241128,1
24017ILA_1702,20241128,1
24017ILA_1701,20241129,1
24017ILA_1702,20241129,1
24017ILA_1701,20241202,1
24017ILA_1702,20241202,1
24017ILA_1701,20241203,1
24017ILA_1702,20241203,1
24017ILA_1701,20241204,1
24017ILA_1702,20241204,1
24017ILA_1701,20241205,1
24017ILA_1702,20241205,1
24017ILA_1701,20241209,1
24017ILA_1702,20241209,1
24017ILA_1701,20241210,1
24017ILA_1702,20241210,1
24017ILA_1701,20241211,1
24017ILA_1702,20241211,1
24017ILA_1701,20241212,1
24017ILA_1702,20241212,1
24017ILA_1701,20241213,1
24017ILA_1702,20241213,1
24017ILA_1701,20241216,1
24017ILA_1702,20241216,1
24017ILA_1701,20241217,1
24017ILA_1702,20241217,1
24017ILA_1701,20241218,1
24017ILA_1702,20241218,1
24017ILA_1701,20241219,1
24017ILA_1702,20241219,1
24017ILA_1701,20241220,1
24017ILA_1702,20241220,1
24017ILA_1701,20241223,1
24017ILA_1702,20241223,1
24017ILA_1701,20241224,1
24017ILA_1702,20241224,1
24017ILA_1701,20241226,1
24017ILA_1702,20241226,1
24017ILA_1701,20241227,1
24017ILA_1702,20241227,1
24017ILA_1701,20241230,1
24017ILA_1702,20241230,1
24017ILA_1701,20241231,1
24017ILA_1702,20241231,1
24017ILA_1701,20250102,1
24017ILA_1702,20250102,1
24017ILA_1701,20250103,1
24017ILA_1702,20250103,1
24017ILA_1701,20250107,1
24017ILA_1702,20250107,1
24017ILA_1701,20250108,1
24017ILA_1702,20250108,1
24017ILA_1701,20250109,1
24017ILA_1702,20250109,1
24017ILA_1701,20250110,1
24017ILA_1702,20250110,1
24017ILA_1701,20250113,1
24017ILA_1702,20250113,1
24017ILA_1701,20250114,1
24017ILA_1702,20250114,1
24017ILA_1701,20250115,1
24017ILA_1702,20250115,1
24017ILA_1701,20250116,1
24017ILA_1702,20250116,1
24017ILA_1701,20250117,1
24017ILA_1702,20250117,1
24017ILA_1701,20250120,1
24017ILA_1702,20250120,1
24017ILA_1701,20250121,1
24017ILA_1702,20250121,1
24017ILA_1701,20250122,1
24017ILA_1702,20250122,1
24017ILA_1701,20250123,1
24017ILA_1702,20250123,1
24017ILA_1701,20250124,1
24017ILA_1702,20250124,1
24017ILA_1701,20250127,1
24017ILA_1702,20250127,1
24017ILA_1701,20250128,1
24017ILA_1702,20250128,1
24017ILA_1701,20250129,1
24017ILA_1702,20250129,1
24017ILA_1701,20250130,1
24017ILA_1702,20250130,1
24017ILA_1701,20250131,1
24017ILA_1702,20250131,1
24017ILA_1701,20250203,1
24017ILA_1702,20250203,1
24017ILA_1701,20250204,1
24017ILA_1702,20250204,1
24017ILA_1701,20250205,1
24017ILA_1702,20250205,1
24017ILA_1701,20250206,1
24017ILA_1702,20250206,1
24017ILA_1701,20250207,1
24017ILA_1702,20250207,1
24017ILA_1701,20250210,1
24017ILA_1702,20250210,1
24017ILA_1701,20250211,1
24017ILA_1702,20250211,1
24017ILA_1701,20250212,1
24017ILA_1702,20250212,1
24017ILA_1701,20250213,1
24017ILA_1702,20250213,1
24017ILA_1701,20250214,1
24017ILA_1702,20250214,1
24017ILA_1701,20250217,1
24017ILA_1702,20250217,1
24017ILA_1701,20250218,1
24017ILA_1702,20250218,1
24017ILA_1701,20250219,1
24017ILA_1702,20250219,1
24017ILA_1701,20250220,1
24017ILA_1702,20250220,1
24017ILA_1701,20250221,1
24017ILA_1702,20250221,1
24017ILA_1701,20250224,1
24017ILA_1702,20250224,1
24017ILA_1701,20250225,1
24017ILA_1702,20250225,1
24017ILA_1701,20250226,1
24017ILA_1702,20250226,1
24017ILA_1701,20250227,1
24017ILA_1702,20250227,1
24017ILA_1701,20250228,1
24017ILA_1702,20250228,1
24017ILA_1701,20250303,1
24017ILA_1702,20250303,1
24017ILA_1701,20250304,1
24017ILA_1702,20250304,1
24017ILA_1701,20250305,1
24017ILA_1702,20250305,1
24017ILA_1701,20250306,1
24017ILA_1702,20250306,1
24017ILA_1701,20250307,1
24017ILA_1702,20250307,1
24017ILA_1701,20250310,1
24017ILA_1702,20250310,1
24017ILA_1701,20250311,1
24017ILA_1702,20250311,1
24017ILA_1701,20250312,1
24017ILA_1702,20250312,1
24017ILA_1701,20250313,1
24017ILA_1702,20250313,1
24017ILA_1701,20250314,1
24017ILA_1702,20250314,1
24017ILA_1701,20250317,1
24017ILA_1702,20250317,1
24017ILA_1701,20250318,1
24017ILA_1702,20250318,1
24017ILA_1701,20250319,1
24017ILA_1702,20250319,1
24017ILA_1701,20250320,1
24017ILA_1702,20250320,1
24017ILA_1701,20250321,1
24017ILA_1702,20250321,1
24017ILA_1701,20250324,1
24017ILA_1702,20250324,1
24017ILA_1701,20250325,1
24017ILA_1702,20250325,1
24017ILA_1701,20250326,1
24017ILA_1702,20250326,1
24017ILA_1701,20250327,1
24017ILA_1702,20250327,1
24017ILA_1701,20250328,1
24017ILA_1702,20250328,1
24017ILA_1701,20250331,1
24017ILA_1702,20250331,1
24017ILA_1701,20250401,1
24017ILA_1702,20250401,1
24017ILA_1701,20250402,1
24017ILA_1702,20250402,1
24017ILA_1701,20250403,1
24017ILA_1702,20250403,1
24017ILA_1701,20250404,1
24017ILA_1702,20250404,1
24017ILA_1701,20250407,1
24017ILA_1702,20250407,1
24017ILA_1701,20250408,1
24017ILA_1702,20250408,1
24017ILA_1701,20250409,1
24017ILA_1702,20250409,1
24017ILA_1701,20250410,1
24017ILA_1702,20250410,1
24017ILA_1701,20250411,1
24017ILA_1702,20250411,1
24017ILA_1701,20250414,1
24017ILA_1702,20250414,1
24017ILA_1701,20250415,1
24017ILA_1702,20250415,1
24017ILA_1701,20250416,1
24017ILA_1702,20250416,1
24017ILA_1701,20250421,1
24017ILA_1702,20250421,1
24017ILA_1701,20250422,1
24017ILA_1702,20250422,1
24017ILA_1701,20250423,1
24017ILA_1702,20250423,1
24017ILA_1701,20250424,1
24017ILA_1702,20250424,1
24017ILA_1701,20250425,1
24017ILA_1702,20250425,1
24017ILA_1701,20250428,1
24017ILA_1702,20250428,1
24017ILA_1701,20250429,1
24017ILA_1702,20250429,1
24017ILA_1701,20250430,1
24017ILA_1702,20250430,1
24017ILA_1701,20250502,1
24017ILA_1702,20250502,1
24017ILA_1701,20250505,1
24017ILA_1702,20250505,1
24017ILA_1701,20250506,1
24017ILA_1702,20250506,1
24017ILA_1701,20250507,1
24017ILA_1702,20250507,1
24017ILA_1701,20250508,1
24017ILA_1702,20250508,1
24017ILA_1701,20250509,1
24017ILA_1702,20250509,1
24017ILA_1701,20250512,1
24017ILA_1702,20250512,1
24017ILA_1701,20250513,1
24017ILA_1702,20250513,1
24017ILA_1701,20250514,1
24017ILA_1702,20250514,1
24017ILA_1701,20250515,1
24017ILA_1702,20250515,1
24017ILA_1701,20250516,1
24017ILA_1702,20250516,1
24017ILA_1701,20250519,1
24017ILA_1702,20250519,1
24017ILA_1701,20250520,1
24017ILA_1702,20250520,1
24017ILA_1701,20250521,1
24017ILA_1702,20250521,1
24017ILA_1701,20250522,1
24017ILA_1702,20250522,1
24017ILA_1701,20250523,1
24017ILA_1702,20250523,1
24017ILA_1701,20250526,1
24017ILA_1702,20250526,1
24017ILA_1701,20250527,1
24017ILA_1702,20250527,1
24017ILA_1701,20250528,1
24017ILA_1702,20250528,1
24017ILA_1701,20250529,1
24017ILA_1702,20250529,1
24017ILA_1701,20250530,1
24017ILA_1702,20250530,1
24017ILA_1701,20250602,1
24017ILA_1702,20250602,1
24017ILA_1701,20250603,1
24017ILA_1702,20250603,1
24017ILA_1701,20250604,1
24017ILA_1702,20250604,1
24017ILA_1701,20250605,1
24017ILA_1702,20250605,1
24017ILA_1701,20250606,1
24017ILA_1702,20250606,1
24017ILA_1701,20250610,1
24017ILA_1702,20250610,1
24017ILA_1701,20250611,1
24017ILA_1702,20250611,1
24017ILA_1701,20250612,1
24017ILA_1702,20250612,1
24017ILA_1701,20250613,1
24017ILA_1702,20250613,1
24017ILA_1701,20250616,1
24017ILA_1702,20250616,1
24017ILA_1701,20250617,1
24017ILA_1702,20250617,1
24017ILA_1701,20250618,1
24017ILA_1702,20250618,1
24017ILA_1701,20250619,1
24017ILA_1702,20250619,1
24017ILA_1701,20250620,1
24017ILA_1702,20250620,1
24017ILA_1701,20250623,1
24017ILA_1702,20250623,1
24017ILA_1701,20250624,1
24017ILA_1702,20250624,1
24017ILA_1701,20250625,1
24017ILA_1702,20250625,1
24017ILA_1701,20250626,1
24017ILA_1702,20250626,1
24017ILA_1701,20250627,1
24017ILA_1702,20250627,1
24017ILA_1701,20250630,1
24017ILA_1702,20250630,1
24017ILB_1701,20241030,1
24017ILB_1702,20241030,1
24017ILB_1701,20241031,1
24017ILB_1702,20241031,1
24017ISA_1702,20240907,1
24017ISA_1702,20240914,1
24017ISA_1702,20240921,1
24017ISA_1702,20240928,1
24017ISA_1702,20241005,1
24017ISA_1702,20241019,1
24017ISA_1702,20241026,1
24017ISA_1702,20241102,1
24017ISA_1702,20241109,1
24017ISA_1702,20241116,1
24017ISA_1702,20241123,1
24017ISA_1702,20241130,1
24017ISA_1702,20241207,1
24017ISA_1702,20241214,1
24017ISA_1702,20241221,1
24017ISA_1702,20241228,1
24017ISA_1702,20250104,1
24017ISA_1702,20250111,1
24017ISA_1702,20250118,1
24017ISA_1702,20250125,1
24017ISA_1702,20250201,1
24017ISA_1702,20250208,1
24017ISA_1702,20250215,1
24017ISA_1702,20250222,1
24017ISA_1702,20250301,1
24017ISA_1702,20250308,1
24017ISA_1702,20250315,1
24017ISA_1702,20250322,1
24017ISA_1702,20250329,1
24017ISA_1702,20250405,1
24017ISA_1702,20250412,1
24017ISA_1702,20250419,1
24017ISA_1702,20250426,1
24017ISA_1702,20250503,1
24017ISA_1702,20250510,1
24017ISA_1702,20250517,1
24017ISA_1702,20250524,1
24017ISA_1702,20250531,1
24017ISA_1702,20250607,1
24017ISA_1702,20250614,1
24017ISA_1702,20250621,1
24017ISA_1702,20250628,1
24018IFA_1801,20240908,1
24018IFA_1801,20240915,1
24018IFA_1801,20240922,1
24018IFA_1801,20240929,1
24018IFA_1801,20241006,1
24018IFA_1801,20241012,1
24018IFA_1801,20241013,1
24018IFA_1801,20241020,1
24018IFA_1801,20241027,1
24018IFA_1801,20241101,1
24018IFA_1801,20241103,1
24018IFA_1801,20241110,1
24018IFA_1801,20241117,1
24018IFA_1801,20241124,1
24018IFA_1801,20241201,1
24018IFA_1801,20241206,1
24018IFA_1801,20241208,1
24018IFA_1801,20241215,1
24018IFA_1801,20241222,1
24018IFA_1801,20241225,1
24018IFA_1801,20241229,1
24018IFA_1801,20250101,1
24018IFA_1801,20250105,1
24018IFA_1801,20250106,1
24018IFA_1801,20250112,1
24018IFA_1801,20250119,1
24018IFA_1801,20250126,1
24018IFA_1801,20250202,1
24018IFA_1801,20250209,1
24018IFA_1801,20250216,1
24018IFA_1801,20250223,1
24018IFA_1801,20250302,1
24018IFA_1801,20250309,1
24018IFA_1801,20250316,1
24018IFA_1801,20250323,1
24018IFA_1801,20250330,1
24018IFA_1801,20250406,1
24018IFA_1801,20250413,1
24018IFA_1801,20250417,1
24018IFA_1801,20250418,1
24018IFA_1801,20250420,1
24018IFA_1801,20250427,1
24018IFA_1801,20250501,1
24018IFA_1801,20250504,1
24018IFA_1801,20250511,1
24018IFA_1801,20250518,1
24018IFA_1801,20250525,1
24018IFA_1801,20250601,1
24018IFA_1801,20250608,1
24018IFA_1801,20250609,1
24018IFA_1801,20250615,1
24018IFA_1801,20250622,1
24018IFA_1801,20250629,1
24018ILA_1801,20240903,1
24018ILA_1802,20240903,1
24018ILA_1801,20240904,1
24018ILA_1802,20240904,1
24018ILA_1801,20240905,1
24018ILA_1802,20240905,1
24018ILA_1801,20240906,1
24018ILA_1802,20240906,1
24018ILA_1801,20240909,1
24018ILA_1802,20240909,1
24018ILA_1801,20240910,1
24018ILA_1802,20240910,1
24018ILA_1801,20240911,1
24018ILA_1802,20240911,1
24018ILA_1801,20240912,1
24018ILA_1802,20240912,1
24018ILA_1801,20240913,1
24018ILA_1802,20240913,1
24018ILA_1801,20240916,1
24018ILA_1802,20240916,1
24018ILA_1801,20240917,1
24018ILA_1802,20240917,1
24018ILA_1801,20240918,1
24018ILA_1802,20240918,1
24018ILA_1801,20240919,1
24018ILA_1802,20240919,1
24018ILA_1801,20240920,1
24018ILA_1802,20240920,1
24018ILA_1801,20240923,1
24018ILA_1802,20240923,1
24018ILA_1801,20240924,1
24018ILA_1802,20240924,1
24018ILA_1801,20240925,1
24018ILA_1802,20240925,1
24018ILA_1801,20240926,1
24018ILA_1802,20240926,1
24018ILA_1801,20240927,1
24018ILA_1802,20240927,1
24018ILA_1801,20240930,1
24018ILA_1802,20240930,1
24018ILA_1801,20241001,1
24018ILA_1802,20241001,1
24018ILA_1801,20241002,1
24018ILA_1802,20241002,1
24018ILA_1801,20241003,1
24018ILA_1802,20241003,1
24018ILA_1801,20241004,1
24018ILA_1802,20241004,1
24018ILA_1801,20241007,1
24018ILA_1802,20241007,1
24018ILA_1801,20241008,1
24018ILA_1802,20241008,1
24018ILA_1801,20241009,1
24018ILA_1802,20241009,1
24018ILA_1801,20241010,1
24018ILA_1802,20241010,1
24018ILA_1801,20241011,1
24018ILA_1802,20241011,1
24018ILA_1801,20241014,1
24018ILA_1802,20241014,1
24018ILA_1801,20241015,1
24018ILA_1802,20241015,1
24018ILA_1801,20241016,1
24018ILA_1802,20241016,1
24018ILA_1801,20241017,1
24018ILA_1802,20241017,1
24018ILA_1801,20241018,1
24018ILA_1802,20241018,1
24018ILA_1801,20241021,1
24018ILA_1802,20241021,1
24018ILA_1801,20241022,1
24018ILA_1802,20241022,1
24018ILA_1801,20241023,1
24018ILA_1802,20241023,1
24018ILA_1801,20241024,1
24018ILA_1802,20241024,1
24018ILA_1801,20241025,1
24018ILA_1802,20241025,1
24018ILA_1801,20241028,1
24018ILA_1802,20241028,1
24018ILA_1801,20241029,1
24018ILA_1802,20241029,1
24018ILA_1801,20241030,1
24018ILA_1802,20241030,1
24018ILA_1801,20241031,1
24018ILA_1802,20241031,1
24018ILA_1801,20241104,1
24018ILA_1802,20241104,1
24018ILA_1801,20241105,1
24018ILA_1802,20241105,1
24018ILA_1801,20241106,1
24018ILA_1802,20241106,1
24018ILA_1801,20241107,1
24018ILA_1802,20241107,1
24018ILA_1801,20241108,1
24018ILA_1802,20241108,1
24018ILA_1801,20241111,1
24018ILA_1802,20241111,1
24018ILA_1801,20241112,1
24018ILA_1802,20241112,1
24018ILA_1801,20241113,1
24018ILA_1802,20241113,1
24018ILA_1801,20241114,1
24018ILA_1802,20241114,1
24018ILA_1801,20241115,1
24018ILA_1802,20241115,1
24018ILA_1801,20241118,1
24018ILA_1802,20241118,1
24018ILA_1801,20241119,1
24018ILA_1802,20241119,1
24018ILA_1801,20241120,1
24018ILA_1802,20241120,1
24018ILA_1801,20241121,1
24018ILA_1802,20241121,1
24018ILA_1801,20241122,1
24018ILA_1802,20241122,1
24018ILA_1801,20241125,1
24018ILA_1802,20241125,1
24018ILA_1801,20241126,1
24018ILA_1802,20241126,1
24018ILA_1801,20241127,1
24018ILA_1802,20241127,1
24018ILA_1801,20241128,1
24018ILA_1802,20241128,1
24018ILA_1801,20241129,1
24018ILA_1802,20241129,1
24018ILA_1801,20241202,1
24018ILA_1802,20241202,1
24018ILA_1801,20241203,1
24018ILA_1802,20241203,1
24018ILA_1801,20241204,1
24018ILA_1802,20241204,1
24018ILA_1801,20241205,1
24018ILA_1802,20241205,1
24018ILA_1801,20241209,1
24018ILA_1802,20241209,1
24018ILA_1801,20241210,1
24018ILA_1802,20241210,1
24018ILA_1801,20241211,1
24018ILA_1802,20241211,1
24018ILA_1801,20241212,1
24018ILA_1802,20241212,1
24018ILA_1801,20241213,1
24018ILA_1802,20241213,1
24018ILA_1801,20241216,1
24018ILA_1802,20241216,1
24018ILA_1801,20241217,1
24018ILA_1802,20241217,1
24018ILA_1801,20241218,1
24018ILA_1802,20241218,1
24018ILA_1801,20241219,1
24018ILA_1802,20241219,1
24018ILA_1801,20241220,1
24018ILA_1802,20241220,1
24018ILA_1801,20241223,1
24018ILA_1802,20241223,1
24018ILA_1801,20241224,1
24018ILA_1802,20241224,1
24018ILA_1801,20241226,1
24018ILA_1802,20241226,1
24018ILA_1801,20241227,1
24018ILA_1802,20241227,1
24018ILA_1801,20241230,1
24018ILA_1802,20241230,1
24018ILA_1801,20241231,1
24018ILA_1802,20241231,1
24018ILA_1801,20250102,1
24018ILA_1802,20250102,1
24018ILA_1801,20250103,1
24018ILA_1802,20250103,1
24018ILA_1801,20250107,1
24018ILA_1802,20250107,1
24018ILA_1801,20250108,1
24018ILA_1802,20250108,1
24018ILA_1801,20250109,1
24018ILA_1802,20250109,1
24018ILA_1801,20250110,1
24018ILA_1802,20250110,1
24018ILA_1801,20250113,1
24018ILA_1802,20250113,1
24018ILA_1801,20250114,1
24018ILA_1802,20250114,1
24018ILA_1801,20250115,1
24018ILA_1802,20250115,1
24018ILA_1801,20250116,1
24018ILA_1802,20250116,1
24018ILA_1801,20250117,1
24018ILA_1802,20250117,1
24018ILA_1801,20250120,1
24018ILA_1802,20250120,1
24018ILA_1801,20250121,1
24018ILA_1802,20250121,1
24018ILA_1801,20250122,1
24018ILA_1802,20250122,1
24018ILA_1801,20250123,1
24018ILA_1802,20250123,1
24018ILA_1801,20250124,1
24018ILA_1802,20250124,1
24018ILA_1801,20250127,1
24018ILA_1802,20250127,1
24018ILA_1801,20250128,1
24018ILA_1802,20250128,1
24018ILA_1801,20250129,1
24018ILA_1802,20250129,1
24018ILA_1801,20250130,1
24018ILA_1802,20250130,1
24018ILA_1801,20250131,1
24018ILA_1802,20250131,1
24018ILA_1801,20250203,1
24018ILA_1802,20250203,1
24018ILA_1801,20250204,1
24018ILA_1802,20250204,1
24018ILA_1801,20250205,1
24018ILA_1802,20250205,1
24018ILA_1801,20250206,1
24018ILA_1802,20250206,1
24018ILA_1801,20250207,1
24018ILA_1802,20250207,1
24018ILA_1801,20250210,1
24018ILA_1802,20250210,1
24018ILA_1801,20250211,1
24018ILA_1802,20250211,1
24018ILA_1801,20250212,1
24018ILA_1802,20250212,1
24018ILA_1801,20250213,1
24018ILA_1802,20250213,1
24018ILA_1801,20250214,1
24018ILA_1802,20250214,1
24018ILA_1801,20250217,1
24018ILA_1802,20250217,1
24018ILA_1801,20250218,1
24018ILA_1802,20250218,1
24018ILA_1801,20250219,1
24018ILA_1802,20250219,1
24018ILA_1801,20250220,1
24018ILA_1802,20250220,1
24018ILA_1801,20250221,1
24018ILA_1802,20250221,1
24018ILA_1801,20250224,1
24018ILA_1802,20250224,1
24018ILA_1801,20250225,1
24018ILA_1802,20250225,1
24018ILA_1801,20250226,1
24018ILA_1802,20250226,1
24018ILA_1801,20250227,1
24018ILA_1802,20250227,1
24018ILA_1801,20250228,1
24018ILA_1802,20250228,1
24018ILA_1801,20250303,1
24018ILA_1802,20250303,1
24018ILA_1801,20250304,1
24018ILA_1802,20250304,1
24018ILA_1801,20250305,1
24018ILA_1802,20250305,1
24018ILA_1801,20250306,1
24018ILA_1802,20250306,1
24018ILA_1801,20250307,1
24018ILA_1802,20250307,1
24018ILA_1801,20250310,1
24018ILA_1802,20250310,1
24018ILA_1801,20250311,1
24018ILA_1802,20250311,1
24018ILA_1801,20250312,1
24018ILA_1802,20250312,1
24018ILA_1801,20250313,1
24018ILA_1802,20250313,1
24018ILA_1801,20250314,1
24018ILA_1802,20250314,1
24018ILA_1801,20250317,1
24018ILA_1802,20250317,1
24018ILA_1801,20250318,1
24018ILA_1802,20250318,1
24018ILA_1801,20250319,1
24018ILA_1802,20250319,1
24018ILA_1801,20250320,1
24018ILA_1802,20250320,1
24018ILA_1801,20250321,1
24018ILA_1802,20250321,1
24018ILA_1801,20250324,1
24018ILA_1802,20250324,1
24018ILA_1801,20250325,1
24018ILA_1802,20250325,1
24018ILA_1801,20250326,1
24018ILA_1802,20250326,1
24018ILA_1801,20250327,1
24018ILA_1802,20250327,1
24018ILA_1801,20250328,1
24018ILA_1802,20250328,1
24018ILA_1801,20250331,1
24018ILA_1802,20250331,1
24018ILA_1801,20250401,1
24018ILA_1802,20250401,1
24018ILA_1801,20250402,1
24018ILA_1802,20250402,1
24018ILA_1801,20250403,1
24018ILA_1802,20250403,1
24018ILA_1801,20250404,1
24018ILA_1802,20250404,1
24018ILA_1801,20250407,1
24018ILA_1802,20250407,1
24018ILA_1801,20250408,1
24018ILA_1802,20250408,1
24018ILA_1801,20250409,1
24018ILA_1802,20250409,1
24018ILA_1801,20250410,1
24018ILA_1802,20250410,1
24018ILA_1801,20250411,1
24018ILA_1802,20250411,1
24018ILA_1801,20250414,1
24018ILA_1802,20250414,1
24018ILA_1801,20250415,1
24018ILA_1802,20250415,1
24018ILA_1801,20250416,1
24018ILA_1802,20250416,1
24018ILA_1801,20250421,1
24018ILA_1802,20250421,1
24018ILA_1801,20250422,1
24018ILA_1802,20250422,1
24018ILA_1801,20250423,1
24018ILA_1802,20250423,1
24018ILA_1801,20250424,1
24018ILA_1802,20250424,1
24018ILA_1801,20250425,1
24018ILA_1802,20250425,1
24018ILA_1801,20250428,1
24018ILA_1802,20250428,1
24018ILA_1801,20250429,1
24018ILA_1802,20250429,1
24018ILA_1801,20250430,1
24018ILA_1802,20250430,1
24018ILA_1801,20250502,1
24018ILA_1802,20250502,1
24018ILA_1801,20250505,1
24018ILA_1802,20250505,1
24018ILA_1801,20250506,1
24018ILA_1802,20250506,1
24018ILA_1801,20250507,1
24018ILA_1802,20250507,1
24018ILA_1801,20250508,1
24018ILA_1802,20250508,1
24018ILA_1801,20250509,1
24018ILA_1802,20250509,1
24018ILA_1801,20250512,1
24018ILA_1802,20250512,1
24018ILA_1801,20250513,1
24018ILA_1802,20250513,1
24018ILA_1801,20250514,1
24018ILA_1802,20250514,1
24018ILA_1801,20250515,1
24018ILA_1802,20250515,1
24018ILA_1801,20250516,1
24018ILA_1802,20250516,1
24018ILA_1801,20250519,1
24018ILA_1802,20250519,1
24018ILA_1801,20250520,1
24018ILA_1802,20250520,1
24018ILA_1801,20250521,1
24018ILA_1802,20250521,1
24018ILA_1801,20250522,1
24018ILA_1802,20250522,1
24018ILA_1801,20250523,1
24018ILA_1802,20250523,1
24018ILA_1801,20250526,1
24018ILA_1802,20250526,1
24018ILA_1801,20250527,1
24018ILA_1802,20250527,1
24018ILA_1801,20250528,1
24018ILA_1802,20250528,1
24018ILA_1801,20250529,1
24018ILA_1802,20250529,1
24018ILA_1801,20250530,1
24018ILA_1802,20250530,1
24018ILA_1801,20250602,1
24018ILA_1802,20250602,1
24018ILA_1801,20250603,1
24018ILA_1802,20250603,1
24018ILA_1801,20250604,1
24018ILA_1802,20250604,1
24018ILA_1801,20250605,1
24018ILA_1802,20250605,1
24018ILA_1801,20250606,1
24018ILA_1802,20250606,1
24018ILA_1801,20250610,1
24018ILA_1802,20250610,1
24018ILA_1801,20250611,1
24018ILA_1802,20250611,1
24018ILA_1801,20250612,1
24018ILA_1802,20250612,1
24018ILA_1801,20250613,1
24018ILA_1802,20250613,1
24018ILA_1801,20250616,1
24018ILA_1802,20250616,1
24018ILA_1801,20250617,1
24018ILA_1802,20250617,1
24018ILA_1801,20250618,1
24018ILA_1802,20250618,1
24018ILA_1801,20250619,1
24018ILA_1802,20250619,1
24018ILA_1801,20250620,1
24018ILA_1802,20250620,1
24018ILA_1801,20250623,1
24018ILA_1802,20250623,1
24018ILA_1801,20250624,1
24018ILA_1802,20250624,1
24018ILA_1801,20250625,1
24018ILA_1802,20250625,1
24018ILA_1801,20250626,1
24018ILA_1802,20250626,1
24018ILA_1801,20250627,1
24018ILA_1802,20250627,1
24018ILA_1801,20250630,1
24018ILA_1802,20250630,1
24018ISA_1801,20240907,1
24018ISA_1802,20240907,1
24018ISA_1801,20240914,1
24018ISA_1802,20240914,1
24018ISA_1801,20240921,1
24018ISA_1802,20240921,1
24018ISA_1801,20240928,1
24018ISA_1802,20240928,1
24018ISA_1801,20241005,1
24018ISA_1802,20241005,1
24018ISA_1801,20241019,1
24018ISA_1802,20241019,1
24018ISA_1801,20241026,1
24018ISA_1802,20241026,1
24018ISA_1801,20241102,1
24018ISA_1802,20241102,1
24018ISA_1801,20241109,1
24018ISA_1802,20241109,1
24018ISA_1801,20241116,1
24018ISA_1802,20241116,1
24018ISA_1801,20241123,1
24018ISA_1802,20241123,1
24018ISA_1801,20241130,1
24018ISA_1802,20241130,1
24018ISA_1801,20241207,1
24018ISA_1802,20241207,1
24018ISA_1801,20241214,1
24018ISA_1802,20241214,1
24018ISA_1801,20241221,1
24018ISA_1802,20241221,1
24018ISA_1801,20241228,1
24018ISA_1802,20241228,1
24018ISA_1801,20250104,1
24018ISA_1802,20250104,1
24018ISA_1801,20250111,1
24018ISA_1802,20250111,1
24018ISA_1801,20250118,1
24018ISA_1802,20250118,1
24018ISA_1801,20250125,1
24018ISA_1802,20250125,1
24018ISA_1801,20250201,1
24018ISA_1802,20250201,1
24018ISA_1801,20250208,1
24018ISA_1802,20250208,1
24018ISA_1801,20250215,1
24018ISA_1802,20250215,1
24018ISA_1801,20250222,1
24018ISA_1802,20250222,1
24018ISA_1801,20250301,1
24018ISA_1802,20250301,1
24018ISA_1801,20250308,1
24018ISA_1802,20250308,1
24018ISA_1801,20250315,1
24018ISA_1802,20250315,1
24018ISA_1801,20250322,1
24018ISA_1802,20250322,1
24018ISA_1801,20250329,1
24018ISA_1802,20250329,1
24018ISA_1801,20250405,1
24018ISA_1802,20250405,1
24018ISA_1801,20250412,1
24018ISA_1802,20250412,1
24018ISA_1801,20250419,1
24018ISA_1802,20250419,1
24018ISA_1801,20250426,1
24018ISA_1802,20250426,1
24018ISA_1801,20250503,1
24018ISA_1802,20250503,1
24018ISA_1801,20250510,1
24018ISA_1802,20250510,1
24018ISA_1801,20250517,1
24018ISA_1802,20250517,1
24018ISA_1801,20250524,1
24018ISA_1802,20250524,1
24018ISA_1801,20250531,1
24018ISA_1802,20250531,1
24018ISA_1801,20250607,1
24018ISA_1802,20250607,1
24018ISA_1801,20250614,1
24018ISA_1802,20250614,1
24018ISA_1801,20250621,1
24018ISA_1802,20250621,1
24018ISA_1801,20250628,1
24018ISA_1802,20250628,1
24051IFA_5101,20240908,1
24051IFA_5102,20240908,1
24051IFA_5103,20240908,1
24051IFA_5112,20240908,1
24051IFA_5113,20240908,1
24051IFA_5101,20240915,1
24051IFA_5102,20240915,1
24051IFA_5103,20240915,1
24051IFA_5112,20240915,1
24051IFA_5113,20240915,1
24051IFA_5101,20240922,1
24051IFA_5102,20240922,1
24051IFA_5103,20240922,1
24051IFA_5112,20240922,1
24051IFA_5113,20240922,1
24051IFA_5101,20240929,1
24051IFA_5102,20240929,1
24051IFA_5103,20240929,1
24051IFA_5112,20240929,1
24051IFA_5113,20240929,1
24051IFA_5101,20241006,1
24051IFA_5102,20241006,1
24051IFA_5103,20241006,1
24051IFA_5112,20241006,1
24051IFA_5113,20241006,1
24051IFA_5101,20241012,1
24051IFA_5102,20241012,1
24051IFA_5103,20241012,1
24051IFA_5112,20241012,1
24051IFA_5113,20241012,1
24051IFA_5101,20241013,1
24051IFA_5102,20241013,1
24051IFA_5103,20241013,1
24051IFA_5112,20241013,1
24051IFA_5113,20241013,1
24051IFA_5101,20241020,1
24051IFA_5102,20241020,1
24051IFA_5103,20241020,1
24051IFA_5112,20241020,1
24051IFA_5113,20241020,1
24051IFA_5101,20241027,1
24051IFA_5102,20241027,1
24051IFA_5103,20241027,1
24051IFA_5112,20241027,1
24051IFA_5113,20241027,1
24051IFA_5101,20241101,1
24051IFA_5102,20241101,1
24051IFA_5103,20241101,1
24051IFA_5112,20241101,1
24051IFA_5113,20241101,1
24051IFA_5101,20241103,1
24051IFA_5102,20241103,1
24051IFA_5103,20241103,1
24051IFA_5112,20241103,1
24051IFA_5113,20241103,1
24051IFA_5101,20241110,1
24051IFA_5102,20241110,1
24051IFA_5103,20241110,1
24051IFA_5112,20241110,1
24051IFA_5113,20241110,1
24051IFA_5101,20241117,1
24051IFA_5102,20241117,1
24051IFA_5103,20241117,1
24051IFA_5112,20241117,1
24051IFA_5113,20241117,1
24051IFA_5101,20241124,1
24051IFA_5102,20241124,1
24051IFA_5103,20241124,1
24051IFA_5112,20241124,1
24051IFA_5113,20241124,1
24051IFA_5101,20241201,1
24051IFA_5102,20241201,1
24051IFA_5103,20241201,1
24051IFA_5112,20241201,1
24051IFA_5113,20241201,1
24051IFA_5101,20241206,1
24051IFA_5102,20241206,1
24051IFA_5103,20241206,1
24051IFA_5112,20241206,1
24051IFA_5113,20241206,1
24051IFA_5101,20241208,1
24051IFA_5102,20241208,1
24051IFA_5103,20241208,1
24051IFA_5112,20241208,1
24051IFA_5113,20241208,1
24051IFA_5101,20241215,1
24051IFA_5102,20241215,1
24051IFA_5103,20241215,1
24051IFA_5112,20241215,1
24051IFA_5113,20241215,1
24051IFA_5101,20241222,1
24051IFA_5102,20241222,1
24051IFA_5103,20241222,1
24051IFA_5112,20241222,1
24051IFA_5113,20241222,1
24051IFA_5101,20241225,1
24051IFA_5102,20241225,1
24051IFA_5103,20241225,1
24051IFA_5112,20241225,1
24051IFA_5113,20241225,1
24051IFA_5101,20241229,1
24051IFA_5102,20241229,1
24051IFA_5103,20241229,1
24051IFA_5112,20241229,1
24051IFA_5113,20241229,1
24051IFA_5101,20250101,1
24051IFA_5102,20250101,1
24051IFA_5103,20250101,1
24051IFA_5112,20250101,1
24051IFA_5113,20250101,1
24051IFA_5101,20250105,1
24051IFA_5102,20250105,1
24051IFA_5103,20250105,1
24051IFA_5112,20250105,1
24051IFA_5113,20250105,1
24051IFA_5101,20250106,1
24051IFA_5102,20250106,1
24051IFA_5103,20250106,1
24051IFA_5112,20250106,1
24051IFA_5113,20250106,1
24051IFA_5101,20250112,1
24051IFA_5102,20250112,1
24051IFA_5103,20250112,1
24051IFA_5112,20250112,1
24051IFA_5113,20250112,1
24051IFA_5101,20250119,1
24051IFA_5102,20250119,1
24051IFA_5103,20250119,1
24051IFA_5112,20250119,1
24051IFA_5113,20250119,1
24051IFA_5101,20250126,1
24051IFA_5102,20250126,1
24051IFA_5103,20250126,1
24051IFA_5112,20250126,1
24051IFA_5113,20250126,1
24051IFA_5101,20250202,1
24051IFA_5102,20250202,1
24051IFA_5103,20250202,1
24051IFA_5112,20250202,1
24051IFA_5113,20250202,1
24051IFA_5101,20250209,1
24051IFA_5102,20250209,1
24051IFA_5103,20250209,1
24051IFA_5112,20250209,1
24051IFA_5113,20250209,1
24051IFA_5101,20250216,1
24051IFA_5102,20250216,1
24051IFA_5103,20250216,1
24051IFA_5112,20250216,1
24051IFA_5113,20250216,1
24051IFA_5101,20250223,1
24051IFA_5102,20250223,1
24051IFA_5103,20250223,1
24051IFA_5112,20250223,1
24051IFA_5113,20250223,1
24051IFA_5101,20250302,1
24051IFA_5102,20250302,1
24051IFA_5103,20250302,1
24051IFA_5112,20250302,1
24051IFA_5113,20250302,1
24051IFA_5101,20250309,1
24051IFA_5102,20250309,1
24051IFA_5103,20250309,1
24051IFA_5112,20250309,1
24051IFA_5113,20250309,1
24051IFA_5101,20250316,1
24051IFA_5102,20250316,1
24051IFA_5103,20250316,1
24051IFA_5112,20250316,1
24051IFA_5113,20250316,1
24051IFA_5101,20250323,1
24051IFA_5102,20250323,1
24051IFA_5103,20250323,1
24051IFA_5112,20250323,1
24051IFA_5113,20250323,1
24051IFA_5101,20250330,1
24051IFA_5102,20250330,1
24051IFA_5103,20250330,1
24051IFA_5112,20250330,1
24051IFA_5113,20250330,1
24051IFA_5101,20250406,1
24051IFA_5102,20250406,1
24051IFA_5103,20250406,1
24051IFA_5112,20250406,1
24051IFA_5113,20250406,1
24051IFA_5101,20250413,1
24051IFA_5102,20250413,1
24051IFA_5103,20250413,1
24051IFA_5112,20250413,1
24051IFA_5113,20250413,1
24051IFA_5101,20250417,1
24051IFA_5102,20250417,1
24051IFA_5103,20250417,1
24051IFA_5112,20250417,1
24051IFA_5113,20250417,1
24051IFA_5101,20250418,1
24051IFA_5102,20250418,1
24051IFA_5103,20250418,1
24051IFA_5112,20250418,1
24051IFA_5113,20250418,1
24051IFA_5101,20250420,1
24051IFA_5102,20250420,1
24051IFA_5103,20250420,1
24051IFA_5112,20250420,1
24051IFA_5113,20250420,1
24051IFA_5101,20250427,1
24051IFA_5102,20250427,1
24051IFA_5103,20250427,1
24051IFA_5112,20250427,1
24051IFA_5113,20250427,1
24051IFA_5101,20250501,1
24051IFA_5102,20250501,1
24051IFA_5103,20250501,1
24051IFA_5112,20250501,1
24051IFA_5113,20250501,1
24051IFA_5101,20250504,1
24051IFA_5102,20250504,1
24051IFA_5103,20250504,1
24051IFA_5112,20250504,1
24051IFA_5113,20250504,1
24051IFA_5101,20250511,1
24051IFA_5102,20250511,1
24051IFA_5103,20250511,1
24051IFA_5112,20250511,1
24051IFA_5113,20250511,1
24051IFA_5101,20250518,1
24051IFA_5102,20250518,1
24051IFA_5103,20250518,1
24051IFA_5112,20250518,1
24051IFA_5113,20250518,1
24051IFA_5101,20250525,1
24051IFA_5102,20250525,1
24051IFA_5103,20250525,1
24051IFA_5112,20250525,1
24051IFA_5113,20250525,1
24051IFA_5101,20250601,1
24051IFA_5102,20250601,1
24051IFA_5103,20250601,1
24051IFA_5112,20250601,1
24051IFA_5113,20250601,1
24051IFA_5101,20250608,1
24051IFA_5102,20250608,1
24051IFA_5103,20250608,1
24051IFA_5112,20250608,1
24051IFA_5113,20250608,1
24051IFA_5101,20250609,1
24051IFA_5102,20250609,1
24051IFA_5103,20250609,1
24051IFA_5112,20250609,1
24051IFA_5113,20250609,1
24051IFA_5101,20250615,1
24051IFA_5102,20250615,1
24051IFA_5103,20250615,1
24051IFA_5112,20250615,1
24051IFA_5113,20250615,1
24051IFA_5101,20250622,1
24051IFA_5102,20250622,1
24051IFA_5103,20250622,1
24051IFA_5112,20250622,1
24051IFA_5113,20250622,1
24051IFA_5101,20250629,1
24051IFA_5102,20250629,1
24051IFA_5103,20250629,1
24051IFA_5112,20250629,1
24051IFA_5113,20250629,1
24051ILA_5101,20240903,1
24051ILA_5102,20240903,1
24051ILA_5103,20240903,1
24051ILA_5104,20240903,1
24051ILA_5114,20240903,1
24051ILA_5101,20240904,1
24051ILA_5102,20240904,1
24051ILA_5103,20240904,1
24051ILA_5104,20240904,1
24051ILA_5114,20240904,1
24051ILA_5101,20240905,1
24051ILA_5102,20240905,1
24051ILA_5103,20240905,1
24051ILA_5104,20240905,1
24051ILA_5114,20240905,1
24051ILA_5101,20240906,1
24051ILA_5102,20240906,1
24051ILA_5103,20240906,1
24051ILA_5104,20240906,1
24051ILA_5114,20240906,1
24051ILA_5101,20240909,1
24051ILA_5102,20240909,1
24051ILA_5103,20240909,1
24051ILA_5104,20240909,1
24051ILA_5114,20240909,1
24051ILA_5101,20240910,1
24051ILA_5102,20240910,1
24051ILA_5103,20240910,1
24051ILA_5104,20240910,1
24051ILA_5114,20240910,1
24051ILA_5101,20240911,1
24051ILA_5102,20240911,1
24051ILA_5103,20240911,1
24051ILA_5104,20240911,1
24051ILA_5114,20240911,1
24051ILA_5101,20240912,1
24051ILA_5102,20240912,1
24051ILA_5103,20240912,1
24051ILA_5104,20240912,1
24051ILA_5114,20240912,1
24051ILA_5101,20240913,1
24051ILA_5102,20240913,1
24051ILA_5103,20240913,1
24051ILA_5104,20240913,1
24051ILA_5114,20240913,1
24051ILA_5101,20240916,1
24051ILA_5102,20240916,1
24051ILA_5103,20240916,1
24051ILA_5104,20240916,1
24051ILA_5114,20240916,1
24051ILA_5101,20240917,1
24051ILA_5102,20240917,1
24051ILA_5103,20240917,1
24051ILA_5104,20240917,1
24051ILA_5114,20240917,1
24051ILA_5101,20240918,1
24051ILA_5102,20240918,1
24051ILA_5103,20240918,1
24051ILA_5104,20240918,1
24051ILA_5114,20240918,1
24051ILA_5101,20240919,1
24051ILA_5102,20240919,1
24051ILA_5103,20240919,1
24051ILA_5104,20240919,1
24051ILA_5114,20240919,1
24051ILA_5101,20240920,1
24051ILA_5102,20240920,1
24051ILA_5103,20240920,1
24051ILA_5104,20240920,1
24051ILA_5114,20240920,1
24051ILA_5101,20240923,1
24051ILA_5102,20240923,1
24051ILA_5103,20240923,1
24051ILA_5104,20240923,1
24051ILA_5114,20240923,1
24051ILA_5101,20240924,1
24051ILA_5102,20240924,1
24051ILA_5103,20240924,1
24051ILA_5104,20240924,1
24051ILA_5114,20240924,1
24051ILA_5101,20240925,1
24051ILA_5102,20240925,1
24051ILA_5103,20240925,1
24051ILA_5104,20240925,1
24051ILA_5114,20240925,1
24051ILA_5101,20240926,1
24051ILA_5102,20240926,1
24051ILA_5103,20240926,1
24051ILA_5104,20240926,1
24051ILA_5114,20240926,1
24051ILA_5101,20240927,1
24051ILA_5102,20240927,1
24051ILA_5103,20240927,1
24051ILA_5104,20240927,1
24051ILA_5114,20240927,1
24051ILA_5101,20240930,1
24051ILA_5102,20240930,1
24051ILA_5103,20240930,1
24051ILA_5104,20240930,1
24051ILA_5114,20240930,1
24051ILA_5101,20241001,1
24051ILA_5102,20241001,1
24051ILA_5103,20241001,1
24051ILA_5104,20241001,1
24051ILA_5114,20241001,1
24051ILA_5101,20241002,1
24051ILA_5102,20241002,1
24051ILA_5103,20241002,1
24051ILA_5104,20241002,1
24051ILA_5114,20241002,1
24051ILA_5101,20241003,1
24051ILA_5102,20241003,1
24051ILA_5103,20241003,1
24051ILA_5104,20241003,1
24051ILA_5114,20241003,1
24051ILA_5101,20241004,1
24051ILA_5102,20241004,1
24051ILA_5103,20241004,1
24051ILA_5104,20241004,1
24051ILA_5114,20241004,1
24051ILA_5101,20241007,1
24051ILA_5102,20241007,1
24051ILA_5103,20241007,1
24051ILA_5104,20241007,1
24051ILA_5114,20241007,1
24051ILA_5101,20241008,1
24051ILA_5102,20241008,1
24051ILA_5103,20241008,1
24051ILA_5104,20241008,1
24051ILA_5114,20241008,1
24051ILA_5101,20241009,1
24051ILA_5102,20241009,1
24051ILA_5103,20241009,1
24051ILA_5104,20241009,1
24051ILA_5114,20241009,1
24051ILA_5101,20241010,1
24051ILA_5102,20241010,1
24051ILA_5103,20241010,1
24051ILA_5104,20241010,1
24051ILA_5114,20241010,1
24051ILA_5101,20241011,1
24051ILA_5102,20241011,1
24051ILA_5103,20241011,1
24051ILA_5104,20241011,1
24051ILA_5114,20241011,1
24051ILA_5101,20241014,1
24051ILA_5102,20241014,1
24051ILA_5103,20241014,1
24051ILA_5104,20241014,1
24051ILA_5114,20241014,1
24051ILA_5101,20241015,1
24051ILA_5102,20241015,1
24051ILA_5103,20241015,1
24051ILA_5104,20241015,1
24051ILA_5114,20241015,1
24051ILA_5101,20241016,1
24051ILA_5102,20241016,1
24051ILA_5103,20241016,1
24051ILA_5104,20241016,1
24051ILA_5114,20241016,1
24051ILA_5101,20241017,1
24051ILA_5102,20241017,1
24051ILA_5103,20241017,1
24051ILA_5104,20241017,1
24051ILA_5114,20241017,1
24051ILA_5101,20241018,1
24051ILA_5102,20241018,1
24051ILA_5103,20241018,1
24051ILA_5104,20241018,1
24051ILA_5114,20241018,1
24051ILA_5101,20241021,1
24051ILA_5102,20241021,1
24051ILA_5103,20241021,1
24051ILA_5104,20241021,1
24051ILA_5114,20241021,1
24051ILA_5101,20241022,1
24051ILA_5102,20241022,1
24051ILA_5103,20241022,1
24051ILA_5104,20241022,1
24051ILA_5114,20241022,1
24051ILA_5101,20241023,1
24051ILA_5102,20241023,1
24051ILA_5103,20241023,1
24051ILA_5104,20241023,1
24051ILA_5114,20241023,1
24051ILA_5101,20241024,1
24051ILA_5102,20241024,1
24051ILA_5103,20241024,1
24051ILA_5104,20241024,1
24051ILA_5114,20241024,1
24051ILA_5101,20241025,1
24051ILA_5102,20241025,1
24051ILA_5103,20241025,1
24051ILA_5104,20241025,1
24051ILA_5114,20241025,1
24051ILA_5101,20241028,1
24051ILA_5102,20241028,1
24051ILA_5103,20241028,1
24051ILA_5104,20241028,1
24051ILA_5114,20241028,1
24051ILA_5101,20241029,1
24051ILA_5102,20241029,1
24051ILA_5103,20241029,1
24051ILA_5104,20241029,1
24051ILA_5114,20241029,1
24051ILA_5101,20241030,1
24051ILA_5102,20241030,1
24051ILA_5103,20241030,1
24051ILA_5104,20241030,1
24051ILA_5114,20241030,1
24051ILA_5101,20241031,1
24051ILA_5102,20241031,1
24051ILA_5103,20241031,1
24051ILA_5104,20241031,1
24051ILA_5114,20241031,1
24051ILA_5101,20241104,1
24051ILA_5102,20241104,1
24051ILA_5103,20241104,1
24051ILA_5104,20241104,1
24051ILA_5114,20241104,1
24051ILA_5101,20241105,1
24051ILA_5102,20241105,1
24051ILA_5103,20241105,1
24051ILA_5104,20241105,1
24051ILA_5114,20241105,1
24051ILA_5101,20241106,1
24051ILA_5102,20241106,1
24051ILA_5103,20241106,1
24051ILA_5104,20241106,1
24051ILA_5114,20241106,1
24051ILA_5101,20241107,1
24051ILA_5102,20241107,1
24051ILA_5103,20241107,1
24051ILA_5104,20241107,1
24051ILA_5114,20241107,1
24051ILA_5101,20241108,1
24051ILA_5102,20241108,1
24051ILA_5103,20241108,1
24051ILA_5104,20241108,1
24051ILA_5114,20241108,1
24051ILA_5101,20241111,1
24051ILA_5102,20241111,1
24051ILA_5103,20241111,1
24051ILA_5104,20241111,1
24051ILA_5114,20241111,1
24051ILA_5101,20241112,1
24051ILA_5102,20241112,1
24051ILA_5103,20241112,1
24051ILA_5104,20241112,1
24051ILA_5114,20241112,1
24051ILA_5101,20241113,1
24051ILA_5102,20241113,1
24051ILA_5103,20241113,1
24051ILA_5104,20241113,1
24051ILA_5114,20241113,1
24051ILA_5101,20241114,1
24051ILA_5102,20241114,1
24051ILA_5103,20241114,1
24051ILA_5104,20241114,1
24051ILA_5114,20241114,1
24051ILA_5101,20241115,1
24051ILA_5102,20241115,1
24051ILA_5103,20241115,1
24051ILA_5104,20241115,1
24051ILA_5114,20241115,1
24051ILA_5101,20241118,1
24051ILA_5102,20241118,1
24051ILA_5103,20241118,1
24051ILA_5104,20241118,1
24051ILA_5114,20241118,1
24051ILA_5101,20241119,1
24051ILA_5102,20241119,1
24051ILA_5103,20241119,1
24051ILA_5104,20241119,1
24051ILA_5114,20241119,1
24051ILA_5101,20241120,1
24051ILA_5102,20241120,1
24051ILA_5103,20241120,1
24051ILA_5104,20241120,1
24051ILA_5114,20241120,1
24051ILA_5101,20241121,1
24051ILA_5102,20241121,1
24051ILA_5103,20241121,1
24051ILA_5104,20241121,1
24051ILA_5114,20241121,1
24051ILA_5101,20241122,1
24051ILA_5102,20241122,1
24051ILA_5103,20241122,1
24051ILA_5104,20241122,1
24051ILA_5114,20241122,1
24051ILA_5101,20241125,1
24051ILA_5102,20241125,1
24051ILA_5103,20241125,1
24051ILA_5104,20241125,1
24051ILA_5114,20241125,1
24051ILA_5101,20241126,1
24051ILA_5102,20241126,1
24051ILA_5103,20241126,1
24051ILA_5104,20241126,1
24051ILA_5114,20241126,1
24051ILA_5101,20241127,1
24051ILA_5102,20241127,1
24051ILA_5103,20241127,1
24051ILA_5104,20241127,1
24051ILA_5114,20241127,1
24051ILA_5101,20241128,1
24051ILA_5102,20241128,1
24051ILA_5103,20241128,1
24051ILA_5104,20241128,1
24051ILA_5114,20241128,1
24051ILA_5101,20241129,1
24051ILA_5102,20241129,1
24051ILA_5103,20241129,1
24051ILA_5104,20241129,1
24051ILA_5114,20241129,1
24051ILA_5101,20241202,1
24051ILA_5102,20241202,1
24051ILA_5103,20241202,1
24051ILA_5104,20241202,1
24051ILA_5114,20241202,1
24051ILA_5101,20241203,1
24051ILA_5102,20241203,1
24051ILA_5103,20241203,1
24051ILA_5104,20241203,1
24051ILA_5114,20241203,1
24051ILA_5101,20241204,1
24051ILA_5102,20241204,1
24051ILA_5103,20241204,1
24051ILA_5104,20241204,1
24051ILA_5114,20241204,1
24051ILA_5101,20241205,1
24051ILA_5102,20241205,1
24051ILA_5103,20241205,1
24051ILA_5104,20241205,1
24051ILA_5114,20241205,1
24051ILA_5101,20241209,1
24051ILA_5102,20241209,1
24051ILA_5103,20241209,1
24051ILA_5104,20241209,1
24051ILA_5114,20241209,1
24051ILA_5101,20241210,1
24051ILA_5102,20241210,1
24051ILA_5103,20241210,1
24051ILA_5104,20241210,1
24051ILA_5114,20241210,1
24051ILA_5101,20241211,1
24051ILA_5102,20241211,1
24051ILA_5103,20241211,1
24051ILA_5104,20241211,1
24051ILA_5114,20241211,1
24051ILA_5101,20241212,1
24051ILA_5102,20241212,1
24051ILA_5103,20241212,1
24051ILA_5104,20241212,1
24051ILA_5114,20241212,1
24051ILA_5101,20241213,1
24051ILA_5102,20241213,1
24051ILA_5103,20241213,1
24051ILA_5104,20241213,1
24051ILA_5114,20241213,1
24051ILA_5101,20241216,1
24051ILA_5102,20241216,1
24051ILA_5103,20241216,1
24051ILA_5104,20241216,1
24051ILA_5114,20241216,1
24051ILA_5101,20241217,1
24051ILA_5102,20241217,1
24051ILA_5103,20241217,1
24051ILA_5104,20241217,1
24051ILA_5114,20241217,1
24051ILA_5101,20241218,1
24051ILA_5102,20241218,1
24051ILA_5103,20241218,1
24051ILA_5104,20241218,1
24051ILA_5114,20241218,1
24051ILA_5101,20241219,1
24051ILA_5102,20241219,1
24051ILA_5103,20241219,1
24051ILA_5104,20241219,1
24051ILA_5114,20241219,1
24051ILA_5101,20241220,1
24051ILA_5102,20241220,1
24051ILA_5103,20241220,1
24051ILA_5104,20241220,1
24051ILA_5114,20241220,1
24051ILA_5101,20241223,1
24051ILA_5102,20241223,1
24051ILA_5103,20241223,1
24051ILA_5104,20241223,1
24051ILA_5114,20241223,1
24051ILA_5101,20241224,1
24051ILA_5102,20241224,1
24051ILA_5103,20241224,1
24051ILA_5104,20241224,1
24051ILA_5114,20241224,1
24051ILA_5101,20241226,1
24051ILA_5102,20241226,1
24051ILA_5103,20241226,1
24051ILA_5104,20241226,1
24051ILA_5114,20241226,1
24051ILA_5101,20241227,1
24051ILA_5102,20241227,1
24051ILA_5103,20241227,1
24051ILA_5104,20241227,1
24051ILA_5114,20241227,1
24051ILA_5101,20241230,1
24051ILA_5102,20241230,1
24051ILA_5103,20241230,1
24051ILA_5104,20241230,1
24051ILA_5114,20241230,1
24051ILA_5101,20241231,1
24051ILA_5102,20241231,1
24051ILA_5103,20241231,1
24051ILA_5104,20241231,1
24051ILA_5114,20241231,1
24051ILA_5101,20250102,1
24051ILA_5102,20250102,1
24051ILA_5103,20250102,1
24051ILA_5104,20250102,1
24051ILA_5114,20250102,1
24051ILA_5101,20250103,1
24051ILA_5102,20250103,1
24051ILA_5103,20250103,1
24051ILA_5104,20250103,1
24051ILA_5114,20250103,1
24051ILA_5101,20250107,1
24051ILA_5102,20250107,1
24051ILA_5103,20250107,1
24051ILA_5104,20250107,1
24051ILA_5114,20250107,1
24051ILA_5101,20250108,1
24051ILA_5102,20250108,1
24051ILA_5103,20250108,1
24051ILA_5104,20250108,1
24051ILA_5114,20250108,1
24051ILA_5101,20250109,1
24051ILA_5102,20250109,1
24051ILA_5103,20250109,1
24051ILA_5104,20250109,1
24051ILA_5114,20250109,1
24051ILA_5101,20250110,1
24051ILA_5102,20250110,1
24051ILA_5103,20250110,1
24051ILA_5104,20250110,1
24051ILA_5114,20250110,1
24051ILA_5101,20250113,1
24051ILA_5102,20250113,1
24051ILA_5103,20250113,1
24051ILA_5104,20250113,1
24051ILA_5114,20250113,1
24051ILA_5101,20250114,1
24051ILA_5102,20250114,1
24051ILA_5103,20250114,1
24051ILA_5104,20250114,1
24051ILA_5114,20250114,1
24051ILA_5101,20250115,1
24051ILA_5102,20250115,1
24051ILA_5103,20250115,1
24051ILA_5104,20250115,1
24051ILA_5114,20250115,1
24051ILA_5101,20250116,1
24051ILA_5102,20250116,1
24051ILA_5103,20250116,1
24051ILA_5104,20250116,1
24051ILA_5114,20250116,1
24051ILA_5101,20250117,1
24051ILA_5102,20250117,1
24051ILA_5103,20250117,1
24051ILA_5104,20250117,1
24051ILA_5114,20250117,1
24051ILA_5101,20250120,1
24051ILA_5102,20250120,1
24051ILA_5103,20250120,1
24051ILA_5104,20250120,1
24051ILA_5114,20250120,1
24051ILA_5101,20250121,1
24051ILA_5102,20250121,1
24051ILA_5103,20250121,1
24051ILA_5104,20250121,1
24051ILA_5114,20250121,1
24051ILA_5101,20250122,1
24051ILA_5102,20250122,1
24051ILA_5103,20250122,1
24051ILA_5104,20250122,1
24051ILA_5114,20250122,1
24051ILA_5101,20250123,1
24051ILA_5102,20250123,1
24051ILA_5103,20250123,1
24051ILA_5104,20250123,1
24051ILA_5114,20250123,1
24051ILA_5101,20250124,1
24051ILA_5102,20250124,1
24051ILA_5103,20250124,1
24051ILA_5104,20250124,1
24051ILA_5114,20250124,1
24051ILA_5101,20250127,1
24051ILA_5102,20250127,1
24051ILA_5103,20250127,1
24051ILA_5104,20250127,1
24051ILA_5114,20250127,1
24051ILA_5101,20250128,1
24051ILA_5102,20250128,1
24051ILA_5103,20250128,1
24051ILA_5104,20250128,1
24051ILA_5114,20250128,1
24051ILA_5101,20250129,1
24051ILA_5102,20250129,1
24051ILA_5103,20250129,1
24051ILA_5104,20250129,1
24051ILA_5114,20250129,1
24051ILA_5101,20250130,1
24051ILA_5102,20250130,1
24051ILA_5103,20250130,1
24051ILA_5104,20250130,1
24051ILA_5114,20250130,1
24051ILA_5101,20250131,1
24051ILA_5102,20250131,1
24051ILA_5103,20250131,1
24051ILA_5104,20250131,1
24051ILA_5114,20250131,1
24051ILA_5101,20250203,1
24051ILA_5102,20250203,1
24051ILA_5103,20250203,1
24051ILA_5104,20250203,1
24051ILA_5114,20250203,1
24051ILA_5101,20250204,1
24051ILA_5102,20250204,1
24051ILA_5103,20250204,1
24051ILA_5104,20250204,1
24051ILA_5114,20250204,1
24051ILA_5101,20250205,1
24051ILA_5102,20250205,1
24051ILA_5103,20250205,1
24051ILA_5104,20250205,1
24051ILA_5114,20250205,1
24051ILA_5101,20250206,1
24051ILA_5102,20250206,1
24051ILA_5103,20250206,1
24051ILA_5104,20250206,1
24051ILA_5114,20250206,1
24051ILA_5101,20250207,1
24051ILA_5102,20250207,1
24051ILA_5103,20250207,1
24051ILA_5104,20250207,1
24051ILA_5114,20250207,1
24051ILA_5101,20250210,1
24051ILA_5102,20250210,1
24051ILA_5103,20250210,1
24051ILA_5104,20250210,1
24051ILA_5114,20250210,1
24051ILA_5101,20250211,1
24051ILA_5102,20250211,1
24051ILA_5103,20250211,1
24051ILA_5104,20250211,1
24051ILA_5114,20250211,1
24051ILA_5101,20250212,1
24051ILA_5102,20250212,1
24051ILA_5103,20250212,1
24051ILA_5104,20250212,1
24051ILA_5114,20250212,1
24051ILA_5101,20250213,1
24051ILA_5102,20250213,1
24051ILA_5103,20250213,1
24051ILA_5104,20250213,1
24051ILA_5114,20250213,1
24051ILA_5101,20250214,1
24051ILA_5102,20250214,1
24051ILA_5103,20250214,1
24051ILA_5104,20250214,1
24051ILA_5114,20250214,1
24051ILA_5101,20250217,1
24051ILA_5102,20250217,1
24051ILA_5103,20250217,1
24051ILA_5104,20250217,1
24051ILA_5114,20250217,1
24051ILA_5101,20250218,1
24051ILA_5102,20250218,1
24051ILA_5103,20250218,1
24051ILA_5104,20250218,1
24051ILA_5114,20250218,1
24051ILA_5101,20250219,1
24051ILA_5102,20250219,1
24051ILA_5103,20250219,1
24051ILA_5104,20250219,1
24051ILA_5114,20250219,1
24051ILA_5101,20250220,1
24051ILA_5102,20250220,1
24051ILA_5103,20250220,1
24051ILA_5104,20250220,1
24051ILA_5114,20250220,1
24051ILA_5101,20250221,1
24051ILA_5102,20250221,1
24051ILA_5103,20250221,1
24051ILA_5104,20250221,1
24051ILA_5114,20250221,1
24051ILA_5101,20250224,1
24051ILA_5102,20250224,1
24051ILA_5103,20250224,1
24051ILA_5104,20250224,1
24051ILA_5114,20250224,1
24051ILA_5101,20250225,1
24051ILA_5102,20250225,1
24051ILA_5103,20250225,1
24051ILA_5104,20250225,1
24051ILA_5114,20250225,1
24051ILA_5101,20250226,1
24051ILA_5102,20250226,1
24051ILA_5103,20250226,1
24051ILA_5104,20250226,1
24051ILA_5114,20250226,1
24051ILA_5101,20250227,1
24051ILA_5102,20250227,1
24051ILA_5103,20250227,1
24051ILA_5104,20250227,1
24051ILA_5114,20250227,1
24051ILA_5101,20250228,1
24051ILA_5102,20250228,1
24051ILA_5103,20250228,1
24051ILA_5104,20250228,1
24051ILA_5114,20250228,1
24051ILA_5101,20250303,1
24051ILA_5102,20250303,1
24051ILA_5103,20250303,1
24051ILA_5104,20250303,1
24051ILA_5114,20250303,1
24051ILA_5101,20250304,1
24051ILA_5102,20250304,1
24051ILA_5103,20250304,1
24051ILA_5104,20250304,1
24051ILA_5114,20250304,1
24051ILA_5101,20250305,1
24051ILA_5102,20250305,1
24051ILA_5103,20250305,1
24051ILA_5104,20250305,1
24051ILA_5114,20250305,1
24051ILA_5101,20250306,1
24051ILA_5102,20250306,1
24051ILA_5103,20250306,1
24051ILA_5104,20250306,1
24051ILA_5114,20250306,1
24051ILA_5101,20250307,1
24051ILA_5102,20250307,1
24051ILA_5103,20250307,1
24051ILA_5104,20250307,1
24051ILA_5114,20250307,1
24051ILA_5101,20250310,1
24051ILA_5102,20250310,1
24051ILA_5103,20250310,1
24051ILA_5104,20250310,1
24051ILA_5114,20250310,1
24051ILA_5101,20250311,1
24051ILA_5102,20250311,1
24051ILA_5103,20250311,1
24051ILA_5104,20250311,1
24051ILA_5114,20250311,1
24051ILA_5101,20250312,1
24051ILA_5102,20250312,1
24051ILA_5103,20250312,1
24051ILA_5104,20250312,1
24051ILA_5114,20250312,1
24051ILA_5101,20250313,1
24051ILA_5102,20250313,1
24051ILA_5103,20250313,1
24051ILA_5104,20250313,1
24051ILA_5114,20250313,1
24051ILA_5101,20250314,1
24051ILA_5102,20250314,1
24051ILA_5103,20250314,1
24051ILA_5104,20250314,1
24051ILA_5114,20250314,1
24051ILA_5101,20250317,1
24051ILA_5102,20250317,1
24051ILA_5103,20250317,1
24051ILA_5104,20250317,1
24051ILA_5114,20250317,1
24051ILA_5101,20250318,1
24051ILA_5102,20250318,1
24051ILA_5103,20250318,1
24051ILA_5104,20250318,1
24051ILA_5114,20250318,1
24051ILA_5101,20250319,1
24051ILA_5102,20250319,1
24051ILA_5103,20250319,1
24051ILA_5104,20250319,1
24051ILA_5114,20250319,1
24051ILA_5101,20250320,1
24051ILA_5102,20250320,1
24051ILA_5103,20250320,1
24051ILA_5104,20250320,1
24051ILA_5114,20250320,1
24051ILA_5101,20250321,1
24051ILA_5102,20250321,1
24051ILA_5103,20250321,1
24051ILA_5104,20250321,1
24051ILA_5114,20250321,1
24051ILA_5101,20250324,1
24051ILA_5102,20250324,1
24051ILA_5103,20250324,1
24051ILA_5104,20250324,1
24051ILA_5114,20250324,1
24051ILA_5101,20250325,1
24051ILA_5102,20250325,1
24051ILA_5103,20250325,1
24051ILA_5104,20250325,1
24051ILA_5114,20250325,1
24051ILA_5101,20250326,1
24051ILA_5102,20250326,1
24051ILA_5103,20250326,1
24051ILA_5104,20250326,1
24051ILA_5114,20250326,1
24051ILA_5101,20250327,1
24051ILA_5102,20250327,1
24051ILA_5103,20250327,1
24051ILA_5104,20250327,1
24051ILA_5114,20250327,1
24051ILA_5101,20250328,1
24051ILA_5102,20250328,1
24051ILA_5103,20250328,1
24051ILA_5104,20250328,1
24051ILA_5114,20250328,1
24051ILA_5101,20250331,1
24051ILA_5102,20250331,1
24051ILA_5103,20250331,1
24051ILA_5104,20250331,1
24051ILA_5114,20250331,1
24051ILA_5101,20250401,1
24051ILA_5102,20250401,1
24051ILA_5103,20250401,1
24051ILA_5104,20250401,1
24051ILA_5114,20250401,1
24051ILA_5101,20250402,1
24051ILA_5102,20250402,1
24051ILA_5103,20250402,1
24051ILA_5104,20250402,1
24051ILA_5114,20250402,1
24051ILA_5101,20250403,1
24051ILA_5102,20250403,1
24051ILA_5103,20250403,1
24051ILA_5104,20250403,1
24051ILA_5114,20250403,1
24051ILA_5101,20250404,1
24051ILA_5102,20250404,1
24051ILA_5103,20250404,1
24051ILA_5104,20250404,1
24051ILA_5114,20250404,1
24051ILA_5101,20250407,1
24051ILA_5102,20250407,1
24051ILA_5103,20250407,1
24051ILA_5104,20250407,1
24051ILA_5114,20250407,1
24051ILA_5101,20250408,1
24051ILA_5102,20250408,1
24051ILA_5103,20250408,1
24051ILA_5104,20250408,1
24051ILA_5114,20250408,1
24051ILA_5101,20250409,1
24051ILA_5102,20250409,1
24051ILA_5103,20250409,1
24051ILA_5104,20250409,1
24051ILA_5114,20250409,1
24051ILA_5101,20250410,1
24051ILA_5102,20250410,1
24051ILA_5103,20250410,1
24051ILA_5104,20250410,1
24051ILA_5114,20250410,1
24051ILA_5101,20250411,1
24051ILA_5102,20250411,1
24051ILA_5103,20250411,1
24051ILA_5104,20250411,1
24051ILA_5114,20250411,1
24051ILA_5101,20250414,1
24051ILA_5102,20250414,1
24051ILA_5103,20250414,1
24051ILA_5104,20250414,1
24051ILA_5114,20250414,1
24051ILA_5101,20250415,1
24051ILA_5102,20250415,1
24051ILA_5103,20250415,1
24051ILA_5104,20250415,1
24051ILA_5114,20250415,1
24051ILA_5101,20250416,1
24051ILA_5102,20250416,1
24051ILA_5103,20250416,1
24051ILA_5104,20250416,1
24051ILA_5114,20250416,1
24051ILA_5101,20250421,1
24051ILA_5102,20250421,1
24051ILA_5103,20250421,1
24051ILA_5104,20250421,1
24051ILA_5114,20250421,1
24051ILA_5101,20250422,1
24051ILA_5102,20250422,1
24051ILA_5103,20250422,1
24051ILA_5104,20250422,1
24051ILA_5114,20250422,1
24051ILA_5101,20250423,1
24051ILA_5102,20250423,1
24051ILA_5103,20250423,1
24051ILA_5104,20250423,1
24051ILA_5114,20250423,1
24051ILA_5101,20250424,1
24051ILA_5102,20250424,1
24051ILA_5103,20250424,1
24051ILA_5104,20250424,1
24051ILA_5114,20250424,1
24051ILA_5101,20250425,1
24051ILA_5102,20250425,1
24051ILA_5103,20250425,1
24051ILA_5104,20250425,1
24051ILA_5114,20250425,1
24051ILA_5101,20250428,1
24051ILA_5102,20250428,1
24051ILA_5103,20250428,1
24051ILA_5104,20250428,1
24051ILA_5114,20250428,1
24051ILA_5101,20250429,1
24051ILA_5102,20250429,1
24051ILA_5103,20250429,1
24051ILA_5104,20250429,1
24051ILA_5114,20250429,1
24051ILA_5101,20250430,1
24051ILA_5102,20250430,1
24051ILA_5103,20250430,1
24051ILA_5104,20250430,1
24051ILA_5114,20250430,1
24051ILA_5101,20250502,1
24051ILA_5102,20250502,1
24051ILA_5103,20250502,1
24051ILA_5104,20250502,1
24051ILA_5114,20250502,1
24051ILA_5101,20250505,1
24051ILA_5102,20250505,1
24051ILA_5103,20250505,1
24051ILA_5104,20250505,1
24051ILA_5114,20250505,1
24051ILA_5101,20250506,1
24051ILA_5102,20250506,1
24051ILA_5103,20250506,1
24051ILA_5104,20250506,1
24051ILA_5114,20250506,1
24051ILA_5101,20250507,1
24051ILA_5102,20250507,1
24051ILA_5103,20250507,1
24051ILA_5104,20250507,1
24051ILA_5114,20250507,1
24051ILA_5101,20250508,1
24051ILA_5102,20250508,1
24051ILA_5103,20250508,1
24051ILA_5104,20250508,1
24051ILA_5114,20250508,1
24051ILA_5101,20250509,1
24051ILA_5102,20250509,1
24051ILA_5103,20250509,1
24051ILA_5104,20250509,1
24051ILA_5114,20250509,1
24051ILA_5101,20250512,1
24051ILA_5102,20250512,1
24051ILA_5103,20250512,1
24051ILA_5104,20250512,1
24051ILA_5114,20250512,1
24051ILA_5101,20250513,1
24051ILA_5102,20250513,1
24051ILA_5103,20250513,1
24051ILA_5104,20250513,1
24051ILA_5114,20250513,1
24051ILA_5101,20250514,1
24051ILA_5102,20250514,1
24051ILA_5103,20250514,1
24051ILA_5104,20250514,1
24051ILA_5114,20250514,1
24051ILA_5101,20250515,1
24051ILA_5102,20250515,1
24051ILA_5103,20250515,1
24051ILA_5104,20250515,1
24051ILA_5114,20250515,1
24051ILA_5101,20250516,1
24051ILA_5102,20250516,1
24051ILA_5103,20250516,1
24051ILA_5104,20250516,1
24051ILA_5114,20250516,1
24051ILA_5101,20250519,1
24051ILA_5102,20250519,1
24051ILA_5103,20250519,1
24051ILA_5104,20250519,1
24051ILA_5114,20250519,1
24051ILA_5101,20250520,1
24051ILA_5102,20250520,1
24051ILA_5103,20250520,1
24051ILA_5104,20250520,1
24051ILA_5114,20250520,1
24051ILA_5101,20250521,1
24051ILA_5102,20250521,1
24051ILA_5103,20250521,1
24051ILA_5104,20250521,1
24051ILA_5114,20250521,1
24051ILA_5101,20250522,1
24051ILA_5102,20250522,1
24051ILA_5103,20250522,1
24051ILA_5104,20250522,1
24051ILA_5114,20250522,1
24051ILA_5101,20250523,1
24051ILA_5102,20250523,1
24051ILA_5103,20250523,1
24051ILA_5104,20250523,1
24051ILA_5114,20250523,1
24051ILA_5101,20250526,1
24051ILA_5102,20250526,1
24051ILA_5103,20250526,1
24051ILA_5104,20250526,1
24051ILA_5114,20250526,1
24051ILA_5101,20250527,1
24051ILA_5102,20250527,1
24051ILA_5103,20250527,1
24051ILA_5104,20250527,1
24051ILA_5114,20250527,1
24051ILA_5101,20250528,1
24051ILA_5102,20250528,1
24051ILA_5103,20250528,1
24051ILA_5104,20250528,1
24051ILA_5114,20250528,1
24051ILA_5101,20250529,1
24051ILA_5102,20250529,1
24051ILA_5103,20250529,1
24051ILA_5104,20250529,1
24051ILA_5114,20250529,1
24051ILA_5101,20250530,1
24051ILA_5102,20250530,1
24051ILA_5103,20250530,1
24051ILA_5104,20250530,1
24051ILA_5114,20250530,1
24051ILA_5101,20250602,1
24051ILA_5102,20250602,1
24051ILA_5103,20250602,1
24051ILA_5104,20250602,1
24051ILA_5114,20250602,1
24051ILA_5101,20250603,1
24051ILA_5102,20250603,1
24051ILA_5103,20250603,1
24051ILA_5104,20250603,1
24051ILA_5114,20250603,1
24051ILA_5101,20250604,1
24051ILA_5102,20250604,1
24051ILA_5103,20250604,1
24051ILA_5104,20250604,1
24051ILA_5114,20250604,1
24051ILA_5101,20250605,1
24051ILA_5102,20250605,1
24051ILA_5103,20250605,1
24051ILA_5104,20250605,1
24051ILA_5114,20250605,1
24051ILA_5101,20250606,1
24051ILA_5102,20250606,1
24051ILA_5103,20250606,1
24051ILA_5104,20250606,1
24051ILA_5114,20250606,1
24051ILA_5101,20250610,1
24051ILA_5102,20250610,1
24051ILA_5103,20250610,1
24051ILA_5104,20250610,1
24051ILA_5114,20250610,1
24051ILA_5101,20250611,1
24051ILA_5102,20250611,1
24051ILA_5103,20250611,1
24051ILA_5104,20250611,1
24051ILA_5114,20250611,1
24051ILA_5101,20250612,1
24051ILA_5102,20250612,1
24051ILA_5103,20250612,1
24051ILA_5104,20250612,1
24051ILA_5114,20250612,1
24051ILA_5101,20250613,1
24051ILA_5102,20250613,1
24051ILA_5103,20250613,1
24051ILA_5104,20250613,1
24051ILA_5114,20250613,1
24051ILA_5101,20250616,1
24051ILA_5102,20250616,1
24051ILA_5103,20250616,1
24051ILA_5104,20250616,1
24051ILA_5114,20250616,1
24051ILA_5101,20250617,1
24051ILA_5102,20250617,1
24051ILA_5103,20250617,1
24051ILA_5104,20250617,1
24051ILA_5114,20250617,1
24051ILA_5101,20250618,1
24051ILA_5102,20250618,1
24051ILA_5103,20250618,1
24051ILA_5104,20250618,1
24051ILA_5114,20250618,1
24051ILA_5101,20250619,1
24051ILA_5102,20250619,1
24051ILA_5103,20250619,1
24051ILA_5104,20250619,1
24051ILA_5114,20250619,1
24051ILA_5101,20250620,1
24051ILA_5102,20250620,1
24051ILA_5103,20250620,1
24051ILA_5104,20250620,1
24051ILA_5114,20250620,1
24051ILA_5101,20250623,1
24051ILA_5102,20250623,1
24051ILA_5103,20250623,1
24051ILA_5104,20250623,1
24051ILA_5114,20250623,1
24051ILA_5101,20250624,1
24051ILA_5102,20250624,1
24051ILA_5103,20250624,1
24051ILA_5104,20250624,1
24051ILA_5114,20250624,1
24051ILA_5101,20250625,1
24051ILA_5102,20250625,1
24051ILA_5103,20250625,1
24051ILA_5104,20250625,1
24051ILA_5114,20250625,1
24051ILA_5101,20250626,1
24051ILA_5102,20250626,1
24051ILA_5103,20250626,1
24051ILA_5104,20250626,1
24051ILA_5114,20250626,1
24051ILA_5101,20250627,1
24051ILA_5102,20250627,1
24051ILA_5103,20250627,1
24051ILA_5104,20250627,1
24051ILA_5114,20250627,1
24051ILA_5101,20250630,1
24051ILA_5102,20250630,1
24051ILA_5103,20250630,1
24051ILA_5104,20250630,1
24051ILA_5114,20250630,1
24051ISA_5101,20240907,1
24051ISA_5102,20240907,1
24051ISA_5103,20240907,1
24051ISA_5112,20240907,1
24051ISA_5113,20240907,1
24051ISA_5101,20240914,1
24051ISA_5102,20240914,1
24051ISA_5103,20240914,1
24051ISA_5112,20240914,1
24051ISA_5113,20240914,1
24051ISA_5101,20240921,1
24051ISA_5102,20240921,1
24051ISA_5103,20240921,1
24051ISA_5112,20240921,1
24051ISA_5113,20240921,1
24051ISA_5101,20240928,1
24051ISA_5102,20240928,1
24051ISA_5103,20240928,1
24051ISA_5112,20240928,1
24051ISA_5113,20240928,1
24051ISA_5101,20241005,1
24051ISA_5102,20241005,1
24051ISA_5103,20241005,1
24051ISA_5112,20241005,1
24051ISA_5113,20241005,1
24051ISA_5101,20241019,1
24051ISA_5102,20241019,1
24051ISA_5103,20241019,1
24051ISA_5112,20241019,1
24051ISA_5113,20241019,1
24051ISA_5101,20241026,1
24051ISA_5102,20241026,1
24051ISA_5103,20241026,1
24051ISA_5112,20241026,1
24051ISA_5113,20241026,1
24051ISA_5101,20241102,1
24051ISA_5102,20241102,1
24051ISA_5103,20241102,1
24051ISA_5112,20241102,1
24051ISA_5113,20241102,1
24051ISA_5101,20241109,1
24051ISA_5102,20241109,1
24051ISA_5103,20241109,1
24051ISA_5112,20241109,1
24051ISA_5113,20241109,1
24051ISA_5101,20241116,1
24051ISA_5102,20241116,1
24051ISA_5103,20241116,1
24051ISA_5112,20241116,1
24051ISA_5113,20241116,1
24051ISA_5101,20241123,1
24051ISA_5102,20241123,1
24051ISA_5103,20241123,1
24051ISA_5112,20241123,1
24051ISA_5113,20241123,1
24051ISA_5101,20241130,1
24051ISA_5102,20241130,1
24051ISA_5103,20241130,1
24051ISA_5112,20241130,1
24051ISA_5113,20241130,1
24051ISA_5101,20241207,1
24051ISA_5102,20241207,1
24051ISA_5103,20241207,1
24051ISA_5112,20241207,1
24051ISA_5113,20241207,1
24051ISA_5101,20241214,1
24051ISA_5102,20241214,1
24051ISA_5103,20241214,1
24051ISA_5112,20241214,1
24051ISA_5113,20241214,1
24051ISA_5101,20241221,1
24051ISA_5102,20241221,1
24051ISA_5103,20241221,1
24051ISA_5112,20241221,1
24051ISA_5113,20241221,1
24051ISA_5101,20241228,1
24051ISA_5102,20241228,1
24051ISA_5103,20241228,1
24051ISA_5112,20241228,1
24051ISA_5113,20241228,1
24051ISA_5101,20250104,1
24051ISA_5102,20250104,1
24051ISA_5103,20250104,1
24051ISA_5112,20250104,1
24051ISA_5113,20250104,1
24051ISA_5101,20250111,1
24051ISA_5102,20250111,1
24051ISA_5103,20250111,1
24051ISA_5112,20250111,1
24051ISA_5113,20250111,1
24051ISA_5101,20250118,1
24051ISA_5102,20250118,1
24051ISA_5103,20250118,1
24051ISA_5112,20250118,1
24051ISA_5113,20250118,1
24051ISA_5101,20250125,1
24051ISA_5102,20250125,1
24051ISA_5103,20250125,1
24051ISA_5112,20250125,1
24051ISA_5113,20250125,1
24051ISA_5101,20250201,1
24051ISA_5102,20250201,1
24051ISA_5103,20250201,1
24051ISA_5112,20250201,1
24051ISA_5113,20250201,1
24051ISA_5101,20250208,1
24051ISA_5102,20250208,1
24051ISA_5103,20250208,1
24051ISA_5112,20250208,1
24051ISA_5113,20250208,1
24051ISA_5101,20250215,1
24051ISA_5102,20250215,1
24051ISA_5103,20250215,1
24051ISA_5112,20250215,1
24051ISA_5113,20250215,1
24051ISA_5101,20250222,1
24051ISA_5102,20250222,1
24051ISA_5103,20250222,1
24051ISA_5112,20250222,1
24051ISA_5113,20250222,1
24051ISA_5101,20250301,1
24051ISA_5102,20250301,1
24051ISA_5103,20250301,1
24051ISA_5112,20250301,1
24051ISA_5113,20250301,1
24051ISA_5101,20250308,1
24051ISA_5102,20250308,1
24051ISA_5103,20250308,1
24051ISA_5112,20250308,1
24051ISA_5113,20250308,1
24051ISA_5101,20250315,1
24051ISA_5102,20250315,1
24051ISA_5103,20250315,1
24051ISA_5112,20250315,1
24051ISA_5113,20250315,1
24051ISA_5101,20250322,1
24051ISA_5102,20250322,1
24051ISA_5103,20250322,1
24051ISA_5112,20250322,1
24051ISA_5113,20250322,1
24051ISA_5101,20250329,1
24051ISA_5102,20250329,1
24051ISA_5103,20250329,1
24051ISA_5112,20250329,1
24051ISA_5113,20250329,1
24051ISA_5101,20250405,1
24051ISA_5102,20250405,1
24051ISA_5103,20250405,1
24051ISA_5112,20250405,1
24051ISA_5113,20250405,1
24051ISA_5101,20250412,1
24051ISA_5102,20250412,1
24051ISA_5103,20250412,1
24051ISA_5112,20250412,1
24051ISA_5113,20250412,1
24051ISA_5101,20250419,1
24051ISA_5102,20250419,1
24051ISA_5103,20250419,1
24051ISA_5112,20250419,1
24051ISA_5113,20250419,1
24051ISA_5101,20250426,1
24051ISA_5102,20250426,1
24051ISA_5103,20250426,1
24051ISA_5112,20250426,1
24051ISA_5113,20250426,1
24051ISA_5101,20250503,1
24051ISA_5102,20250503,1
24051ISA_5103,20250503,1
24051ISA_5112,20250503,1
24051ISA_5113,20250503,1
24051ISA_5101,20250510,1
24051ISA_5102,20250510,1
24051ISA_5103,20250510,1
24051ISA_5112,20250510,1
24051ISA_5113,20250510,1
24051ISA_5101,20250517,1
24051ISA_5102,20250517,1
24051ISA_5103,20250517,1
24051ISA_5112,20250517,1
24051ISA_5113,20250517,1
24051ISA_5101,20250524,1
24051ISA_5102,20250524,1
24051ISA_5103,20250524,1
24051ISA_5112,20250524,1
24051ISA_5113,20250524,1
24051ISA_5101,20250531,1
24051ISA_5102,20250531,1
24051ISA_5103,20250531,1
24051ISA_5112,20250531,1
24051ISA_5113,20250531,1
24051ISA_5101,20250607,1
24051ISA_5102,20250607,1
24051ISA_5103,20250607,1
24051ISA_5112,20250607,1
24051ISA_5113,20250607,1
24051ISA_5101,20250614,1
24051ISA_5102,20250614,1
24051ISA_5103,20250614,1
24051ISA_5112,20250614,1
24051ISA_5113,20250614,1
24051ISA_5101,20250621,1
24051ISA_5102,20250621,1
24051ISA_5103,20250621,1
24051ISA_5112,20250621,1
24051ISA_5113,20250621,1
24051ISA_5101,20250628,1
24051ISA_5102,20250628,1
24051ISA_5103,20250628,1
24051ISA_5112,20250628,1
24051ISA_5113,20250628,1
24052IFA_5201,20240908,1
24052IFA_5202,20240908,1
24052IFA_5203,20240908,1
24052IFA_5212,20240908,1
24052IFA_5201,20240915,1
24052IFA_5202,20240915,1
24052IFA_5203,20240915,1
24052IFA_5212,20240915,1
24052IFA_5201,20240922,1
24052IFA_5202,20240922,1
24052IFA_5203,20240922,1
24052IFA_5212,20240922,1
24052IFA_5201,20240929,1
24052IFA_5202,20240929,1
24052IFA_5203,20240929,1
24052IFA_5212,20240929,1
24052IFA_5201,20241006,1
24052IFA_5202,20241006,1
24052IFA_5203,20241006,1
24052IFA_5212,20241006,1
24052IFA_5201,20241012,1
24052IFA_5202,20241012,1
24052IFA_5203,20241012,1
24052IFA_5212,20241012,1
24052IFA_5201,20241013,1
24052IFA_5202,20241013,1
24052IFA_5203,20241013,1
24052IFA_5212,20241013,1
24052IFA_5201,20241020,1
24052IFA_5202,20241020,1
24052IFA_5203,20241020,1
24052IFA_5212,20241020,1
24052IFA_5201,20241027,1
24052IFA_5202,20241027,1
24052IFA_5203,20241027,1
24052IFA_5212,20241027,1
24052IFA_5201,20241101,1
24052IFA_5202,20241101,1
24052IFA_5203,20241101,1
24052IFA_5212,20241101,1
24052IFA_5201,20241103,1
24052IFA_5202,20241103,1
24052IFA_5203,20241103,1
24052IFA_5212,20241103,1
24052IFA_5201,20241110,1
24052IFA_5202,20241110,1
24052IFA_5203,20241110,1
24052IFA_5212,20241110,1
24052IFA_5201,20241117,1
24052IFA_5202,20241117,1
24052IFA_5203,20241117,1
24052IFA_5212,20241117,1
24052IFA_5201,20241124,1
24052IFA_5202,20241124,1
24052IFA_5203,20241124,1
24052IFA_5212,20241124,1
24052IFA_5201,20241201,1
24052IFA_5202,20241201,1
24052IFA_5203,20241201,1
24052IFA_5212,20241201,1
24052IFA_5201,20241206,1
24052IFA_5202,20241206,1
24052IFA_5203,20241206,1
24052IFA_5212,20241206,1
24052IFA_5201,20241208,1
24052IFA_5202,20241208,1
24052IFA_5203,20241208,1
24052IFA_5212,20241208,1
24052IFA_5201,20241215,1
24052IFA_5202,20241215,1
24052IFA_5203,20241215,1
24052IFA_5212,20241215,1
24052IFA_5201,20241222,1
24052IFA_5202,20241222,1
24052IFA_5203,20241222,1
24052IFA_5212,20241222,1
24052IFA_5201,20241225,1
24052IFA_5202,20241225,1
24052IFA_5203,20241225,1
24052IFA_5212,20241225,1
24052IFA_5201,20241229,1
24052IFA_5202,20241229,1
24052IFA_5203,20241229,1
24052IFA_5212,20241229,1
24052IFA_5201,20250101,1
24052IFA_5202,20250101,1
24052IFA_5203,20250101,1
24052IFA_5212,20250101,1
24052IFA_5201,20250105,1
24052IFA_5202,20250105,1
24052IFA_5203,20250105,1
24052IFA_5212,20250105,1
24052IFA_5201,20250106,1
24052IFA_5202,20250106,1
24052IFA_5203,20250106,1
24052IFA_5212,20250106,1
24052IFA_5201,20250112,1
24052IFA_5202,20250112,1
24052IFA_5203,20250112,1
24052IFA_5212,20250112,1
24052IFA_5201,20250119,1
24052IFA_5202,20250119,1
24052IFA_5203,20250119,1
24052IFA_5212,20250119,1
24052IFA_5201,20250126,1
24052IFA_5202,20250126,1
24052IFA_5203,20250126,1
24052IFA_5212,20250126,1
24052IFA_5201,20250202,1
24052IFA_5202,20250202,1
24052IFA_5203,20250202,1
24052IFA_5212,20250202,1
24052IFA_5201,20250209,1
24052IFA_5202,20250209,1
24052IFA_5203,20250209,1
24052IFA_5212,20250209,1
24052IFA_5201,20250216,1
24052IFA_5202,20250216,1
24052IFA_5203,20250216,1
24052IFA_5212,20250216,1
24052IFA_5201,20250223,1
24052IFA_5202,20250223,1
24052IFA_5203,20250223,1
24052IFA_5212,20250223,1
24052IFA_5201,20250302,1
24052IFA_5202,20250302,1
24052IFA_5203,20250302,1
24052IFA_5212,20250302,1
24052IFA_5201,20250309,1
24052IFA_5202,20250309,1
24052IFA_5203,20250309,1
24052IFA_5212,20250309,1
24052IFA_5201,20250316,1
24052IFA_5202,20250316,1
24052IFA_5203,20250316,1
24052IFA_5212,20250316,1
24052IFA_5201,20250323,1
24052IFA_5202,20250323,1
24052IFA_5203,20250323,1
24052IFA_5212,20250323,1
24052IFA_5201,20250330,1
24052IFA_5202,20250330,1
24052IFA_5203,20250330,1
24052IFA_5212,20250330,1
24052IFA_5201,20250406,1
24052IFA_5202,20250406,1
24052IFA_5203,20250406,1
24052IFA_5212,20250406,1
24052IFA_5201,20250413,1
24052IFA_5202,20250413,1
24052IFA_5203,20250413,1
24052IFA_5212,20250413,1
24052IFA_5201,20250417,1
24052IFA_5202,20250417,1
24052IFA_5203,20250417,1
24052IFA_5212,20250417,1
24052IFA_5201,20250418,1
24052IFA_5202,20250418,1
24052IFA_5203,20250418,1
24052IFA_5212,20250418,1
24052IFA_5201,20250420,1
24052IFA_5202,20250420,1
24052IFA_5203,20250420,1
24052IFA_5212,20250420,1
24052IFA_5201,20250427,1
24052IFA_5202,20250427,1
24052IFA_5203,20250427,1
24052IFA_5212,20250427,1
24052IFA_5201,20250501,1
24052IFA_5202,20250501,1
24052IFA_5203,20250501,1
24052IFA_5212,20250501,1
24052IFA_5201,20250504,1
24052IFA_5202,20250504,1
24052IFA_5203,20250504,1
24052IFA_5212,20250504,1
24052IFA_5201,20250511,1
24052IFA_5202,20250511,1
24052IFA_5203,20250511,1
24052IFA_5212,20250511,1
24052IFA_5201,20250518,1
24052IFA_5202,20250518,1
24052IFA_5203,20250518,1
24052IFA_5212,20250518,1
24052IFA_5201,20250525,1
24052IFA_5202,20250525,1
24052IFA_5203,20250525,1
24052IFA_5212,20250525,1
24052IFA_5201,20250601,1
24052IFA_5202,20250601,1
24052IFA_5203,20250601,1
24052IFA_5212,20250601,1
24052IFA_5201,20250608,1
24052IFA_5202,20250608,1
24052IFA_5203,20250608,1
24052IFA_5212,20250608,1
24052IFA_5201,20250609,1
24052IFA_5202,20250609,1
24052IFA_5203,20250609,1
24052IFA_5212,20250609,1
24052IFA_5201,20250615,1
24052IFA_5202,20250615,1
24052IFA_5203,20250615,1
24052IFA_5212,20250615,1
24052IFA_5201,20250622,1
24052IFA_5202,20250622,1
24052IFA_5203,20250622,1
24052IFA_5212,20250622,1
24052IFA_5201,20250629,1
24052IFA_5202,20250629,1
24052IFA_5203,20250629,1
24052IFA_5212,20250629,1
24052ILA_5201,20240903,1
24052ILA_5202,20240903,1
24052ILA_5203,20240903,1
24052ILA_5204,20240903,1
24052ILA_5201,20240904,1
24052ILA_5202,20240904,1
24052ILA_5203,20240904,1
24052ILA_5204,20240904,1
24052ILA_5201,20240905,1
24052ILA_5202,20240905,1
24052ILA_5203,20240905,1
24052ILA_5204,20240905,1
24052ILA_5201,20240906,1
24052ILA_5202,20240906,1
24052ILA_5203,20240906,1
24052ILA_5204,20240906,1
24052ILA_5201,20240909,1
24052ILA_5202,20240909,1
24052ILA_5203,20240909,1
24052ILA_5204,20240909,1
24052ILA_5201,20240910,1
24052ILA_5202,20240910,1
24052ILA_5203,20240910,1
24052ILA_5204,20240910,1
24052ILA_5201,20240911,1
24052ILA_5202,20240911,1
24052ILA_5203,20240911,1
24052ILA_5204,20240911,1
24052ILA_5201,20240912,1
24052ILA_5202,20240912,1
24052ILA_5203,20240912,1
24052ILA_5204,20240912,1
24052ILA_5201,20240913,1
24052ILA_5202,20240913,1
24052ILA_5203,20240913,1
24052ILA_5204,20240913,1
24052ILA_5201,20240916,1
24052ILA_5202,20240916,1
24052ILA_5203,20240916,1
24052ILA_5204,20240916,1
24052ILA_5201,20240917,1
24052ILA_5202,20240917,1
24052ILA_5203,20240917,1
24052ILA_5204,20240917,1
24052ILA_5201,20240918,1
24052ILA_5202,20240918,1
24052ILA_5203,20240918,1
24052ILA_5204,20240918,1
24052ILA_5201,20240919,1
24052ILA_5202,20240919,1
24052ILA_5203,20240919,1
24052ILA_5204,20240919,1
24052ILA_5201,20240920,1
24052ILA_5202,20240920,1
24052ILA_5203,20240920,1
24052ILA_5204,20240920,1
24052ILA_5201,20240923,1
24052ILA_5202,20240923,1
24052ILA_5203,20240923,1
24052ILA_5204,20240923,1
24052ILA_5201,20240924,1
24052ILA_5202,20240924,1
24052ILA_5203,20240924,1
24052ILA_5204,20240924,1
24052ILA_5201,20240925,1
24052ILA_5202,20240925,1
24052ILA_5203,20240925,1
24052ILA_5204,20240925,1
24052ILA_5201,20240926,1
24052ILA_5202,20240926,1
24052ILA_5203,20240926,1
24052ILA_5204,20240926,1
24052ILA_5201,20240927,1
24052ILA_5202,20240927,1
24052ILA_5203,20240927,1
24052ILA_5204,20240927,1
24052ILA_5201,20240930,1
24052ILA_5202,20240930,1
24052ILA_5203,20240930,1
24052ILA_5204,20240930,1
24052ILA_5201,20241001,1
24052ILA_5202,20241001,1
24052ILA_5203,20241001,1
24052ILA_5204,20241001,1
24052ILA_5201,20241002,1
24052ILA_5202,20241002,1
24052ILA_5203,20241002,1
24052ILA_5204,20241002,1
24052ILA_5201,20241003,1
24052ILA_5202,20241003,1
24052ILA_5203,20241003,1
24052ILA_5204,20241003,1
24052ILA_5201,20241004,1
24052ILA_5202,20241004,1
24052ILA_5203,20241004,1
24052ILA_5204,20241004,1
24052ILA_5201,20241007,1
24052ILA_5202,20241007,1
24052ILA_5203,20241007,1
24052ILA_5204,20241007,1
24052ILA_5201,20241008,1
24052ILA_5202,20241008,1
24052ILA_5203,20241008,1
24052ILA_5204,20241008,1
24052ILA_5201,20241009,1
24052ILA_5202,20241009,1
24052ILA_5203,20241009,1
24052ILA_5204,20241009,1
24052ILA_5201,20241010,1
24052ILA_5202,20241010,1
24052ILA_5203,20241010,1
24052ILA_5204,20241010,1
24052ILA_5201,20241011,1
24052ILA_5202,20241011,1
24052ILA_5203,20241011,1
24052ILA_5204,20241011,1
24052ILA_5201,20241014,1
24052ILA_5202,20241014,1
24052ILA_5203,20241014,1
24052ILA_5204,20241014,1
24052ILA_5201,20241015,1
24052ILA_5202,20241015,1
24052ILA_5203,20241015,1
24052ILA_5204,20241015,1
24052ILA_5201,20241016,1
24052ILA_5202,20241016,1
24052ILA_5203,20241016,1
24052ILA_5204,20241016,1
24052ILA_5201,20241017,1
24052ILA_5202,20241017,1
24052ILA_5203,20241017,1
24052ILA_5204,20241017,1
24052ILA_5201,20241018,1
24052ILA_5202,20241018,1
24052ILA_5203,20241018,1
24052ILA_5204,20241018,1
24052ILA_5201,20241021,1
24052ILA_5202,20241021,1
24052ILA_5203,20241021,1
24052ILA_5204,20241021,1
24052ILA_5201,20241022,1
24052ILA_5202,20241022,1
24052ILA_5203,20241022,1
24052ILA_5204,20241022,1
24052ILA_5201,20241023,1
24052ILA_5202,20241023,1
24052ILA_5203,20241023,1
24052ILA_5204,20241023,1
24052ILA_5201,20241024,1
24052ILA_5202,20241024,1
24052ILA_5203,20241024,1
24052ILA_5204,20241024,1
24052ILA_5201,20241025,1
24052ILA_5202,20241025,1
24052ILA_5203,20241025,1
24052ILA_5204,20241025,1
24052ILA_5201,20241028,1
24052ILA_5202,20241028,1
24052ILA_5203,20241028,1
24052ILA_5204,20241028,1
24052ILA_5201,20241029,1
24052ILA_5202,20241029,1
24052ILA_5203,20241029,1
24052ILA_5204,20241029,1
24052ILA_5201,20241030,1
24052ILA_5202,20241030,1
24052ILA_5203,20241030,1
24052ILA_5204,20241030,1
24052ILA_5201,20241031,1
24052ILA_5202,20241031,1
24052ILA_5203,20241031,1
24052ILA_5204,20241031,1
24052ILA_5201,20241104,1
24052ILA_5202,20241104,1
24052ILA_5203,20241104,1
24052ILA_5204,20241104,1
24052ILA_5201,20241105,1
24052ILA_5202,20241105,1
24052ILA_5203,20241105,1
24052ILA_5204,20241105,1
24052ILA_5201,20241106,1
24052ILA_5202,20241106,1
24052ILA_5203,20241106,1
24052ILA_5204,20241106,1
24052ILA_5201,20241107,1
24052ILA_5202,20241107,1
24052ILA_5203,20241107,1
24052ILA_5204,20241107,1
24052ILA_5201,20241108,1
24052ILA_5202,20241108,1
24052ILA_5203,20241108,1
24052ILA_5204,20241108,1
24052ILA_5201,20241111,1
24052ILA_5202,20241111,1
24052ILA_5203,20241111,1
24052ILA_5204,20241111,1
24052ILA_5201,20241112,1
24052ILA_5202,20241112,1
24052ILA_5203,20241112,1
24052ILA_5204,20241112,1
24052ILA_5201,20241113,1
24052ILA_5202,20241113,1
24052ILA_5203,20241113,1
24052ILA_5204,20241113,1
24052ILA_5201,20241114,1
24052ILA_5202,20241114,1
24052ILA_5203,20241114,1
24052ILA_5204,20241114,1
24052ILA_5201,20241115,1
24052ILA_5202,20241115,1
24052ILA_5203,20241115,1
24052ILA_5204,20241115,1
24052ILA_5201,20241118,1
24052ILA_5202,20241118,1
24052ILA_5203,20241118,1
24052ILA_5204,20241118,1
24052ILA_5201,20241119,1
24052ILA_5202,20241119,1
24052ILA_5203,20241119,1
24052ILA_5204,20241119,1
24052ILA_5201,20241120,1
24052ILA_5202,20241120,1
24052ILA_5203,20241120,1
24052ILA_5204,20241120,1
24052ILA_5201,20241121,1
24052ILA_5202,20241121,1
24052ILA_5203,20241121,1
24052ILA_5204,20241121,1
24052ILA_5201,20241122,1
24052ILA_5202,20241122,1
24052ILA_5203,20241122,1
24052ILA_5204,20241122,1
24052ILA_5201,20241125,1
24052ILA_5202,20241125,1
24052ILA_5203,20241125,1
24052ILA_5204,20241125,1
24052ILA_5201,20241126,1
24052ILA_5202,20241126,1
24052ILA_5203,20241126,1
24052ILA_5204,20241126,1
24052ILA_5201,20241127,1
24052ILA_5202,20241127,1
24052ILA_5203,20241127,1
24052ILA_5204,20241127,1
24052ILA_5201,20241128,1
24052ILA_5202,20241128,1
24052ILA_5203,20241128,1
24052ILA_5204,20241128,1
24052ILA_5201,20241129,1
24052ILA_5202,20241129,1
24052ILA_5203,20241129,1
24052ILA_5204,20241129,1
24052ILA_5201,20241202,1
24052ILA_5202,20241202,1
24052ILA_5203,20241202,1
24052ILA_5204,20241202,1
24052ILA_5201,20241203,1
24052ILA_5202,20241203,1
24052ILA_5203,20241203,1
24052ILA_5204,20241203,1
24052ILA_5201,20241204,1
24052ILA_5202,20241204,1
24052ILA_5203,20241204,1
24052ILA_5204,20241204,1
24052ILA_5201,20241205,1
24052ILA_5202,20241205,1
24052ILA_5203,20241205,1
24052ILA_5204,20241205,1
24052ILA_5201,20241209,1
24052ILA_5202,20241209,1
24052ILA_5203,20241209,1
24052ILA_5204,20241209,1
24052ILA_5201,20241210,1
24052ILA_5202,20241210,1
24052ILA_5203,20241210,1
24052ILA_5204,20241210,1
24052ILA_5201,20241211,1
24052ILA_5202,20241211,1
24052ILA_5203,20241211,1
24052ILA_5204,20241211,1
24052ILA_5201,20241212,1
24052ILA_5202,20241212,1
24052ILA_5203,20241212,1
24052ILA_5204,20241212,1
24052ILA_5201,20241213,1
24052ILA_5202,20241213,1
24052ILA_5203,20241213,1
24052ILA_5204,20241213,1
24052ILA_5201,20241216,1
24052ILA_5202,20241216,1
24052ILA_5203,20241216,1
24052ILA_5204,20241216,1
24052ILA_5201,20241217,1
24052ILA_5202,20241217,1
24052ILA_5203,20241217,1
24052ILA_5204,20241217,1
24052ILA_5201,20241218,1
24052ILA_5202,20241218,1
24052ILA_5203,20241218,1
24052ILA_5204,20241218,1
24052ILA_5201,20241219,1
24052ILA_5202,20241219,1
24052ILA_5203,20241219,1
24052ILA_5204,20241219,1
24052ILA_5201,20241220,1
24052ILA_5202,20241220,1
24052ILA_5203,20241220,1
24052ILA_5204,20241220,1
24052ILA_5201,20241223,1
24052ILA_5202,20241223,1
24052ILA_5203,20241223,1
24052ILA_5204,20241223,1
24052ILA_5201,20241224,1
24052ILA_5202,20241224,1
24052ILA_5203,20241224,1
24052ILA_5204,20241224,1
24052ILA_5201,20241226,1
24052ILA_5202,20241226,1
24052ILA_5203,20241226,1
24052ILA_5204,20241226,1
24052ILA_5201,20241227,1
24052ILA_5202,20241227,1
24052ILA_5203,20241227,1
24052ILA_5204,20241227,1
24052ILA_5201,20241230,1
24052ILA_5202,20241230,1
24052ILA_5203,20241230,1
24052ILA_5204,20241230,1
24052ILA_5201,20241231,1
24052ILA_5202,20241231,1
24052ILA_5203,20241231,1
24052ILA_5204,20241231,1
24052ILA_5201,20250102,1
24052ILA_5202,20250102,1
24052ILA_5203,20250102,1
24052ILA_5204,20250102,1
24052ILA_5201,20250103,1
24052ILA_5202,20250103,1
24052ILA_5203,20250103,1
24052ILA_5204,20250103,1
24052ILA_5201,20250107,1
24052ILA_5202,20250107,1
24052ILA_5203,20250107,1
24052ILA_5204,20250107,1
24052ILA_5201,20250108,1
24052ILA_5202,20250108,1
24052ILA_5203,20250108,1
24052ILA_5204,20250108,1
24052ILA_5201,20250109,1
24052ILA_5202,20250109,1
24052ILA_5203,20250109,1
24052ILA_5204,20250109,1
24052ILA_5201,20250110,1
24052ILA_5202,20250110,1
24052ILA_5203,20250110,1
24052ILA_5204,20250110,1
24052ILA_5201,20250113,1
24052ILA_5202,20250113,1
24052ILA_5203,20250113,1
24052ILA_5204,20250113,1
24052ILA_5201,20250114,1
24052ILA_5202,20250114,1
24052ILA_5203,20250114,1
24052ILA_5204,20250114,1
24052ILA_5201,20250115,1
24052ILA_5202,20250115,1
24052ILA_5203,20250115,1
24052ILA_5204,20250115,1
24052ILA_5201,20250116,1
24052ILA_5202,20250116,1
24052ILA_5203,20250116,1
24052ILA_5204,20250116,1
24052ILA_5201,20250117,1
24052ILA_5202,20250117,1
24052ILA_5203,20250117,1
24052ILA_5204,20250117,1
24052ILA_5201,20250120,1
24052ILA_5202,20250120,1
24052ILA_5203,20250120,1
24052ILA_5204,20250120,1
24052ILA_5201,20250121,1
24052ILA_5202,20250121,1
24052ILA_5203,20250121,1
24052ILA_5204,20250121,1
24052ILA_5201,20250122,1
24052ILA_5202,20250122,1
24052ILA_5203,20250122,1
24052ILA_5204,20250122,1
24052ILA_5201,20250123,1
24052ILA_5202,20250123,1
24052ILA_5203,20250123,1
24052ILA_5204,20250123,1
24052ILA_5201,20250124,1
24052ILA_5202,20250124,1
24052ILA_5203,20250124,1
24052ILA_5204,20250124,1
24052ILA_5201,20250127,1
24052ILA_5202,20250127,1
24052ILA_5203,20250127,1
24052ILA_5204,20250127,1
24052ILA_5201,20250128,1
24052ILA_5202,20250128,1
24052ILA_5203,20250128,1
24052ILA_5204,20250128,1
24052ILA_5201,20250129,1
24052ILA_5202,20250129,1
24052ILA_5203,20250129,1
24052ILA_5204,20250129,1
24052ILA_5201,20250130,1
24052ILA_5202,20250130,1
24052ILA_5203,20250130,1
24052ILA_5204,20250130,1
24052ILA_5201,20250131,1
24052ILA_5202,20250131,1
24052ILA_5203,20250131,1
24052ILA_5204,20250131,1
24052ILA_5201,20250203,1
24052ILA_5202,20250203,1
24052ILA_5203,20250203,1
24052ILA_5204,20250203,1
24052ILA_5201,20250204,1
24052ILA_5202,20250204,1
24052ILA_5203,20250204,1
24052ILA_5204,20250204,1
24052ILA_5201,20250205,1
24052ILA_5202,20250205,1
24052ILA_5203,20250205,1
24052ILA_5204,20250205,1
24052ILA_5201,20250206,1
24052ILA_5202,20250206,1
24052ILA_5203,20250206,1
24052ILA_5204,20250206,1
24052ILA_5201,20250207,1
24052ILA_5202,20250207,1
24052ILA_5203,20250207,1
24052ILA_5204,20250207,1
24052ILA_5201,20250210,1
24052ILA_5202,20250210,1
24052ILA_5203,20250210,1
24052ILA_5204,20250210,1
24052ILA_5201,20250211,1
24052ILA_5202,20250211,1
24052ILA_5203,20250211,1
24052ILA_5204,20250211,1
24052ILA_5201,20250212,1
24052ILA_5202,20250212,1
24052ILA_5203,20250212,1
24052ILA_5204,20250212,1
24052ILA_5201,20250213,1
24052ILA_5202,20250213,1
24052ILA_5203,20250213,1
24052ILA_5204,20250213,1
24052ILA_5201,20250214,1
24052ILA_5202,20250214,1
24052ILA_5203,20250214,1
24052ILA_5204,20250214,1
24052ILA_5201,20250217,1
24052ILA_5202,20250217,1
24052ILA_5203,20250217,1
24052ILA_5204,20250217,1
24052ILA_5201,20250218,1
24052ILA_5202,20250218,1
24052ILA_5203,20250218,1
24052ILA_5204,20250218,1
24052ILA_5201,20250219,1
24052ILA_5202,20250219,1
24052ILA_5203,20250219,1
24052ILA_5204,20250219,1
24052ILA_5201,20250220,1
24052ILA_5202,20250220,1
24052ILA_5203,20250220,1
24052ILA_5204,20250220,1
24052ILA_5201,20250221,1
24052ILA_5202,20250221,1
24052ILA_5203,20250221,1
24052ILA_5204,20250221,1
24052ILA_5201,20250224,1
24052ILA_5202,20250224,1
24052ILA_5203,20250224,1
24052ILA_5204,20250224,1
24052ILA_5201,20250225,1
24052ILA_5202,20250225,1
24052ILA_5203,20250225,1
24052ILA_5204,20250225,1
24052ILA_5201,20250226,1
24052ILA_5202,20250226,1
24052ILA_5203,20250226,1
24052ILA_5204,20250226,1
24052ILA_5201,20250227,1
24052ILA_5202,20250227,1
24052ILA_5203,20250227,1
24052ILA_5204,20250227,1
24052ILA_5201,20250228,1
24052ILA_5202,20250228,1
24052ILA_5203,20250228,1
24052ILA_5204,20250228,1
24052ILA_5201,20250303,1
24052ILA_5202,20250303,1
24052ILA_5203,20250303,1
24052ILA_5204,20250303,1
24052ILA_5201,20250304,1
24052ILA_5202,20250304,1
24052ILA_5203,20250304,1
24052ILA_5204,20250304,1
24052ILA_5201,20250305,1
24052ILA_5202,20250305,1
24052ILA_5203,20250305,1
24052ILA_5204,20250305,1
24052ILA_5201,20250306,1
24052ILA_5202,20250306,1
24052ILA_5203,20250306,1
24052ILA_5204,20250306,1
24052ILA_5201,20250307,1
24052ILA_5202,20250307,1
24052ILA_5203,20250307,1
24052ILA_5204,20250307,1
24052ILA_5201,20250310,1
24052ILA_5202,20250310,1
24052ILA_5203,20250310,1
24052ILA_5204,20250310,1
24052ILA_5201,20250311,1
24052ILA_5202,20250311,1
24052ILA_5203,20250311,1
24052ILA_5204,20250311,1
24052ILA_5201,20250312,1
24052ILA_5202,20250312,1
24052ILA_5203,20250312,1
24052ILA_5204,20250312,1
24052ILA_5201,20250313,1
24052ILA_5202,20250313,1
24052ILA_5203,20250313,1
24052ILA_5204,20250313,1
24052ILA_5201,20250314,1
24052ILA_5202,20250314,1
24052ILA_5203,20250314,1
24052ILA_5204,20250314,1
24052ILA_5201,20250317,1
24052ILA_5202,20250317,1
24052ILA_5203,20250317,1
24052ILA_5204,20250317,1
24052ILA_5201,20250318,1
24052ILA_5202,20250318,1
24052ILA_5203,20250318,1
24052ILA_5204,20250318,1
24052ILA_5201,20250319,1
24052ILA_5202,20250319,1
24052ILA_5203,20250319,1
24052ILA_5204,20250319,1
24052ILA_5201,20250320,1
24052ILA_5202,20250320,1
24052ILA_5203,20250320,1
24052ILA_5204,20250320,1
24052ILA_5201,20250321,1
24052ILA_5202,20250321,1
24052ILA_5203,20250321,1
24052ILA_5204,20250321,1
24052ILA_5201,20250324,1
24052ILA_5202,20250324,1
24052ILA_5203,20250324,1
24052ILA_5204,20250324,1
24052ILA_5201,20250325,1
24052ILA_5202,20250325,1
24052ILA_5203,20250325,1
24052ILA_5204,20250325,1
24052ILA_5201,20250326,1
24052ILA_5202,20250326,1
24052ILA_5203,20250326,1
24052ILA_5204,20250326,1
24052ILA_5201,20250327,1
24052ILA_5202,20250327,1
24052ILA_5203,20250327,1
24052ILA_5204,20250327,1
24052ILA_5201,20250328,1
24052ILA_5202,20250328,1
24052ILA_5203,20250328,1
24052ILA_5204,20250328,1
24052ILA_5201,20250331,1
24052ILA_5202,20250331,1
24052ILA_5203,20250331,1
24052ILA_5204,20250331,1
24052ILA_5201,20250401,1
24052ILA_5202,20250401,1
24052ILA_5203,20250401,1
24052ILA_5204,20250401,1
24052ILA_5201,20250402,1
24052ILA_5202,20250402,1
24052ILA_5203,20250402,1
24052ILA_5204,20250402,1
24052ILA_5201,20250403,1
24052ILA_5202,20250403,1
24052ILA_5203,20250403,1
24052ILA_5204,20250403,1
24052ILA_5201,20250404,1
24052ILA_5202,20250404,1
24052ILA_5203,20250404,1
24052ILA_5204,20250404,1
24052ILA_5201,20250407,1
24052ILA_5202,20250407,1
24052ILA_5203,20250407,1
24052ILA_5204,20250407,1
24052ILA_5201,20250408,1
24052ILA_5202,20250408,1
24052ILA_5203,20250408,1
24052ILA_5204,20250408,1
24052ILA_5201,20250409,1
24052ILA_5202,20250409,1
24052ILA_5203,20250409,1
24052ILA_5204,20250409,1
24052ILA_5201,20250410,1
24052ILA_5202,20250410,1
24052ILA_5203,20250410,1
24052ILA_5204,20250410,1
24052ILA_5201,20250411,1
24052ILA_5202,20250411,1
24052ILA_5203,20250411,1
24052ILA_5204,20250411,1
24052ILA_5201,20250414,1
24052ILA_5202,20250414,1
24052ILA_5203,20250414,1
24052ILA_5204,20250414,1
24052ILA_5201,20250415,1
24052ILA_5202,20250415,1
24052ILA_5203,20250415,1
24052ILA_5204,20250415,1
24052ILA_5201,20250416,1
24052ILA_5202,20250416,1
24052ILA_5203,20250416,1
24052ILA_5204,20250416,1
24052ILA_5201,20250421,1
24052ILA_5202,20250421,1
24052ILA_5203,20250421,1
24052ILA_5204,20250421,1
24052ILA_5201,20250422,1
24052ILA_5202,20250422,1
24052ILA_5203,20250422,1
24052ILA_5204,20250422,1
24052ILA_5201,20250423,1
24052ILA_5202,20250423,1
24052ILA_5203,20250423,1
24052ILA_5204,20250423,1
24052ILA_5201,20250424,1
24052ILA_5202,20250424,1
24052ILA_5203,20250424,1
24052ILA_5204,20250424,1
24052ILA_5201,20250425,1
24052ILA_5202,20250425,1
24052ILA_5203,20250425,1
24052ILA_5204,20250425,1
24052ILA_5201,20250428,1
24052ILA_5202,20250428,1
24052ILA_5203,20250428,1
24052ILA_5204,20250428,1
24052ILA_5201,20250429,1
24052ILA_5202,20250429,1
24052ILA_5203,20250429,1
24052ILA_5204,20250429,1
24052ILA_5201,20250430,1
24052ILA_5202,20250430,1
24052ILA_5203,20250430,1
24052ILA_5204,20250430,1
24052ILA_5201,20250502,1
24052ILA_5202,20250502,1
24052ILA_5203,20250502,1
24052ILA_5204,20250502,1
24052ILA_5201,20250505,1
24052ILA_5202,20250505,1
24052ILA_5203,20250505,1
24052ILA_5204,20250505,1
24052ILA_5201,20250506,1
24052ILA_5202,20250506,1
24052ILA_5203,20250506,1
24052ILA_5204,20250506,1
24052ILA_5201,20250507,1
24052ILA_5202,20250507,1
24052ILA_5203,20250507,1
24052ILA_5204,20250507,1
24052ILA_5201,20250508,1
24052ILA_5202,20250508,1
24052ILA_5203,20250508,1
24052ILA_5204,20250508,1
24052ILA_5201,20250509,1
24052ILA_5202,20250509,1
24052ILA_5203,20250509,1
24052ILA_5204,20250509,1
24052ILA_5201,20250512,1
24052ILA_5202,20250512,1
24052ILA_5203,20250512,1
24052ILA_5204,20250512,1
24052ILA_5201,20250513,1
24052ILA_5202,20250513,1
24052ILA_5203,20250513,1
24052ILA_5204,20250513,1
24052ILA_5201,20250514,1
24052ILA_5202,20250514,1
24052ILA_5203,20250514,1
24052ILA_5204,20250514,1
24052ILA_5201,20250515,1
24052ILA_5202,20250515,1
24052ILA_5203,20250515,1
24052ILA_5204,20250515,1
24052ILA_5201,20250516,1
24052ILA_5202,20250516,1
24052ILA_5203,20250516,1
24052ILA_5204,20250516,1
24052ILA_5201,20250519,1
24052ILA_5202,20250519,1
24052ILA_5203,20250519,1
24052ILA_5204,20250519,1
24052ILA_5201,20250520,1
24052ILA_5202,20250520,1
24052ILA_5203,20250520,1
24052ILA_5204,20250520,1
24052ILA_5201,20250521,1
24052ILA_5202,20250521,1
24052ILA_5203,20250521,1
24052ILA_5204,20250521,1
24052ILA_5201,20250522,1
24052ILA_5202,20250522,1
24052ILA_5203,20250522,1
24052ILA_5204,20250522,1
24052ILA_5201,20250523,1
24052ILA_5202,20250523,1
24052ILA_5203,20250523,1
24052ILA_5204,20250523,1
24052ILA_5201,20250526,1
24052ILA_5202,20250526,1
24052ILA_5203,20250526,1
24052ILA_5204,20250526,1
24052ILA_5201,20250527,1
24052ILA_5202,20250527,1
24052ILA_5203,20250527,1
24052ILA_5204,20250527,1
24052ILA_5201,20250528,1
24052ILA_5202,20250528,1
24052ILA_5203,20250528,1
24052ILA_5204,20250528,1
24052ILA_5201,20250529,1
24052ILA_5202,20250529,1
24052ILA_5203,20250529,1
24052ILA_5204,20250529,1
24052ILA_5201,20250530,1
24052ILA_5202,20250530,1
24052ILA_5203,20250530,1
24052ILA_5204,20250530,1
24052ILA_5201,20250602,1
24052ILA_5202,20250602,1
24052ILA_5203,20250602,1
24052ILA_5204,20250602,1
24052ILA_5201,20250603,1
24052ILA_5202,20250603,1
24052ILA_5203,20250603,1
24052ILA_5204,20250603,1
24052ILA_5201,20250604,1
24052ILA_5202,20250604,1
24052ILA_5203,20250604,1
24052ILA_5204,20250604,1
24052ILA_5201,20250605,1
24052ILA_5202,20250605,1
24052ILA_5203,20250605,1
24052ILA_5204,20250605,1
24052ILA_5201,20250606,1
24052ILA_5202,20250606,1
24052ILA_5203,20250606,1
24052ILA_5204,20250606,1
24052ILA_5201,20250610,1
24052ILA_5202,20250610,1
24052ILA_5203,20250610,1
24052ILA_5204,20250610,1
24052ILA_5201,20250611,1
24052ILA_5202,20250611,1
24052ILA_5203,20250611,1
24052ILA_5204,20250611,1
24052ILA_5201,20250612,1
24052ILA_5202,20250612,1
24052ILA_5203,20250612,1
24052ILA_5204,20250612,1
24052ILA_5201,20250613,1
24052ILA_5202,20250613,1
24052ILA_5203,20250613,1
24052ILA_5204,20250613,1
24052ILA_5201,20250616,1
24052ILA_5202,20250616,1
24052ILA_5203,20250616,1
24052ILA_5204,20250616,1
24052ILA_5201,20250617,1
24052ILA_5202,20250617,1
24052ILA_5203,20250617,1
24052ILA_5204,20250617,1
24052ILA_5201,20250618,1
24052ILA_5202,20250618,1
24052ILA_5203,20250618,1
24052ILA_5204,20250618,1
24052ILA_5201,20250619,1
24052ILA_5202,20250619,1
24052ILA_5203,20250619,1
24052ILA_5204,20250619,1
24052ILA_5201,20250620,1
24052ILA_5202,20250620,1
24052ILA_5203,20250620,1
24052ILA_5204,20250620,1
24052ILA_5201,20250623,1
24052ILA_5202,20250623,1
24052ILA_5203,20250623,1
24052ILA_5204,20250623,1
24052ILA_5201,20250624,1
24052ILA_5202,20250624,1
24052ILA_5203,20250624,1
24052ILA_5204,20250624,1
24052ILA_5201,20250625,1
24052ILA_5202,20250625,1
24052ILA_5203,20250625,1
24052ILA_5204,20250625,1
24052ILA_5201,20250626,1
24052ILA_5202,20250626,1
24052ILA_5203,20250626,1
24052ILA_5204,20250626,1
24052ILA_5201,20250627,1
24052ILA_5202,20250627,1
24052ILA_5203,20250627,1
24052ILA_5204,20250627,1
24052ILA_5201,20250630,1
24052ILA_5202,20250630,1
24052ILA_5203,20250630,1
24052ILA_5204,20250630,1
24052ISA_5201,20240907,1
24052ISA_5202,20240907,1
24052ISA_5203,20240907,1
24052ISA_5212,20240907,1
24052ISA_5201,20240914,1
24052ISA_5202,20240914,1
24052ISA_5203,20240914,1
24052ISA_5212,20240914,1
24052ISA_5201,20240921,1
24052ISA_5202,20240921,1
24052ISA_5203,20240921,1
24052ISA_5212,20240921,1
24052ISA_5201,20240928,1
24052ISA_5202,20240928,1
24052ISA_5203,20240928,1
24052ISA_5212,20240928,1
24052ISA_5201,20241005,1
24052ISA_5202,20241005,1
24052ISA_5203,20241005,1
24052ISA_5212,20241005,1
24052ISA_5201,20241019,1
24052ISA_5202,20241019,1
24052ISA_5203,20241019,1
24052ISA_5212,20241019,1
24052ISA_5201,20241026,1
24052ISA_5202,20241026,1
24052ISA_5203,20241026,1
24052ISA_5212,20241026,1
24052ISA_5201,20241102,1
24052ISA_5202,20241102,1
24052ISA_5203,20241102,1
24052ISA_5212,20241102,1
24052ISA_5201,20241109,1
24052ISA_5202,20241109,1
24052ISA_5203,20241109,1
24052ISA_5212,20241109,1
24052ISA_5201,20241116,1
24052ISA_5202,20241116,1
24052ISA_5203,20241116,1
24052ISA_5212,20241116,1
24052ISA_5201,20241123,1
24052ISA_5202,20241123,1
24052ISA_5203,20241123,1
24052ISA_5212,20241123,1
24052ISA_5201,20241130,1
24052ISA_5202,20241130,1
24052ISA_5203,20241130,1
24052ISA_5212,20241130,1
24052ISA_5201,20241207,1
24052ISA_5202,20241207,1
24052ISA_5203,20241207,1
24052ISA_5212,20241207,1
24052ISA_5201,20241214,1
24052ISA_5202,20241214,1
24052ISA_5203,20241214,1
24052ISA_5212,20241214,1
24052ISA_5201,20241221,1
24052ISA_5202,20241221,1
24052ISA_5203,20241221,1
24052ISA_5212,20241221,1
24052ISA_5201,20241228,1
24052ISA_5202,20241228,1
24052ISA_5203,20241228,1
24052ISA_5212,20241228,1
24052ISA_5201,20250104,1
24052ISA_5202,20250104,1
24052ISA_5203,20250104,1
24052ISA_5212,20250104,1
24052ISA_5201,20250111,1
24052ISA_5202,20250111,1
24052ISA_5203,20250111,1
24052ISA_5212,20250111,1
24052ISA_5201,20250118,1
24052ISA_5202,20250118,1
24052ISA_5203,20250118,1
24052ISA_5212,20250118,1
24052ISA_5201,20250125,1
24052ISA_5202,20250125,1
24052ISA_5203,20250125,1
24052ISA_5212,20250125,1
24052ISA_5201,20250201,1
24052ISA_5202,20250201,1
24052ISA_5203,20250201,1
24052ISA_5212,20250201,1
24052ISA_5201,20250208,1
24052ISA_5202,20250208,1
24052ISA_5203,20250208,1
24052ISA_5212,20250208,1
24052ISA_5201,20250215,1
24052ISA_5202,20250215,1
24052ISA_5203,20250215,1
24052ISA_5212,20250215,1
24052ISA_5201,20250222,1
24052ISA_5202,20250222,1
24052ISA_5203,20250222,1
24052ISA_5212,20250222,1
24052ISA_5201,20250301,1
24052ISA_5202,20250301,1
24052ISA_5203,20250301,1
24052ISA_5212,20250301,1
24052ISA_5201,20250308,1
24052ISA_5202,20250308,1
24052ISA_5203,20250308,1
24052ISA_5212,20250308,1
24052ISA_5201,20250315,1
24052ISA_5202,20250315,1
24052ISA_5203,20250315,1
24052ISA_5212,20250315,1
24052ISA_5201,20250322,1
24052ISA_5202,20250322,1
24052ISA_5203,20250322,1
24052ISA_5212,20250322,1
24052ISA_5201,20250329,1
24052ISA_5202,20250329,1
24052ISA_5203,20250329,1
24052ISA_5212,20250329,1
24052ISA_5201,20250405,1
24052ISA_5202,20250405,1
24052ISA_5203,20250405,1
24052ISA_5212,20250405,1
24052ISA_5201,20250412,1
24052ISA_5202,20250412,1
24052ISA_5203,20250412,1
24052ISA_5212,20250412,1
24052ISA_5201,20250419,1
24052ISA_5202,20250419,1
24052ISA_5203,20250419,1
24052ISA_5212,20250419,1
24052ISA_5201,20250426,1
24052ISA_5202,20250426,1
24052ISA_5203,20250426,1
24052ISA_5212,20250426,1
24052ISA_5201,20250503,1
24052ISA_5202,20250503,1
24052ISA_5203,20250503,1
24052ISA_5212,20250503,1
24052ISA_5201,20250510,1
24052ISA_5202,20250510,1
24052ISA_5203,20250510,1
24052ISA_5212,20250510,1
24052ISA_5201,20250517,1
24052ISA_5202,20250517,1
24052ISA_5203,20250517,1
24052ISA_5212,20250517,1
24052ISA_5201,20250524,1
24052ISA_5202,20250524,1
24052ISA_5203,20250524,1
24052ISA_5212,20250524,1
24052ISA_5201,20250531,1
24052ISA_5202,20250531,1
24052ISA_5203,20250531,1
24052ISA_5212,20250531,1
24052ISA_5201,20250607,1
24052ISA_5202,20250607,1
24052ISA_5203,20250607,1
24052ISA_5212,20250607,1
24052ISA_5201,20250614,1
24052ISA_5202,20250614,1
24052ISA_5203,20250614,1
24052ISA_5212,20250614,1
24052ISA_5201,20250621,1
24052ISA_5202,20250621,1
24052ISA_5203,20250621,1
24052ISA_5212,20250621,1
24052ISA_5201,20250628,1
24052ISA_5202,20250628,1
24052ISA_5203,20250628,1
24052ISA_5212,20250628,1
24061IFA_6101,20240908,1
24061IFA_6102,20240908,1
24061IFA_6101,20240915,1
24061IFA_6102,20240915,1
24061IFA_6101,20240922,1
24061IFA_6102,20240922,1
24061IFA_6101,20240929,1
24061IFA_6102,20240929,1
24061IFA_6101,20241006,1
24061IFA_6102,20241006,1
24061IFA_6101,20241012,1
24061IFA_6102,20241012,1
24061IFA_6101,20241013,1
24061IFA_6102,20241013,1
24061IFA_6101,20241020,1
24061IFA_6102,20241020,1
24061IFA_6101,20241027,1
24061IFA_6102,20241027,1
24061IFA_6101,20241101,1
24061IFA_6102,20241101,1
24061IFA_6101,20241103,1
24061IFA_6102,20241103,1
24061IFA_6101,20241110,1
24061IFA_6102,20241110,1
24061IFA_6101,20241117,1
24061IFA_6102,20241117,1
24061IFA_6101,20241124,1
24061IFA_6102,20241124,1
24061IFA_6101,20241201,1
24061IFA_6102,20241201,1
24061IFA_6101,20241206,1
24061IFA_6102,20241206,1
24061IFA_6101,20241208,1
24061IFA_6102,20241208,1
24061IFA_6101,20241215,1
24061IFA_6102,20241215,1
24061IFA_6101,20241222,1
24061IFA_6102,20241222,1
24061IFA_6101,20241225,1
24061IFA_6102,20241225,1
24061IFA_6101,20241229,1
24061IFA_6102,20241229,1
24061IFA_6101,20250101,1
24061IFA_6102,20250101,1
24061IFA_6101,20250105,1
24061IFA_6102,20250105,1
24061IFA_6101,20250106,1
24061IFA_6102,20250106,1
24061IFA_6101,20250112,1
24061IFA_6102,20250112,1
24061IFA_6101,20250119,1
24061IFA_6102,20250119,1
24061IFA_6101,20250126,1
24061IFA_6102,20250126,1
24061IFA_6101,20250202,1
24061IFA_6102,20250202,1
24061IFA_6101,20250209,1
24061IFA_6102,20250209,1
24061IFA_6101,20250216,1
24061IFA_6102,20250216,1
24061IFA_6101,20250223,1
24061IFA_6102,20250223,1
24061IFA_6101,20250302,1
24061IFA_6102,20250302,1
24061IFA_6101,20250309,1
24061IFA_6102,20250309,1
24061IFA_6101,20250316,1
24061IFA_6102,20250316,1
24061IFA_6101,20250323,1
24061IFA_6102,20250323,1
24061IFA_6101,20250330,1
24061IFA_6102,20250330,1
24061IFA_6101,20250406,1
24061IFA_6102,20250406,1
24061IFA_6101,20250413,1
24061IFA_6102,20250413,1
24061IFA_6101,20250417,1
24061IFA_6102,20250417,1
24061IFA_6101,20250418,1
24061IFA_6102,20250418,1
24061IFA_6101,20250420,1
24061IFA_6102,20250420,1
24061IFA_6101,20250427,1
24061IFA_6102,20250427,1
24061IFA_6101,20250501,1
24061IFA_6102,20250501,1
24061IFA_6101,20250504,1
24061IFA_6102,20250504,1
24061IFA_6101,20250511,1
24061IFA_6102,20250511,1
24061IFA_6101,20250518,1
24061IFA_6102,20250518,1
24061IFA_6101,20250525,1
24061IFA_6102,20250525,1
24061IFA_6101,20250601,1
24061IFA_6102,20250601,1
24061IFA_6101,20250608,1
24061IFA_6102,20250608,1
24061IFA_6101,20250609,1
24061IFA_6102,20250609,1
24061IFA_6101,20250615,1
24061IFA_6102,20250615,1
24061IFA_6101,20250622,1
24061IFA_6102,20250622,1
24061IFA_6101,20250629,1
24061IFA_6102,20250629,1
24061ILA_6101,20240903,1
24061ILA_6102,20240903,1
24061ILA_6101,20240904,1
24061ILA_6102,20240904,1
24061ILA_6101,20240905,1
24061ILA_6102,20240905,1
24061ILA_6101,20240906,1
24061ILA_6102,20240906,1
24061ILA_6101,20240909,1
24061ILA_6102,20240909,1
24061ILA_6101,20240910,1
24061ILA_6102,20240910,1
24061ILA_6101,20240911,1
24061ILA_6102,20240911,1
24061ILA_6101,20240912,1
24061ILA_6102,20240912,1
24061ILA_6101,20240913,1
24061ILA_6102,20240913,1
24061ILA_6101,20240916,1
24061ILA_6102,20240916,1
24061ILA_6101,20240917,1
24061ILA_6102,20240917,1
24061ILA_6101,20240918,1
24061ILA_6102,20240918,1
24061ILA_6101,20240919,1
24061ILA_6102,20240919,1
24061ILA_6101,20240920,1
24061ILA_6102,20240920,1
24061ILA_6101,20240923,1
24061ILA_6102,20240923,1
24061ILA_6101,20240924,1
24061ILA_6102,20240924,1
24061ILA_6101,20240925,1
24061ILA_6102,20240925,1
24061ILA_6101,20240926,1
24061ILA_6102,20240926,1
24061ILA_6101,20240927,1
24061ILA_6102,20240927,1
24061ILA_6101,20240930,1
24061ILA_6102,20240930,1
24061ILA_6101,20241001,1
24061ILA_6102,20241001,1
24061ILA_6101,20241002,1
24061ILA_6102,20241002,1
24061ILA_6101,20241003,1
24061ILA_6102,20241003,1
24061ILA_6101,20241004,1
24061ILA_6102,20241004,1
24061ILA_6101,20241007,1
24061ILA_6102,20241007,1
24061ILA_6101,20241008,1
24061ILA_6102,20241008,1
24061ILA_6101,20241009,1
24061ILA_6102,20241009,1
24061ILA_6101,20241010,1
24061ILA_6102,20241010,1
24061ILA_6101,20241011,1
24061ILA_6102,20241011,1
24061ILA_6101,20241014,1
24061ILA_6102,20241014,1
24061ILA_6101,20241015,1
24061ILA_6102,20241015,1
24061ILA_6101,20241016,1
24061ILA_6102,20241016,1
24061ILA_6101,20241017,1
24061ILA_6102,20241017,1
24061ILA_6101,20241018,1
24061ILA_6102,20241018,1
24061ILA_6101,20241021,1
24061ILA_6102,20241021,1
24061ILA_6101,20241022,1
24061ILA_6102,20241022,1
24061ILA_6101,20241023,1
24061ILA_6102,20241023,1
24061ILA_6101,20241024,1
24061ILA_6102,20241024,1
24061ILA_6101,20241025,1
24061ILA_6102,20241025,1
24061ILA_6101,20241028,1
24061ILA_6102,20241028,1
24061ILA_6101,20241029,1
24061ILA_6102,20241029,1
24061ILA_6101,20241030,1
24061ILA_6102,20241030,1
24061ILA_6101,20241031,1
24061ILA_6102,20241031,1
24061ILA_6101,20241104,1
24061ILA_6102,20241104,1
24061ILA_6101,20241105,1
24061ILA_6102,20241105,1
24061ILA_6101,20241106,1
24061ILA_6102,20241106,1
24061ILA_6101,20241107,1
24061ILA_6102,20241107,1
24061ILA_6101,20241108,1
24061ILA_6102,20241108,1
24061ILA_6101,20241111,1
24061ILA_6102,20241111,1
24061ILA_6101,20241112,1
24061ILA_6102,20241112,1
24061ILA_6101,20241113,1
24061ILA_6102,20241113,1
24061ILA_6101,20241114,1
24061ILA_6102,20241114,1
24061ILA_6101,20241115,1
24061ILA_6102,20241115,1
24061ILA_6101,20241118,1
24061ILA_6102,20241118,1
24061ILA_6101,20241119,1
24061ILA_6102,20241119,1
24061ILA_6101,20241120,1
24061ILA_6102,20241120,1
24061ILA_6101,20241121,1
24061ILA_6102,20241121,1
24061ILA_6101,20241122,1
24061ILA_6102,20241122,1
24061ILA_6101,20241125,1
24061ILA_6102,20241125,1
24061ILA_6101,20241126,1
24061ILA_6102,20241126,1
24061ILA_6101,20241127,1
24061ILA_6102,20241127,1
24061ILA_6101,20241128,1
24061ILA_6102,20241128,1
24061ILA_6101,20241129,1
24061ILA_6102,20241129,1
24061ILA_6101,20241202,1
24061ILA_6102,20241202,1
24061ILA_6101,20241203,1
24061ILA_6102,20241203,1
24061ILA_6101,20241204,1
24061ILA_6102,20241204,1
24061ILA_6101,20241205,1
24061ILA_6102,20241205,1
24061ILA_6101,20241209,1
24061ILA_6102,20241209,1
24061ILA_6101,20241210,1
24061ILA_6102,20241210,1
24061ILA_6101,20241211,1
24061ILA_6102,20241211,1
24061ILA_6101,20241212,1
24061ILA_6102,20241212,1
24061ILA_6101,20241213,1
24061ILA_6102,20241213,1
24061ILA_6101,20241216,1
24061ILA_6102,20241216,1
24061ILA_6101,20241217,1
24061ILA_6102,20241217,1
24061ILA_6101,20241218,1
24061ILA_6102,20241218,1
24061ILA_6101,20241219,1
24061ILA_6102,20241219,1
24061ILA_6101,20241220,1
24061ILA_6102,20241220,1
24061ILA_6101,20241223,1
24061ILA_6102,20241223,1
24061ILA_6101,20241224,1
24061ILA_6102,20241224,1
24061ILA_6101,20241226,1
24061ILA_6102,20241226,1
24061ILA_6101,20241227,1
24061ILA_6102,20241227,1
24061ILA_6101,20241230,1
24061ILA_6102,20241230,1
24061ILA_6101,20241231,1
24061ILA_6102,20241231,1
24061ILA_6101,20250102,1
24061ILA_6102,20250102,1
24061ILA_6101,20250103,1
24061ILA_6102,20250103,1
24061ILA_6101,20250107,1
24061ILA_6102,20250107,1
24061ILA_6101,20250108,1
24061ILA_6102,20250108,1
24061ILA_6101,20250109,1
24061ILA_6102,20250109,1
24061ILA_6101,20250110,1
24061ILA_6102,20250110,1
24061ILA_6101,20250113,1
24061ILA_6102,20250113,1
24061ILA_6101,20250114,1
24061ILA_6102,20250114,1
24061ILA_6101,20250115,1
24061ILA_6102,20250115,1
24061ILA_6101,20250116,1
24061ILA_6102,20250116,1
24061ILA_6101,20250117,1
24061ILA_6102,20250117,1
24061ILA_6101,20250120,1
24061ILA_6102,20250120,1
24061ILA_6101,20250121,1
24061ILA_6102,20250121,1
24061ILA_6101,20250122,1
24061ILA_6102,20250122,1
24061ILA_6101,20250123,1
24061ILA_6102,20250123,1
24061ILA_6101,20250124,1
24061ILA_6102,20250124,1
24061ILA_6101,20250127,1
24061ILA_6102,20250127,1
24061ILA_6101,20250128,1
24061ILA_6102,20250128,1
24061ILA_6101,20250129,1
24061ILA_6102,20250129,1
24061ILA_6101,20250130,1
24061ILA_6102,20250130,1
24061ILA_6101,20250131,1
24061ILA_6102,20250131,1
24061ILA_6101,20250203,1
24061ILA_6102,20250203,1
24061ILA_6101,20250204,1
24061ILA_6102,20250204,1
24061ILA_6101,20250205,1
24061ILA_6102,20250205,1
24061ILA_6101,20250206,1
24061ILA_6102,20250206,1
24061ILA_6101,20250207,1
24061ILA_6102,20250207,1
24061ILA_6101,20250210,1
24061ILA_6102,20250210,1
24061ILA_6101,20250211,1
24061ILA_6102,20250211,1
24061ILA_6101,20250212,1
24061ILA_6102,20250212,1
24061ILA_6101,20250213,1
24061ILA_6102,20250213,1
24061ILA_6101,20250214,1
24061ILA_6102,20250214,1
24061ILA_6101,20250217,1
24061ILA_6102,20250217,1
24061ILA_6101,20250218,1
24061ILA_6102,20250218,1
24061ILA_6101,20250219,1
24061ILA_6102,20250219,1
24061ILA_6101,20250220,1
24061ILA_6102,20250220,1
24061ILA_6101,20250221,1
24061ILA_6102,20250221,1
24061ILA_6101,20250224,1
24061ILA_6102,20250224,1
24061ILA_6101,20250225,1
24061ILA_6102,20250225,1
24061ILA_6101,20250226,1
24061ILA_6102,20250226,1
24061ILA_6101,20250227,1
24061ILA_6102,20250227,1
24061ILA_6101,20250228,1
24061ILA_6102,20250228,1
24061ILA_6101,20250303,1
24061ILA_6102,20250303,1
24061ILA_6101,20250304,1
24061ILA_6102,20250304,1
24061ILA_6101,20250305,1
24061ILA_6102,20250305,1
24061ILA_6101,20250306,1
24061ILA_6102,20250306,1
24061ILA_6101,20250307,1
24061ILA_6102,20250307,1
24061ILA_6101,20250310,1
24061ILA_6102,20250310,1
24061ILA_6101,20250311,1
24061ILA_6102,20250311,1
24061ILA_6101,20250312,1
24061ILA_6102,20250312,1
24061ILA_6101,20250313,1
24061ILA_6102,20250313,1
24061ILA_6101,20250314,1
24061ILA_6102,20250314,1
24061ILA_6101,20250317,1
24061ILA_6102,20250317,1
24061ILA_6101,20250318,1
24061ILA_6102,20250318,1
24061ILA_6101,20250319,1
24061ILA_6102,20250319,1
24061ILA_6101,20250320,1
24061ILA_6102,20250320,1
24061ILA_6101,20250321,1
24061ILA_6102,20250321,1
24061ILA_6101,20250324,1
24061ILA_6102,20250324,1
24061ILA_6101,20250325,1
24061ILA_6102,20250325,1
24061ILA_6101,20250326,1
24061ILA_6102,20250326,1
24061ILA_6101,20250327,1
24061ILA_6102,20250327,1
24061ILA_6101,20250328,1
24061ILA_6102,20250328,1
24061ILA_6101,20250331,1
24061ILA_6102,20250331,1
24061ILA_6101,20250401,1
24061ILA_6102,20250401,1
24061ILA_6101,20250402,1
24061ILA_6102,20250402,1
24061ILA_6101,20250403,1
24061ILA_6102,20250403,1
24061ILA_6101,20250404,1
24061ILA_6102,20250404,1
24061ILA_6101,20250407,1
24061ILA_6102,20250407,1
24061ILA_6101,20250408,1
24061ILA_6102,20250408,1
24061ILA_6101,20250409,1
24061ILA_6102,20250409,1
24061ILA_6101,20250410,1
24061ILA_6102,20250410,1
24061ILA_6101,20250411,1
24061ILA_6102,20250411,1
24061ILA_6101,20250414,1
24061ILA_6102,20250414,1
24061ILA_6101,20250415,1
24061ILA_6102,20250415,1
24061ILA_6101,20250416,1
24061ILA_6102,20250416,1
24061ILA_6101,20250421,1
24061ILA_6102,20250421,1
24061ILA_6101,20250422,1
24061ILA_6102,20250422,1
24061ILA_6101,20250423,1
24061ILA_6102,20250423,1
24061ILA_6101,20250424,1
24061ILA_6102,20250424,1
24061ILA_6101,20250425,1
24061ILA_6102,20250425,1
24061ILA_6101,20250428,1
24061ILA_6102,20250428,1
24061ILA_6101,20250429,1
24061ILA_6102,20250429,1
24061ILA_6101,20250430,1
24061ILA_6102,20250430,1
24061ILA_6101,20250502,1
24061ILA_6102,20250502,1
24061ILA_6101,20250505,1
24061ILA_6102,20250505,1
24061ILA_6101,20250506,1
24061ILA_6102,20250506,1
24061ILA_6101,20250507,1
24061ILA_6102,20250507,1
24061ILA_6101,20250508,1
24061ILA_6102,20250508,1
24061ILA_6101,20250509,1
24061ILA_6102,20250509,1
24061ILA_6101,20250512,1
24061ILA_6102,20250512,1
24061ILA_6101,20250513,1
24061ILA_6102,20250513,1
24061ILA_6101,20250514,1
24061ILA_6102,20250514,1
24061ILA_6101,20250515,1
24061ILA_6102,20250515,1
24061ILA_6101,20250516,1
24061ILA_6102,20250516,1
24061ILA_6101,20250519,1
24061ILA_6102,20250519,1
24061ILA_6101,20250520,1
24061ILA_6102,20250520,1
24061ILA_6101,20250521,1
24061ILA_6102,20250521,1
24061ILA_6101,20250522,1
24061ILA_6102,20250522,1
24061ILA_6101,20250523,1
24061ILA_6102,20250523,1
24061ILA_6101,20250526,1
24061ILA_6102,20250526,1
24061ILA_6101,20250527,1
24061ILA_6102,20250527,1
24061ILA_6101,20250528,1
24061ILA_6102,20250528,1
24061ILA_6101,20250529,1
24061ILA_6102,20250529,1
24061ILA_6101,20250530,1
24061ILA_6102,20250530,1
24061ILA_6101,20250602,1
24061ILA_6102,20250602,1
24061ILA_6101,20250603,1
24061ILA_6102,20250603,1
24061ILA_6101,20250604,1
24061ILA_6102,20250604,1
24061ILA_6101,20250605,1
24061ILA_6102,20250605,1
24061ILA_6101,20250606,1
24061ILA_6102,20250606,1
24061ILA_6101,20250610,1
24061ILA_6102,20250610,1
24061ILA_6101,20250611,1
24061ILA_6102,20250611,1
24061ILA_6101,20250612,1
24061ILA_6102,20250612,1
24061ILA_6101,20250613,1
24061ILA_6102,20250613,1
24061ILA_6101,20250616,1
24061ILA_6102,20250616,1
24061ILA_6101,20250617,1
24061ILA_6102,20250617,1
24061ILA_6101,20250618,1
24061ILA_6102,20250618,1
24061ILA_6101,20250619,1
24061ILA_6102,20250619,1
24061ILA_6101,20250620,1
24061ILA_6102,20250620,1
24061ILA_6101,20250623,1
24061ILA_6102,20250623,1
24061ILA_6101,20250624,1
24061ILA_6102,20250624,1
24061ILA_6101,20250625,1
24061ILA_6102,20250625,1
24061ILA_6101,20250626,1
24061ILA_6102,20250626,1
24061ILA_6101,20250627,1
24061ILA_6102,20250627,1
24061ILA_6101,20250630,1
24061ILA_6102,20250630,1
24061ISA_6101,20240907,1
24061ISA_6102,20240907,1
24061ISA_6101,20240914,1
24061ISA_6102,20240914,1
24061ISA_6101,20240921,1
24061ISA_6102,20240921,1
24061ISA_6101,20240928,1
24061ISA_6102,20240928,1
24061ISA_6101,20241005,1
24061ISA_6102,20241005,1
24061ISA_6101,20241019,1
24061ISA_6102,20241019,1
24061ISA_6101,20241026,1
24061ISA_6102,20241026,1
24061ISA_6101,20241102,1
24061ISA_6102,20241102,1
24061ISA_6101,20241109,1
24061ISA_6102,20241109,1
24061ISA_6101,20241116,1
24061ISA_6102,20241116,1
24061ISA_6101,20241123,1
24061ISA_6102,20241123,1
24061ISA_6101,20241130,1
24061ISA_6102,20241130,1
24061ISA_6101,20241207,1
24061ISA_6102,20241207,1
24061ISA_6101,20241214,1
24061ISA_6102,20241214,1
24061ISA_6101,20241221,1
24061ISA_6102,20241221,1
24061ISA_6101,20241228,1
24061ISA_6102,20241228,1
24061ISA_6101,20250104,1
24061ISA_6102,20250104,1
24061ISA_6101,20250111,1
24061ISA_6102,20250111,1
24061ISA_6101,20250118,1
24061ISA_6102,20250118,1
24061ISA_6101,20250125,1
24061ISA_6102,20250125,1
24061ISA_6101,20250201,1
24061ISA_6102,20250201,1
24061ISA_6101,20250208,1
24061ISA_6102,20250208,1
24061ISA_6101,20250215,1
24061ISA_6102,20250215,1
24061ISA_6101,20250222,1
24061ISA_6102,20250222,1
24061ISA_6101,20250301,1
24061ISA_6102,20250301,1
24061ISA_6101,20250308,1
24061ISA_6102,20250308,1
24061ISA_6101,20250315,1
24061ISA_6102,20250315,1
24061ISA_6101,20250322,1
24061ISA_6102,20250322,1
24061ISA_6101,20250329,1
24061ISA_6102,20250329,1
24061ISA_6101,20250405,1
24061ISA_6102,20250405,1
24061ISA_6101,20250412,1
24061ISA_6102,20250412,1
24061ISA_6101,20250419,1
24061ISA_6102,20250419,1
24061ISA_6101,20250426,1
24061ISA_6102,20250426,1
24061ISA_6101,20250503,1
24061ISA_6102,20250503,1
24061ISA_6101,20250510,1
24061ISA_6102,20250510,1
24061ISA_6101,20250517,1
24061ISA_6102,20250517,1
24061ISA_6101,20250524,1
24061ISA_6102,20250524,1
24061ISA_6101,20250531,1
24061ISA_6102,20250531,1
24061ISA_6101,20250607,1
24061ISA_6102,20250607,1
24061ISA_6101,20250614,1
24061ISA_6102,20250614,1
24061ISA_6101,20250621,1
24061ISA_6102,20250621,1
24061ISA_6101,20250628,1
24061ISA_6102,20250628,1
24062IFA_6201,20240908,1
24062IFA_6202,20240908,1
24062IFA_6211,20240908,1
24062IFA_6201,20240915,1
24062IFA_6202,20240915,1
24062IFA_6211,20240915,1
24062IFA_6201,20240922,1
24062IFA_6202,20240922,1
24062IFA_6211,20240922,1
24062IFA_6201,20240929,1
24062IFA_6202,20240929,1
24062IFA_6211,20240929,1
24062IFA_6201,20241006,1
24062IFA_6202,20241006,1
24062IFA_6211,20241006,1
24062IFA_6201,20241012,1
24062IFA_6202,20241012,1
24062IFA_6211,20241012,1
24062IFA_6201,20241013,1
24062IFA_6202,20241013,1
24062IFA_6211,20241013,1
24062IFA_6201,20241020,1
24062IFA_6202,20241020,1
24062IFA_6211,20241020,1
24062IFA_6201,20241027,1
24062IFA_6202,20241027,1
24062IFA_6211,20241027,1
24062IFA_6201,20241101,1
24062IFA_6202,20241101,1
24062IFA_6211,20241101,1
24062IFA_6201,20241103,1
24062IFA_6202,20241103,1
24062IFA_6211,20241103,1
24062IFA_6201,20241110,1
24062IFA_6202,20241110,1
24062IFA_6211,20241110,1
24062IFA_6201,20241117,1
24062IFA_6202,20241117,1
24062IFA_6211,20241117,1
24062IFA_6201,20241124,1
24062IFA_6202,20241124,1
24062IFA_6211,20241124,1
24062IFA_6201,20241201,1
24062IFA_6202,20241201,1
24062IFA_6211,20241201,1
24062IFA_6201,20241206,1
24062IFA_6202,20241206,1
24062IFA_6211,20241206,1
24062IFA_6201,20241208,1
24062IFA_6202,20241208,1
24062IFA_6211,20241208,1
24062IFA_6201,20241215,1
24062IFA_6202,20241215,1
24062IFA_6211,20241215,1
24062IFA_6201,20241222,1
24062IFA_6202,20241222,1
24062IFA_6211,20241222,1
24062IFA_6201,20241225,1
24062IFA_6202,20241225,1
24062IFA_6211,20241225,1
24062IFA_6201,20241229,1
24062IFA_6202,20241229,1
24062IFA_6211,20241229,1
24062IFA_6201,20250101,1
24062IFA_6202,20250101,1
24062IFA_6211,20250101,1
24062IFA_6201,20250105,1
24062IFA_6202,20250105,1
24062IFA_6211,20250105,1
24062IFA_6201,20250106,1
24062IFA_6202,20250106,1
24062IFA_6211,20250106,1
24062IFA_6201,20250112,1
24062IFA_6202,20250112,1
24062IFA_6211,20250112,1
24062IFA_6201,20250119,1
24062IFA_6202,20250119,1
24062IFA_6211,20250119,1
24062IFA_6201,20250126,1
24062IFA_6202,20250126,1
24062IFA_6211,20250126,1
24062IFA_6201,20250202,1
24062IFA_6202,20250202,1
24062IFA_6211,20250202,1
24062IFA_6201,20250209,1
24062IFA_6202,20250209,1
24062IFA_6211,20250209,1
24062IFA_6201,20250216,1
24062IFA_6202,20250216,1
24062IFA_6211,20250216,1
24062IFA_6201,20250223,1
24062IFA_6202,20250223,1
24062IFA_6211,20250223,1
24062IFA_6201,20250302,1
24062IFA_6202,20250302,1
24062IFA_6211,20250302,1
24062IFA_6201,20250309,1
24062IFA_6202,20250309,1
24062IFA_6211,20250309,1
24062IFA_6201,20250316,1
24062IFA_6202,20250316,1
24062IFA_6211,20250316,1
24062IFA_6201,20250323,1
24062IFA_6202,20250323,1
24062IFA_6211,20250323,1
24062IFA_6201,20250330,1
24062IFA_6202,20250330,1
24062IFA_6211,20250330,1
24062IFA_6201,20250406,1
24062IFA_6202,20250406,1
24062IFA_6211,20250406,1
24062IFA_6201,20250413,1
24062IFA_6202,20250413,1
24062IFA_6211,20250413,1
24062IFA_6201,20250417,1
24062IFA_6202,20250417,1
24062IFA_6211,20250417,1
24062IFA_6201,20250418,1
24062IFA_6202,20250418,1
24062IFA_6211,20250418,1
24062IFA_6201,20250420,1
24062IFA_6202,20250420,1
24062IFA_6211,20250420,1
24062IFA_6201,20250427,1
24062IFA_6202,20250427,1
24062IFA_6211,20250427,1
24062IFA_6201,20250501,1
24062IFA_6202,20250501,1
24062IFA_6211,20250501,1
24062IFA_6201,20250504,1
24062IFA_6202,20250504,1
24062IFA_6211,20250504,1
24062IFA_6201,20250511,1
24062IFA_6202,20250511,1
24062IFA_6211,20250511,1
24062IFA_6201,20250518,1
24062IFA_6202,20250518,1
24062IFA_6211,20250518,1
24062IFA_6201,20250525,1
24062IFA_6202,20250525,1
24062IFA_6211,20250525,1
24062IFA_6201,20250601,1
24062IFA_6202,20250601,1
24062IFA_6211,20250601,1
24062IFA_6201,20250608,1
24062IFA_6202,20250608,1
24062IFA_6211,20250608,1
24062IFA_6201,20250609,1
24062IFA_6202,20250609,1
24062IFA_6211,20250609,1
24062IFA_6201,20250615,1
24062IFA_6202,20250615,1
24062IFA_6211,20250615,1
24062IFA_6201,20250622,1
24062IFA_6202,20250622,1
24062IFA_6211,20250622,1
24062IFA_6201,20250629,1
24062IFA_6202,20250629,1
24062IFA_6211,20250629,1
24062ILA_6201,20240903,1
24062ILA_6202,20240903,1
24062ILA_6201,20240904,1
24062ILA_6202,20240904,1
24062ILA_6201,20240905,1
24062ILA_6202,20240905,1
24062ILA_6201,20240906,1
24062ILA_6202,20240906,1
24062ILA_6201,20240909,1
24062ILA_6202,20240909,1
24062ILA_6201,20240910,1
24062ILA_6202,20240910,1
24062ILA_6201,20240911,1
24062ILA_6202,20240911,1
24062ILA_6201,20240912,1
24062ILA_6202,20240912,1
24062ILA_6201,20240913,1
24062ILA_6202,20240913,1
24062ILA_6201,20240916,1
24062ILA_6202,20240916,1
24062ILA_6201,20240917,1
24062ILA_6202,20240917,1
24062ILA_6201,20240918,1
24062ILA_6202,20240918,1
24062ILA_6201,20240919,1
24062ILA_6202,20240919,1
24062ILA_6201,20240920,1
24062ILA_6202,20240920,1
24062ILA_6201,20240923,1
24062ILA_6202,20240923,1
24062ILA_6201,20240924,1
24062ILA_6202,20240924,1
24062ILA_6201,20240925,1
24062ILA_6202,20240925,1
24062ILA_6201,20240926,1
24062ILA_6202,20240926,1
24062ILA_6201,20240927,1
24062ILA_6202,20240927,1
24062ILA_6201,20240930,1
24062ILA_6202,20240930,1
24062ILA_6201,20241001,1
24062ILA_6202,20241001,1
24062ILA_6201,20241002,1
24062ILA_6202,20241002,1
24062ILA_6201,20241003,1
24062ILA_6202,20241003,1
24062ILA_6201,20241004,1
24062ILA_6202,20241004,1
24062ILA_6201,20241007,1
24062ILA_6202,20241007,1
24062ILA_6201,20241008,1
24062ILA_6202,20241008,1
24062ILA_6201,20241009,1
24062ILA_6202,20241009,1
24062ILA_6201,20241010,1
24062ILA_6202,20241010,1
24062ILA_6201,20241011,1
24062ILA_6202,20241011,1
24062ILA_6201,20241014,1
24062ILA_6202,20241014,1
24062ILA_6201,20241015,1
24062ILA_6202,20241015,1
24062ILA_6201,20241016,1
24062ILA_6202,20241016,1
24062ILA_6201,20241017,1
24062ILA_6202,20241017,1
24062ILA_6201,20241018,1
24062ILA_6202,20241018,1
24062ILA_6201,20241021,1
24062ILA_6202,20241021,1
24062ILA_6201,20241022,1
24062ILA_6202,20241022,1
24062ILA_6201,20241023,1
24062ILA_6202,20241023,1
24062ILA_6201,20241024,1
24062ILA_6202,20241024,1
24062ILA_6201,20241025,1
24062ILA_6202,20241025,1
24062ILA_6201,20241028,1
24062ILA_6202,20241028,1
24062ILA_6201,20241029,1
24062ILA_6202,20241029,1
24062ILA_6201,20241030,1
24062ILA_6202,20241030,1
24062ILA_6201,20241031,1
24062ILA_6202,20241031,1
24062ILA_6201,20241104,1
24062ILA_6202,20241104,1
24062ILA_6201,20241105,1
24062ILA_6202,20241105,1
24062ILA_6201,20241106,1
24062ILA_6202,20241106,1
24062ILA_6201,20241107,1
24062ILA_6202,20241107,1
24062ILA_6201,20241108,1
24062ILA_6202,20241108,1
24062ILA_6201,20241111,1
24062ILA_6202,20241111,1
24062ILA_6201,20241112,1
24062ILA_6202,20241112,1
24062ILA_6201,20241113,1
24062ILA_6202,20241113,1
24062ILA_6201,20241114,1
24062ILA_6202,20241114,1
24062ILA_6201,20241115,1
24062ILA_6202,20241115,1
24062ILA_6201,20241118,1
24062ILA_6202,20241118,1
24062ILA_6201,20241119,1
24062ILA_6202,20241119,1
24062ILA_6201,20241120,1
24062ILA_6202,20241120,1
24062ILA_6201,20241121,1
24062ILA_6202,20241121,1
24062ILA_6201,20241122,1
24062ILA_6202,20241122,1
24062ILA_6201,20241125,1
24062ILA_6202,20241125,1
24062ILA_6201,20241126,1
24062ILA_6202,20241126,1
24062ILA_6201,20241127,1
24062ILA_6202,20241127,1
24062ILA_6201,20241128,1
24062ILA_6202,20241128,1
24062ILA_6201,20241129,1
24062ILA_6202,20241129,1
24062ILA_6201,20241202,1
24062ILA_6202,20241202,1
24062ILA_6201,20241203,1
24062ILA_6202,20241203,1
24062ILA_6201,20241204,1
24062ILA_6202,20241204,1
24062ILA_6201,20241205,1
24062ILA_6202,20241205,1
24062ILA_6201,20241209,1
24062ILA_6202,20241209,1
24062ILA_6201,20241210,1
24062ILA_6202,20241210,1
24062ILA_6201,20241211,1
24062ILA_6202,20241211,1
24062ILA_6201,20241212,1
24062ILA_6202,20241212,1
24062ILA_6201,20241213,1
24062ILA_6202,20241213,1
24062ILA_6201,20241216,1
24062ILA_6202,20241216,1
24062ILA_6201,20241217,1
24062ILA_6202,20241217,1
24062ILA_6201,20241218,1
24062ILA_6202,20241218,1
24062ILA_6201,20241219,1
24062ILA_6202,20241219,1
24062ILA_6201,20241220,1
24062ILA_6202,20241220,1
24062ILA_6201,20241223,1
24062ILA_6202,20241223,1
24062ILA_6201,20241224,1
24062ILA_6202,20241224,1
24062ILA_6201,20241226,1
24062ILA_6202,20241226,1
24062ILA_6201,20241227,1
24062ILA_6202,20241227,1
24062ILA_6201,20241230,1
24062ILA_6202,20241230,1
24062ILA_6201,20241231,1
24062ILA_6202,20241231,1
24062ILA_6201,20250102,1
24062ILA_6202,20250102,1
24062ILA_6201,20250103,1
24062ILA_6202,20250103,1
24062ILA_6201,20250107,1
24062ILA_6202,20250107,1
24062ILA_6201,20250108,1
24062ILA_6202,20250108,1
24062ILA_6201,20250109,1
24062ILA_6202,20250109,1
24062ILA_6201,20250110,1
24062ILA_6202,20250110,1
24062ILA_6201,20250113,1
24062ILA_6202,20250113,1
24062ILA_6201,20250114,1
24062ILA_6202,20250114,1
24062ILA_6201,20250115,1
24062ILA_6202,20250115,1
24062ILA_6201,20250116,1
24062ILA_6202,20250116,1
24062ILA_6201,20250117,1
24062ILA_6202,20250117,1
24062ILA_6201,20250120,1
24062ILA_6202,20250120,1
24062ILA_6201,20250121,1
24062ILA_6202,20250121,1
24062ILA_6201,20250122,1
24062ILA_6202,20250122,1
24062ILA_6201,20250123,1
24062ILA_6202,20250123,1
24062ILA_6201,20250124,1
24062ILA_6202,20250124,1
24062ILA_6201,20250127,1
24062ILA_6202,20250127,1
24062ILA_6201,20250128,1
24062ILA_6202,20250128,1
24062ILA_6201,20250129,1
24062ILA_6202,20250129,1
24062ILA_6201,20250130,1
24062ILA_6202,20250130,1
24062ILA_6201,20250131,1
24062ILA_6202,20250131,1
24062ILA_6201,20250203,1
24062ILA_6202,20250203,1
24062ILA_6201,20250204,1
24062ILA_6202,20250204,1
24062ILA_6201,20250205,1
24062ILA_6202,20250205,1
24062ILA_6201,20250206,1
24062ILA_6202,20250206,1
24062ILA_6201,20250207,1
24062ILA_6202,20250207,1
24062ILA_6201,20250210,1
24062ILA_6202,20250210,1
24062ILA_6201,20250211,1
24062ILA_6202,20250211,1
24062ILA_6201,20250212,1
24062ILA_6202,20250212,1
24062ILA_6201,20250213,1
24062ILA_6202,20250213,1
24062ILA_6201,20250214,1
24062ILA_6202,20250214,1
24062ILA_6201,20250217,1
24062ILA_6202,20250217,1
24062ILA_6201,20250218,1
24062ILA_6202,20250218,1
24062ILA_6201,20250219,1
24062ILA_6202,20250219,1
24062ILA_6201,20250220,1
24062ILA_6202,20250220,1
24062ILA_6201,20250221,1
24062ILA_6202,20250221,1
24062ILA_6201,20250224,1
24062ILA_6202,20250224,1
24062ILA_6201,20250225,1
24062ILA_6202,20250225,1
24062ILA_6201,20250226,1
24062ILA_6202,20250226,1
24062ILA_6201,20250227,1
24062ILA_6202,20250227,1
24062ILA_6201,20250228,1
24062ILA_6202,20250228,1
24062ILA_6201,20250303,1
24062ILA_6202,20250303,1
24062ILA_6201,20250304,1
24062ILA_6202,20250304,1
24062ILA_6201,20250305,1
24062ILA_6202,20250305,1
24062ILA_6201,20250306,1
24062ILA_6202,20250306,1
24062ILA_6201,20250307,1
24062ILA_6202,20250307,1
24062ILA_6201,20250310,1
24062ILA_6202,20250310,1
24062ILA_6201,20250311,1
24062ILA_6202,20250311,1
24062ILA_6201,20250312,1
24062ILA_6202,20250312,1
24062ILA_6201,20250313,1
24062ILA_6202,20250313,1
24062ILA_6201,20250314,1
24062ILA_6202,20250314,1
24062ILA_6201,20250317,1
24062ILA_6202,20250317,1
24062ILA_6201,20250318,1
24062ILA_6202,20250318,1
24062ILA_6201,20250319,1
24062ILA_6202,20250319,1
24062ILA_6201,20250320,1
24062ILA_6202,20250320,1
24062ILA_6201,20250321,1
24062ILA_6202,20250321,1
24062ILA_6201,20250324,1
24062ILA_6202,20250324,1
24062ILA_6201,20250325,1
24062ILA_6202,20250325,1
24062ILA_6201,20250326,1
24062ILA_6202,20250326,1
24062ILA_6201,20250327,1
24062ILA_6202,20250327,1
24062ILA_6201,20250328,1
24062ILA_6202,20250328,1
24062ILA_6201,20250331,1
24062ILA_6202,20250331,1
24062ILA_6201,20250401,1
24062ILA_6202,20250401,1
24062ILA_6201,20250402,1
24062ILA_6202,20250402,1
24062ILA_6201,20250403,1
24062ILA_6202,20250403,1
24062ILA_6201,20250404,1
24062ILA_6202,20250404,1
24062ILA_6201,20250407,1
24062ILA_6202,20250407,1
24062ILA_6201,20250408,1
24062ILA_6202,20250408,1
24062ILA_6201,20250409,1
24062ILA_6202,20250409,1
24062ILA_6201,20250410,1
24062ILA_6202,20250410,1
24062ILA_6201,20250411,1
24062ILA_6202,20250411,1
24062ILA_6201,20250414,1
24062ILA_6202,20250414,1
24062ILA_6201,20250415,1
24062ILA_6202,20250415,1
24062ILA_6201,20250416,1
24062ILA_6202,20250416,1
24062ILA_6201,20250421,1
24062ILA_6202,20250421,1
24062ILA_6201,20250422,1
24062ILA_6202,20250422,1
24062ILA_6201,20250423,1
24062ILA_6202,20250423,1
24062ILA_6201,20250424,1
24062ILA_6202,20250424,1
24062ILA_6201,20250425,1
24062ILA_6202,20250425,1
24062ILA_6201,20250428,1
24062ILA_6202,20250428,1
24062ILA_6201,20250429,1
24062ILA_6202,20250429,1
24062ILA_6201,20250430,1
24062ILA_6202,20250430,1
24062ILA_6201,20250502,1
24062ILA_6202,20250502,1
24062ILA_6201,20250505,1
24062ILA_6202,20250505,1
24062ILA_6201,20250506,1
24062ILA_6202,20250506,1
24062ILA_6201,20250507,1
24062ILA_6202,20250507,1
24062ILA_6201,20250508,1
24062ILA_6202,20250508,1
24062ILA_6201,20250509,1
24062ILA_6202,20250509,1
24062ILA_6201,20250512,1
24062ILA_6202,20250512,1
24062ILA_6201,20250513,1
24062ILA_6202,20250513,1
24062ILA_6201,20250514,1
24062ILA_6202,20250514,1
24062ILA_6201,20250515,1
24062ILA_6202,20250515,1
24062ILA_6201,20250516,1
24062ILA_6202,20250516,1
24062ILA_6201,20250519,1
24062ILA_6202,20250519,1
24062ILA_6201,20250520,1
24062ILA_6202,20250520,1
24062ILA_6201,20250521,1
24062ILA_6202,20250521,1
24062ILA_6201,20250522,1
24062ILA_6202,20250522,1
24062ILA_6201,20250523,1
24062ILA_6202,20250523,1
24062ILA_6201,20250526,1
24062ILA_6202,20250526,1
24062ILA_6201,20250527,1
24062ILA_6202,20250527,1
24062ILA_6201,20250528,1
24062ILA_6202,20250528,1
24062ILA_6201,20250529,1
24062ILA_6202,20250529,1
24062ILA_6201,20250530,1
24062ILA_6202,20250530,1
24062ILA_6201,20250602,1
24062ILA_6202,20250602,1
24062ILA_6201,20250603,1
24062ILA_6202,20250603,1
24062ILA_6201,20250604,1
24062ILA_6202,20250604,1
24062ILA_6201,20250605,1
24062ILA_6202,20250605,1
24062ILA_6201,20250606,1
24062ILA_6202,20250606,1
24062ILA_6201,20250610,1
24062ILA_6202,20250610,1
24062ILA_6201,20250611,1
24062ILA_6202,20250611,1
24062ILA_6201,20250612,1
24062ILA_6202,20250612,1
24062ILA_6201,20250613,1
24062ILA_6202,20250613,1
24062ILA_6201,20250616,1
24062ILA_6202,20250616,1
24062ILA_6201,20250617,1
24062ILA_6202,20250617,1
24062ILA_6201,20250618,1
24062ILA_6202,20250618,1
24062ILA_6201,20250619,1
24062ILA_6202,20250619,1
24062ILA_6201,20250620,1
24062ILA_6202,20250620,1
24062ILA_6201,20250623,1
24062ILA_6202,20250623,1
24062ILA_6201,20250624,1
24062ILA_6202,20250624,1
24062ILA_6201,20250625,1
24062ILA_6202,20250625,1
24062ILA_6201,20250626,1
24062ILA_6202,20250626,1
24062ILA_6201,20250627,1
24062ILA_6202,20250627,1
24062ILA_6201,20250630,1
24062ILA_6202,20250630,1
24062ISA_6201,20240907,1
24062ISA_6202,20240907,1
24062ISA_6211,20240907,1
24062ISA_6201,20240914,1
24062ISA_6202,20240914,1
24062ISA_6211,20240914,1
24062ISA_6201,20240921,1
24062ISA_6202,20240921,1
24062ISA_6211,20240921,1
24062ISA_6201,20240928,1
24062ISA_6202,20240928,1
24062ISA_6211,20240928,1
24062ISA_6201,20241005,1
24062ISA_6202,20241005,1
24062ISA_6211,20241005,1
24062ISA_6201,20241019,1
24062ISA_6202,20241019,1
24062ISA_6211,20241019,1
24062ISA_6201,20241026,1
24062ISA_6202,20241026,1
24062ISA_6211,20241026,1
24062ISA_6201,20241102,1
24062ISA_6202,20241102,1
24062ISA_6211,20241102,1
24062ISA_6201,20241109,1
24062ISA_6202,20241109,1
24062ISA_6211,20241109,1
24062ISA_6201,20241116,1
24062ISA_6202,20241116,1
24062ISA_6211,20241116,1
24062ISA_6201,20241123,1
24062ISA_6202,20241123,1
24062ISA_6211,20241123,1
24062ISA_6201,20241130,1
24062ISA_6202,20241130,1
24062ISA_6211,20241130,1
24062ISA_6201,20241207,1
24062ISA_6202,20241207,1
24062ISA_6211,20241207,1
24062ISA_6201,20241214,1
24062ISA_6202,20241214,1
24062ISA_6211,20241214,1
24062ISA_6201,20241221,1
24062ISA_6202,20241221,1
24062ISA_6211,20241221,1
24062ISA_6201,20241228,1
24062ISA_6202,20241228,1
24062ISA_6211,20241228,1
24062ISA_6201,20250104,1
24062ISA_6202,20250104,1
24062ISA_6211,20250104,1
24062ISA_6201,20250111,1
24062ISA_6202,20250111,1
24062ISA_6211,20250111,1
24062ISA_6201,20250118,1
24062ISA_6202,20250118,1
24062ISA_6211,20250118,1
24062ISA_6201,20250125,1
24062ISA_6202,20250125,1
24062ISA_6211,20250125,1
24062ISA_6201,20250201,1
24062ISA_6202,20250201,1
24062ISA_6211,20250201,1
24062ISA_6201,20250208,1
24062ISA_6202,20250208,1
24062ISA_6211,20250208,1
24062ISA_6201,20250215,1
24062ISA_6202,20250215,1
24062ISA_6211,20250215,1
24062ISA_6201,20250222,1
24062ISA_6202,20250222,1
24062ISA_6211,20250222,1
24062ISA_6201,20250301,1
24062ISA_6202,20250301,1
24062ISA_6211,20250301,1
24062ISA_6201,20250308,1
24062ISA_6202,20250308,1
24062ISA_6211,20250308,1
24062ISA_6201,20250315,1
24062ISA_6202,20250315,1
24062ISA_6211,20250315,1
24062ISA_6201,20250322,1
24062ISA_6202,20250322,1
24062ISA_6211,20250322,1
24062ISA_6201,20250329,1
24062ISA_6202,20250329,1
24062ISA_6211,20250329,1
24062ISA_6201,20250405,1
24062ISA_6202,20250405,1
24062ISA_6211,20250405,1
24062ISA_6201,20250412,1
24062ISA_6202,20250412,1
24062ISA_6211,20250412,1
24062ISA_6201,20250419,1
24062ISA_6202,20250419,1
24062ISA_6211,20250419,1
24062ISA_6201,20250426,1
24062ISA_6202,20250426,1
24062ISA_6211,20250426,1
24062ISA_6201,20250503,1
24062ISA_6202,20250503,1
24062ISA_6211,20250503,1
24062ISA_6201,20250510,1
24062ISA_6202,20250510,1
24062ISA_6211,20250510,1
24062ISA_6201,20250517,1
24062ISA_6202,20250517,1
24062ISA_6211,20250517,1
24062ISA_6201,20250524,1
24062ISA_6202,20250524,1
24062ISA_6211,20250524,1
24062ISA_6201,20250531,1
24062ISA_6202,20250531,1
24062ISA_6211,20250531,1
24062ISA_6201,20250607,1
24062ISA_6202,20250607,1
24062ISA_6211,20250607,1
24062ISA_6201,20250614,1
24062ISA_6202,20250614,1
24062ISA_6211,20250614,1
24062ISA_6201,20250621,1
24062ISA_6202,20250621,1
24062ISA_6211,20250621,1
24062ISA_6201,20250628,1
24062ISA_6202,20250628,1
24062ISA_6211,20250628,1
24071IFA_7101,20240908,1
24071IFA_7102,20240908,1
24071IFA_7113,20240908,1
24071IFA_7101,20240915,1
24071IFA_7102,20240915,1
24071IFA_7113,20240915,1
24071IFA_7101,20240922,1
24071IFA_7102,20240922,1
24071IFA_7113,20240922,1
24071IFA_7101,20240929,1
24071IFA_7102,20240929,1
24071IFA_7113,20240929,1
24071IFA_7101,20241006,1
24071IFA_7102,20241006,1
24071IFA_7113,20241006,1
24071IFA_7101,20241012,1
24071IFA_7102,20241012,1
24071IFA_7113,20241012,1
24071IFA_7101,20241013,1
24071IFA_7102,20241013,1
24071IFA_7113,20241013,1
24071IFA_7101,20241020,1
24071IFA_7102,20241020,1
24071IFA_7113,20241020,1
24071IFA_7101,20241027,1
24071IFA_7102,20241027,1
24071IFA_7113,20241027,1
24071IFA_7101,20241101,1
24071IFA_7102,20241101,1
24071IFA_7113,20241101,1
24071IFA_7101,20241103,1
24071IFA_7102,20241103,1
24071IFA_7113,20241103,1
24071IFA_7101,20241110,1
24071IFA_7102,20241110,1
24071IFA_7113,20241110,1
24071IFA_7101,20241117,1
24071IFA_7102,20241117,1
24071IFA_7113,20241117,1
24071IFA_7101,20241124,1
24071IFA_7102,20241124,1
24071IFA_7113,20241124,1
24071IFA_7101,20241201,1
24071IFA_7102,20241201,1
24071IFA_7113,20241201,1
24071IFA_7101,20241206,1
24071IFA_7102,20241206,1
24071IFA_7113,20241206,1
24071IFA_7101,20241208,1
24071IFA_7102,20241208,1
24071IFA_7113,20241208,1
24071IFA_7101,20241215,1
24071IFA_7102,20241215,1
24071IFA_7113,20241215,1
24071IFA_7101,20241222,1
24071IFA_7102,20241222,1
24071IFA_7113,20241222,1
24071IFA_7101,20241225,1
24071IFA_7102,20241225,1
24071IFA_7113,20241225,1
24071IFA_7101,20241229,1
24071IFA_7102,20241229,1
24071IFA_7113,20241229,1
24071IFA_7101,20250101,1
24071IFA_7102,20250101,1
24071IFA_7113,20250101,1
24071IFA_7101,20250105,1
24071IFA_7102,20250105,1
24071IFA_7113,20250105,1
24071IFA_7101,20250106,1
24071IFA_7102,20250106,1
24071IFA_7113,20250106,1
24071IFA_7101,20250112,1
24071IFA_7102,20250112,1
24071IFA_7113,20250112,1
24071IFA_7101,20250119,1
24071IFA_7102,20250119,1
24071IFA_7113,20250119,1
24071IFA_7101,20250126,1
24071IFA_7102,20250126,1
24071IFA_7113,20250126,1
24071IFA_7101,20250202,1
24071IFA_7102,20250202,1
24071IFA_7113,20250202,1
24071IFA_7101,20250209,1
24071IFA_7102,20250209,1
24071IFA_7113,20250209,1
24071IFA_7101,20250216,1
24071IFA_7102,20250216,1
24071IFA_7113,20250216,1
24071IFA_7101,20250223,1
24071IFA_7102,20250223,1
24071IFA_7113,20250223,1
24071IFA_7101,20250302,1
24071IFA_7102,20250302,1
24071IFA_7113,20250302,1
24071IFA_7101,20250309,1
24071IFA_7102,20250309,1
24071IFA_7113,20250309,1
24071IFA_7101,20250316,1
24071IFA_7102,20250316,1
24071IFA_7113,20250316,1
24071IFA_7101,20250323,1
24071IFA_7102,20250323,1
24071IFA_7113,20250323,1
24071IFA_7101,20250330,1
24071IFA_7102,20250330,1
24071IFA_7113,20250330,1
24071IFA_7101,20250406,1
24071IFA_7102,20250406,1
24071IFA_7113,20250406,1
24071IFA_7101,20250413,1
24071IFA_7102,20250413,1
24071IFA_7113,20250413,1
24071IFA_7101,20250417,1
24071IFA_7102,20250417,1
24071IFA_7113,20250417,1
24071IFA_7101,20250418,1
24071IFA_7102,20250418,1
24071IFA_7113,20250418,1
24071IFA_7101,20250420,1
24071IFA_7102,20250420,1
24071IFA_7113,20250420,1
24071IFA_7101,20250427,1
24071IFA_7102,20250427,1
24071IFA_7113,20250427,1
24071IFA_7101,20250501,1
24071IFA_7102,20250501,1
24071IFA_7113,20250501,1
24071IFA_7101,20250504,1
24071IFA_7102,20250504,1
24071IFA_7113,20250504,1
24071IFA_7101,20250511,1
24071IFA_7102,20250511,1
24071IFA_7113,20250511,1
24071IFA_7101,20250518,1
24071IFA_7102,20250518,1
24071IFA_7113,20250518,1
24071IFA_7101,20250525,1
24071IFA_7102,20250525,1
24071IFA_7113,20250525,1
24071IFA_7101,20250601,1
24071IFA_7102,20250601,1
24071IFA_7113,20250601,1
24071IFA_7101,20250608,1
24071IFA_7102,20250608,1
24071IFA_7113,20250608,1
24071IFA_7101,20250609,1
24071IFA_7102,20250609,1
24071IFA_7113,20250609,1
24071IFA_7101,20250615,1
24071IFA_7102,20250615,1
24071IFA_7113,20250615,1
24071IFA_7101,20250622,1
24071IFA_7102,20250622,1
24071IFA_7113,20250622,1
24071IFA_7101,20250629,1
24071IFA_7102,20250629,1
24071IFA_7113,20250629,1
24071ILA_7101,20240903,1
24071ILA_7102,20240903,1
24071ILA_7103,20240903,1
24071ILA_7113,20240903,1
24071ILA_7101,20240904,1
24071ILA_7102,20240904,1
24071ILA_7103,20240904,1
24071ILA_7113,20240904,1
24071ILA_7101,20240905,1
24071ILA_7102,20240905,1
24071ILA_7103,20240905,1
24071ILA_7113,20240905,1
24071ILA_7101,20240906,1
24071ILA_7102,20240906,1
24071ILA_7103,20240906,1
24071ILA_7113,20240906,1
24071ILA_7101,20240909,1
24071ILA_7102,20240909,1
24071ILA_7103,20240909,1
24071ILA_7113,20240909,1
24071ILA_7101,20240910,1
24071ILA_7102,20240910,1
24071ILA_7103,20240910,1
24071ILA_7113,20240910,1
24071ILA_7101,20240911,1
24071ILA_7102,20240911,1
24071ILA_7103,20240911,1
24071ILA_7113,20240911,1
24071ILA_7101,20240912,1
24071ILA_7102,20240912,1
24071ILA_7103,20240912,1
24071ILA_7113,20240912,1
24071ILA_7101,20240913,1
24071ILA_7102,20240913,1
24071ILA_7103,20240913,1
24071ILA_7113,20240913,1
24071ILA_7101,20240916,1
24071ILA_7102,20240916,1
24071ILA_7103,20240916,1
24071ILA_7113,20240916,1
24071ILA_7101,20240917,1
24071ILA_7102,20240917,1
24071ILA_7103,20240917,1
24071ILA_7113,20240917,1
24071ILA_7101,20240918,1
24071ILA_7102,20240918,1
24071ILA_7103,20240918,1
24071ILA_7113,20240918,1
24071ILA_7101,20240919,1
24071ILA_7102,20240919,1
24071ILA_7103,20240919,1
24071ILA_7113,20240919,1
24071ILA_7101,20240920,1
24071ILA_7102,20240920,1
24071ILA_7103,20240920,1
24071ILA_7113,20240920,1
24071ILA_7101,20240923,1
24071ILA_7102,20240923,1
24071ILA_7103,20240923,1
24071ILA_7113,20240923,1
24071ILA_7101,20240924,1
24071ILA_7102,20240924,1
24071ILA_7103,20240924,1
24071ILA_7113,20240924,1
24071ILA_7101,20240925,1
24071ILA_7102,20240925,1
24071ILA_7103,20240925,1
24071ILA_7113,20240925,1
24071ILA_7101,20240926,1
24071ILA_7102,20240926,1
24071ILA_7103,20240926,1
24071ILA_7113,20240926,1
24071ILA_7101,20240927,1
24071ILA_7102,20240927,1
24071ILA_7103,20240927,1
24071ILA_7113,20240927,1
24071ILA_7101,20240930,1
24071ILA_7102,20240930,1
24071ILA_7103,20240930,1
24071ILA_7113,20240930,1
24071ILA_7101,20241001,1
24071ILA_7102,20241001,1
24071ILA_7103,20241001,1
24071ILA_7113,20241001,1
24071ILA_7101,20241002,1
24071ILA_7102,20241002,1
24071ILA_7103,20241002,1
24071ILA_7113,20241002,1
24071ILA_7101,20241003,1
24071ILA_7102,20241003,1
24071ILA_7103,20241003,1
24071ILA_7113,20241003,1
24071ILA_7101,20241004,1
24071ILA_7102,20241004,1
24071ILA_7103,20241004,1
24071ILA_7113,20241004,1
24071ILA_7101,20241007,1
24071ILA_7102,20241007,1
24071ILA_7103,20241007,1
24071ILA_7113,20241007,1
24071ILA_7101,20241008,1
24071ILA_7102,20241008,1
24071ILA_7103,20241008,1
24071ILA_7113,20241008,1
24071ILA_7101,20241009,1
24071ILA_7102,20241009,1
24071ILA_7103,20241009,1
24071ILA_7113,20241009,1
24071ILA_7101,20241010,1
24071ILA_7102,20241010,1
24071ILA_7103,20241010,1
24071ILA_7113,20241010,1
24071ILA_7101,20241011,1
24071ILA_7102,20241011,1
24071ILA_7103,20241011,1
24071ILA_7113,20241011,1
24071ILA_7101,20241014,1
24071ILA_7102,20241014,1
24071ILA_7103,20241014,1
24071ILA_7113,20241014,1
24071ILA_7101,20241015,1
24071ILA_7102,20241015,1
24071ILA_7103,20241015,1
24071ILA_7113,20241015,1
24071ILA_7101,20241016,1
24071ILA_7102,20241016,1
24071ILA_7103,20241016,1
24071ILA_7113,20241016,1
24071ILA_7101,20241017,1
24071ILA_7102,20241017,1
24071ILA_7103,20241017,1
24071ILA_7113,20241017,1
24071ILA_7101,20241018,1
24071ILA_7102,20241018,1
24071ILA_7103,20241018,1
24071ILA_7113,20241018,1
24071ILA_7101,20241021,1
24071ILA_7102,20241021,1
24071ILA_7103,20241021,1
24071ILA_7113,20241021,1
24071ILA_7101,20241022,1
24071ILA_7102,20241022,1
24071ILA_7103,20241022,1
24071ILA_7113,20241022,1
24071ILA_7101,20241023,1
24071ILA_7102,20241023,1
24071ILA_7103,20241023,1
24071ILA_7113,20241023,1
24071ILA_7101,20241024,1
24071ILA_7102,20241024,1
24071ILA_7103,20241024,1
24071ILA_7113,20241024,1
24071ILA_7101,20241025,1
24071ILA_7102,20241025,1
24071ILA_7103,20241025,1
24071ILA_7113,20241025,1
24071ILA_7101,20241028,1
24071ILA_7102,20241028,1
24071ILA_7103,20241028,1
24071ILA_7113,20241028,1
24071ILA_7101,20241029,1
24071ILA_7102,20241029,1
24071ILA_7103,20241029,1
24071ILA_7113,20241029,1
24071ILA_7101,20241030,1
24071ILA_7102,20241030,1
24071ILA_7103,20241030,1
24071ILA_7113,20241030,1
24071ILA_7101,20241031,1
24071ILA_7102,20241031,1
24071ILA_7103,20241031,1
24071ILA_7113,20241031,1
24071ILA_7101,20241104,1
24071ILA_7102,20241104,1
24071ILA_7103,20241104,1
24071ILA_7113,20241104,1
24071ILA_7101,20241105,1
24071ILA_7102,20241105,1
24071ILA_7103,20241105,1
24071ILA_7113,20241105,1
24071ILA_7101,20241106,1
24071ILA_7102,20241106,1
24071ILA_7103,20241106,1
24071ILA_7113,20241106,1
24071ILA_7101,20241107,1
24071ILA_7102,20241107,1
24071ILA_7103,20241107,1
24071ILA_7113,20241107,1
24071ILA_7101,20241108,1
24071ILA_7102,20241108,1
24071ILA_7103,20241108,1
24071ILA_7113,20241108,1
24071ILA_7101,20241111,1
24071ILA_7102,20241111,1
24071ILA_7103,20241111,1
24071ILA_7113,20241111,1
24071ILA_7101,20241112,1
24071ILA_7102,20241112,1
24071ILA_7103,20241112,1
24071ILA_7113,20241112,1
24071ILA_7101,20241113,1
24071ILA_7102,20241113,1
24071ILA_7103,20241113,1
24071ILA_7113,20241113,1
24071ILA_7101,20241114,1
24071ILA_7102,20241114,1
24071ILA_7103,20241114,1
24071ILA_7113,20241114,1
24071ILA_7101,20241115,1
24071ILA_7102,20241115,1
24071ILA_7103,20241115,1
24071ILA_7113,20241115,1
24071ILA_7101,20241118,1
24071ILA_7102,20241118,1
24071ILA_7103,20241118,1
24071ILA_7113,20241118,1
24071ILA_7101,20241119,1
24071ILA_7102,20241119,1
24071ILA_7103,20241119,1
24071ILA_7113,20241119,1
24071ILA_7101,20241120,1
24071ILA_7102,20241120,1
24071ILA_7103,20241120,1
24071ILA_7113,20241120,1
24071ILA_7101,20241121,1
24071ILA_7102,20241121,1
24071ILA_7103,20241121,1
24071ILA_7113,20241121,1
24071ILA_7101,20241122,1
24071ILA_7102,20241122,1
24071ILA_7103,20241122,1
24071ILA_7113,20241122,1
24071ILA_7101,20241125,1
24071ILA_7102,20241125,1
24071ILA_7103,20241125,1
24071ILA_7113,20241125,1
24071ILA_7101,20241126,1
24071ILA_7102,20241126,1
24071ILA_7103,20241126,1
24071ILA_7113,20241126,1
24071ILA_7101,20241127,1
24071ILA_7102,20241127,1
24071ILA_7103,20241127,1
24071ILA_7113,20241127,1
24071ILA_7101,20241128,1
24071ILA_7102,20241128,1
24071ILA_7103,20241128,1
24071ILA_7113,20241128,1
24071ILA_7101,20241129,1
24071ILA_7102,20241129,1
24071ILA_7103,20241129,1
24071ILA_7113,20241129,1
24071ILA_7101,20241202,1
24071ILA_7102,20241202,1
24071ILA_7103,20241202,1
24071ILA_7113,20241202,1
24071ILA_7101,20241203,1
24071ILA_7102,20241203,1
24071ILA_7103,20241203,1
24071ILA_7113,20241203,1
24071ILA_7101,20241204,1
24071ILA_7102,20241204,1
24071ILA_7103,20241204,1
24071ILA_7113,20241204,1
24071ILA_7101,20241205,1
24071ILA_7102,20241205,1
24071ILA_7103,20241205,1
24071ILA_7113,20241205,1
24071ILA_7101,20241209,1
24071ILA_7102,20241209,1
24071ILA_7103,20241209,1
24071ILA_7113,20241209,1
24071ILA_7101,20241210,1
24071ILA_7102,20241210,1
24071ILA_7103,20241210,1
24071ILA_7113,20241210,1
24071ILA_7101,20241211,1
24071ILA_7102,20241211,1
24071ILA_7103,20241211,1
24071ILA_7113,20241211,1
24071ILA_7101,20241212,1
24071ILA_7102,20241212,1
24071ILA_7103,20241212,1
24071ILA_7113,20241212,1
24071ILA_7101,20241213,1
24071ILA_7102,20241213,1
24071ILA_7103,20241213,1
24071ILA_7113,20241213,1
24071ILA_7101,20241216,1
24071ILA_7102,20241216,1
24071ILA_7103,20241216,1
24071ILA_7113,20241216,1
24071ILA_7101,20241217,1
24071ILA_7102,20241217,1
24071ILA_7103,20241217,1
24071ILA_7113,20241217,1
24071ILA_7101,20241218,1
24071ILA_7102,20241218,1
24071ILA_7103,20241218,1
24071ILA_7113,20241218,1
24071ILA_7101,20241219,1
24071ILA_7102,20241219,1
24071ILA_7103,20241219,1
24071ILA_7113,20241219,1
24071ILA_7101,20241220,1
24071ILA_7102,20241220,1
24071ILA_7103,20241220,1
24071ILA_7113,20241220,1
24071ILA_7101,20241223,1
24071ILA_7102,20241223,1
24071ILA_7103,20241223,1
24071ILA_7113,20241223,1
24071ILA_7101,20241224,1
24071ILA_7102,20241224,1
24071ILA_7103,20241224,1
24071ILA_7113,20241224,1
24071ILA_7101,20241226,1
24071ILA_7102,20241226,1
24071ILA_7103,20241226,1
24071ILA_7113,20241226,1
24071ILA_7101,20241227,1
24071ILA_7102,20241227,1
24071ILA_7103,20241227,1
24071ILA_7113,20241227,1
24071ILA_7101,20241230,1
24071ILA_7102,20241230,1
24071ILA_7103,20241230,1
24071ILA_7113,20241230,1
24071ILA_7101,20241231,1
24071ILA_7102,20241231,1
24071ILA_7103,20241231,1
24071ILA_7113,20241231,1
24071ILA_7101,20250102,1
24071ILA_7102,20250102,1
24071ILA_7103,20250102,1
24071ILA_7113,20250102,1
24071ILA_7101,20250103,1
24071ILA_7102,20250103,1
24071ILA_7103,20250103,1
24071ILA_7113,20250103,1
24071ILA_7101,20250107,1
24071ILA_7102,20250107,1
24071ILA_7103,20250107,1
24071ILA_7113,20250107,1
24071ILA_7101,20250108,1
24071ILA_7102,20250108,1
24071ILA_7103,20250108,1
24071ILA_7113,20250108,1
24071ILA_7101,20250109,1
24071ILA_7102,20250109,1
24071ILA_7103,20250109,1
24071ILA_7113,20250109,1
24071ILA_7101,20250110,1
24071ILA_7102,20250110,1
24071ILA_7103,20250110,1
24071ILA_7113,20250110,1
24071ILA_7101,20250113,1
24071ILA_7102,20250113,1
24071ILA_7103,20250113,1
24071ILA_7113,20250113,1
24071ILA_7101,20250114,1
24071ILA_7102,20250114,1
24071ILA_7103,20250114,1
24071ILA_7113,20250114,1
24071ILA_7101,20250115,1
24071ILA_7102,20250115,1
24071ILA_7103,20250115,1
24071ILA_7113,20250115,1
24071ILA_7101,20250116,1
24071ILA_7102,20250116,1
24071ILA_7103,20250116,1
24071ILA_7113,20250116,1
24071ILA_7101,20250117,1
24071ILA_7102,20250117,1
24071ILA_7103,20250117,1
24071ILA_7113,20250117,1
24071ILA_7101,20250120,1
24071ILA_7102,20250120,1
24071ILA_7103,20250120,1
24071ILA_7113,20250120,1
24071ILA_7101,20250121,1
24071ILA_7102,20250121,1
24071ILA_7103,20250121,1
24071ILA_7113,20250121,1
24071ILA_7101,20250122,1
24071ILA_7102,20250122,1
24071ILA_7103,20250122,1
24071ILA_7113,20250122,1
24071ILA_7101,20250123,1
24071ILA_7102,20250123,1
24071ILA_7103,20250123,1
24071ILA_7113,20250123,1
24071ILA_7101,20250124,1
24071ILA_7102,20250124,1
24071ILA_7103,20250124,1
24071ILA_7113,20250124,1
24071ILA_7101,20250127,1
24071ILA_7102,20250127,1
24071ILA_7103,20250127,1
24071ILA_7113,20250127,1
24071ILA_7101,20250128,1
24071ILA_7102,20250128,1
24071ILA_7103,20250128,1
24071ILA_7113,20250128,1
24071ILA_7101,20250129,1
24071ILA_7102,20250129,1
24071ILA_7103,20250129,1
24071ILA_7113,20250129,1
24071ILA_7101,20250130,1
24071ILA_7102,20250130,1
24071ILA_7103,20250130,1
24071ILA_7113,20250130,1
24071ILA_7101,20250131,1
24071ILA_7102,20250131,1
24071ILA_7103,20250131,1
24071ILA_7113,20250131,1
24071ILA_7101,20250203,1
24071ILA_7102,20250203,1
24071ILA_7103,20250203,1
24071ILA_7113,20250203,1
24071ILA_7101,20250204,1
24071ILA_7102,20250204,1
24071ILA_7103,20250204,1
24071ILA_7113,20250204,1
24071ILA_7101,20250205,1
24071ILA_7102,20250205,1
24071ILA_7103,20250205,1
24071ILA_7113,20250205,1
24071ILA_7101,20250206,1
24071ILA_7102,20250206,1
24071ILA_7103,20250206,1
24071ILA_7113,20250206,1
24071ILA_7101,20250207,1
24071ILA_7102,20250207,1
24071ILA_7103,20250207,1
24071ILA_7113,20250207,1
24071ILA_7101,20250210,1
24071ILA_7102,20250210,1
24071ILA_7103,20250210,1
24071ILA_7113,20250210,1
24071ILA_7101,20250211,1
24071ILA_7102,20250211,1
24071ILA_7103,20250211,1
24071ILA_7113,20250211,1
24071ILA_7101,20250212,1
24071ILA_7102,20250212,1
24071ILA_7103,20250212,1
24071ILA_7113,20250212,1
24071ILA_7101,20250213,1
24071ILA_7102,20250213,1
24071ILA_7103,20250213,1
24071ILA_7113,20250213,1
24071ILA_7101,20250214,1
24071ILA_7102,20250214,1
24071ILA_7103,20250214,1
24071ILA_7113,20250214,1
24071ILA_7101,20250217,1
24071ILA_7102,20250217,1
24071ILA_7103,20250217,1
24071ILA_7113,20250217,1
24071ILA_7101,20250218,1
24071ILA_7102,20250218,1
24071ILA_7103,20250218,1
24071ILA_7113,20250218,1
24071ILA_7101,20250219,1
24071ILA_7102,20250219,1
24071ILA_7103,20250219,1
24071ILA_7113,20250219,1
24071ILA_7101,20250220,1
24071ILA_7102,20250220,1
24071ILA_7103,20250220,1
24071ILA_7113,20250220,1
24071ILA_7101,20250221,1
24071ILA_7102,20250221,1
24071ILA_7103,20250221,1
24071ILA_7113,20250221,1
24071ILA_7101,20250224,1
24071ILA_7102,20250224,1
24071ILA_7103,20250224,1
24071ILA_7113,20250224,1
24071ILA_7101,20250225,1
24071ILA_7102,20250225,1
24071ILA_7103,20250225,1
24071ILA_7113,20250225,1
24071ILA_7101,20250226,1
24071ILA_7102,20250226,1
24071ILA_7103,20250226,1
24071ILA_7113,20250226,1
24071ILA_7101,20250227,1
24071ILA_7102,20250227,1
24071ILA_7103,20250227,1
24071ILA_7113,20250227,1
24071ILA_7101,20250228,1
24071ILA_7102,20250228,1
24071ILA_7103,20250228,1
24071ILA_7113,20250228,1
24071ILA_7101,20250303,1
24071ILA_7102,20250303,1
24071ILA_7103,20250303,1
24071ILA_7113,20250303,1
24071ILA_7101,20250304,1
24071ILA_7102,20250304,1
24071ILA_7103,20250304,1
24071ILA_7113,20250304,1
24071ILA_7101,20250305,1
24071ILA_7102,20250305,1
24071ILA_7103,20250305,1
24071ILA_7113,20250305,1
24071ILA_7101,20250306,1
24071ILA_7102,20250306,1
24071ILA_7103,20250306,1
24071ILA_7113,20250306,1
24071ILA_7101,20250307,1
24071ILA_7102,20250307,1
24071ILA_7103,20250307,1
24071ILA_7113,20250307,1
24071ILA_7101,20250310,1
24071ILA_7102,20250310,1
24071ILA_7103,20250310,1
24071ILA_7113,20250310,1
24071ILA_7101,20250311,1
24071ILA_7102,20250311,1
24071ILA_7103,20250311,1
24071ILA_7113,20250311,1
24071ILA_7101,20250312,1
24071ILA_7102,20250312,1
24071ILA_7103,20250312,1
24071ILA_7113,20250312,1
24071ILA_7101,20250313,1
24071ILA_7102,20250313,1
24071ILA_7103,20250313,1
24071ILA_7113,20250313,1
24071ILA_7101,20250314,1
24071ILA_7102,20250314,1
24071ILA_7103,20250314,1
24071ILA_7113,20250314,1
24071ILA_7101,20250317,1
24071ILA_7102,20250317,1
24071ILA_7103,20250317,1
24071ILA_7113,20250317,1
24071ILA_7101,20250318,1
24071ILA_7102,20250318,1
24071ILA_7103,20250318,1
24071ILA_7113,20250318,1
24071ILA_7101,20250319,1
24071ILA_7102,20250319,1
24071ILA_7103,20250319,1
24071ILA_7113,20250319,1
24071ILA_7101,20250320,1
24071ILA_7102,20250320,1
24071ILA_7103,20250320,1
24071ILA_7113,20250320,1
24071ILA_7101,20250321,1
24071ILA_7102,20250321,1
24071ILA_7103,20250321,1
24071ILA_7113,20250321,1
24071ILA_7101,20250324,1
24071ILA_7102,20250324,1
24071ILA_7103,20250324,1
24071ILA_7113,20250324,1
24071ILA_7101,20250325,1
24071ILA_7102,20250325,1
24071ILA_7103,20250325,1
24071ILA_7113,20250325,1
24071ILA_7101,20250326,1
24071ILA_7102,20250326,1
24071ILA_7103,20250326,1
24071ILA_7113,20250326,1
24071ILA_7101,20250327,1
24071ILA_7102,20250327,1
24071ILA_7103,20250327,1
24071ILA_7113,20250327,1
24071ILA_7101,20250328,1
24071ILA_7102,20250328,1
24071ILA_7103,20250328,1
24071ILA_7113,20250328,1
24071ILA_7101,20250331,1
24071ILA_7102,20250331,1
24071ILA_7103,20250331,1
24071ILA_7113,20250331,1
24071ILA_7101,20250401,1
24071ILA_7102,20250401,1
24071ILA_7103,20250401,1
24071ILA_7113,20250401,1
24071ILA_7101,20250402,1
24071ILA_7102,20250402,1
24071ILA_7103,20250402,1
24071ILA_7113,20250402,1
24071ILA_7101,20250403,1
24071ILA_7102,20250403,1
24071ILA_7103,20250403,1
24071ILA_7113,20250403,1
24071ILA_7101,20250404,1
24071ILA_7102,20250404,1
24071ILA_7103,20250404,1
24071ILA_7113,20250404,1
24071ILA_7101,20250407,1
24071ILA_7102,20250407,1
24071ILA_7103,20250407,1
24071ILA_7113,20250407,1
24071ILA_7101,20250408,1
24071ILA_7102,20250408,1
24071ILA_7103,20250408,1
24071ILA_7113,20250408,1
24071ILA_7101,20250409,1
24071ILA_7102,20250409,1
24071ILA_7103,20250409,1
24071ILA_7113,20250409,1
24071ILA_7101,20250410,1
24071ILA_7102,20250410,1
24071ILA_7103,20250410,1
24071ILA_7113,20250410,1
24071ILA_7101,20250411,1
24071ILA_7102,20250411,1
24071ILA_7103,20250411,1
24071ILA_7113,20250411,1
24071ILA_7101,20250414,1
24071ILA_7102,20250414,1
24071ILA_7103,20250414,1
24071ILA_7113,20250414,1
24071ILA_7101,20250415,1
24071ILA_7102,20250415,1
24071ILA_7103,20250415,1
24071ILA_7113,20250415,1
24071ILA_7101,20250416,1
24071ILA_7102,20250416,1
24071ILA_7103,20250416,1
24071ILA_7113,20250416,1
24071ILA_7101,20250421,1
24071ILA_7102,20250421,1
24071ILA_7103,20250421,1
24071ILA_7113,20250421,1
24071ILA_7101,20250422,1
24071ILA_7102,20250422,1
24071ILA_7103,20250422,1
24071ILA_7113,20250422,1
24071ILA_7101,20250423,1
24071ILA_7102,20250423,1
24071ILA_7103,20250423,1
24071ILA_7113,20250423,1
24071ILA_7101,20250424,1
24071ILA_7102,20250424,1
24071ILA_7103,20250424,1
24071ILA_7113,20250424,1
24071ILA_7101,20250425,1
24071ILA_7102,20250425,1
24071ILA_7103,20250425,1
24071ILA_7113,20250425,1
24071ILA_7101,20250428,1
24071ILA_7102,20250428,1
24071ILA_7103,20250428,1
24071ILA_7113,20250428,1
24071ILA_7101,20250429,1
24071ILA_7102,20250429,1
24071ILA_7103,20250429,1
24071ILA_7113,20250429,1
24071ILA_7101,20250430,1
24071ILA_7102,20250430,1
24071ILA_7103,20250430,1
24071ILA_7113,20250430,1
24071ILA_7101,20250502,1
24071ILA_7102,20250502,1
24071ILA_7103,20250502,1
24071ILA_7113,20250502,1
24071ILA_7101,20250505,1
24071ILA_7102,20250505,1
24071ILA_7103,20250505,1
24071ILA_7113,20250505,1
24071ILA_7101,20250506,1
24071ILA_7102,20250506,1
24071ILA_7103,20250506,1
24071ILA_7113,20250506,1
24071ILA_7101,20250507,1
24071ILA_7102,20250507,1
24071ILA_7103,20250507,1
24071ILA_7113,20250507,1
24071ILA_7101,20250508,1
24071ILA_7102,20250508,1
24071ILA_7103,20250508,1
24071ILA_7113,20250508,1
24071ILA_7101,20250509,1
24071ILA_7102,20250509,1
24071ILA_7103,20250509,1
24071ILA_7113,20250509,1
24071ILA_7101,20250512,1
24071ILA_7102,20250512,1
24071ILA_7103,20250512,1
24071ILA_7113,20250512,1
24071ILA_7101,20250513,1
24071ILA_7102,20250513,1
24071ILA_7103,20250513,1
24071ILA_7113,20250513,1
24071ILA_7101,20250514,1
24071ILA_7102,20250514,1
24071ILA_7103,20250514,1
24071ILA_7113,20250514,1
24071ILA_7101,20250515,1
24071ILA_7102,20250515,1
24071ILA_7103,20250515,1
24071ILA_7113,20250515,1
24071ILA_7101,20250516,1
24071ILA_7102,20250516,1
24071ILA_7103,20250516,1
24071ILA_7113,20250516,1
24071ILA_7101,20250519,1
24071ILA_7102,20250519,1
24071ILA_7103,20250519,1
24071ILA_7113,20250519,1
24071ILA_7101,20250520,1
24071ILA_7102,20250520,1
24071ILA_7103,20250520,1
24071ILA_7113,20250520,1
24071ILA_7101,20250521,1
24071ILA_7102,20250521,1
24071ILA_7103,20250521,1
24071ILA_7113,20250521,1
24071ILA_7101,20250522,1
24071ILA_7102,20250522,1
24071ILA_7103,20250522,1
24071ILA_7113,20250522,1
24071ILA_7101,20250523,1
24071ILA_7102,20250523,1
24071ILA_7103,20250523,1
24071ILA_7113,20250523,1
24071ILA_7101,20250526,1
24071ILA_7102,20250526,1
24071ILA_7103,20250526,1
24071ILA_7113,20250526,1
24071ILA_7101,20250527,1
24071ILA_7102,20250527,1
24071ILA_7103,20250527,1
24071ILA_7113,20250527,1
24071ILA_7101,20250528,1
24071ILA_7102,20250528,1
24071ILA_7103,20250528,1
24071ILA_7113,20250528,1
24071ILA_7101,20250529,1
24071ILA_7102,20250529,1
24071ILA_7103,20250529,1
24071ILA_7113,20250529,1
24071ILA_7101,20250530,1
24071ILA_7102,20250530,1
24071ILA_7103,20250530,1
24071ILA_7113,20250530,1
24071ILA_7101,20250602,1
24071ILA_7102,20250602,1
24071ILA_7103,20250602,1
24071ILA_7113,20250602,1
24071ILA_7101,20250603,1
24071ILA_7102,20250603,1
24071ILA_7103,20250603,1
24071ILA_7113,20250603,1
24071ILA_7101,20250604,1
24071ILA_7102,20250604,1
24071ILA_7103,20250604,1
24071ILA_7113,20250604,1
24071ILA_7101,20250605,1
24071ILA_7102,20250605,1
24071ILA_7103,20250605,1
24071ILA_7113,20250605,1
24071ILA_7101,20250606,1
24071ILA_7102,20250606,1
24071ILA_7103,20250606,1
24071ILA_7113,20250606,1
24071ILA_7101,20250610,1
24071ILA_7102,20250610,1
24071ILA_7103,20250610,1
24071ILA_7113,20250610,1
24071ILA_7101,20250611,1
24071ILA_7102,20250611,1
24071ILA_7103,20250611,1
24071ILA_7113,20250611,1
24071ILA_7101,20250612,1
24071ILA_7102,20250612,1
24071ILA_7103,20250612,1
24071ILA_7113,20250612,1
24071ILA_7101,20250613,1
24071ILA_7102,20250613,1
24071ILA_7103,20250613,1
24071ILA_7113,20250613,1
24071ILA_7101,20250616,1
24071ILA_7102,20250616,1
24071ILA_7103,20250616,1
24071ILA_7113,20250616,1
24071ILA_7101,20250617,1
24071ILA_7102,20250617,1
24071ILA_7103,20250617,1
24071ILA_7113,20250617,1
24071ILA_7101,20250618,1
24071ILA_7102,20250618,1
24071ILA_7103,20250618,1
24071ILA_7113,20250618,1
24071ILA_7101,20250619,1
24071ILA_7102,20250619,1
24071ILA_7103,20250619,1
24071ILA_7113,20250619,1
24071ILA_7101,20250620,1
24071ILA_7102,20250620,1
24071ILA_7103,20250620,1
24071ILA_7113,20250620,1
24071ILA_7101,20250623,1
24071ILA_7102,20250623,1
24071ILA_7103,20250623,1
24071ILA_7113,20250623,1
24071ILA_7101,20250624,1
24071ILA_7102,20250624,1
24071ILA_7103,20250624,1
24071ILA_7113,20250624,1
24071ILA_7101,20250625,1
24071ILA_7102,20250625,1
24071ILA_7103,20250625,1
24071ILA_7113,20250625,1
24071ILA_7101,20250626,1
24071ILA_7102,20250626,1
24071ILA_7103,20250626,1
24071ILA_7113,20250626,1
24071ILA_7101,20250627,1
24071ILA_7102,20250627,1
24071ILA_7103,20250627,1
24071ILA_7113,20250627,1
24071ILA_7101,20250630,1
24071ILA_7102,20250630,1
24071ILA_7103,20250630,1
24071ILA_7113,20250630,1
24071ISA_7101,20240907,1
24071ISA_7102,20240907,1
24071ISA_7113,20240907,1
24071ISA_7101,20240914,1
24071ISA_7102,20240914,1
24071ISA_7113,20240914,1
24071ISA_7101,20240921,1
24071ISA_7102,20240921,1
24071ISA_7113,20240921,1
24071ISA_7101,20240928,1
24071ISA_7102,20240928,1
24071ISA_7113,20240928,1
24071ISA_7101,20241005,1
24071ISA_7102,20241005,1
24071ISA_7113,20241005,1
24071ISA_7101,20241019,1
24071ISA_7102,20241019,1
24071ISA_7113,20241019,1
24071ISA_7101,20241026,1
24071ISA_7102,20241026,1
24071ISA_7113,20241026,1
24071ISA_7101,20241102,1
24071ISA_7102,20241102,1
24071ISA_7113,20241102,1
24071ISA_7101,20241109,1
24071ISA_7102,20241109,1
24071ISA_7113,20241109,1
24071ISA_7101,20241116,1
24071ISA_7102,20241116,1
24071ISA_7113,20241116,1
24071ISA_7101,20241123,1
24071ISA_7102,20241123,1
24071ISA_7113,20241123,1
24071ISA_7101,20241130,1
24071ISA_7102,20241130,1
24071ISA_7113,20241130,1
24071ISA_7101,20241207,1
24071ISA_7102,20241207,1
24071ISA_7113,20241207,1
24071ISA_7101,20241214,1
24071ISA_7102,20241214,1
24071ISA_7113,20241214,1
24071ISA_7101,20241221,1
24071ISA_7102,20241221,1
24071ISA_7113,20241221,1
24071ISA_7101,20241228,1
24071ISA_7102,20241228,1
24071ISA_7113,20241228,1
24071ISA_7101,20250104,1
24071ISA_7102,20250104,1
24071ISA_7113,20250104,1
24071ISA_7101,20250111,1
24071ISA_7102,20250111,1
24071ISA_7113,20250111,1
24071ISA_7101,20250118,1
24071ISA_7102,20250118,1
24071ISA_7113,20250118,1
24071ISA_7101,20250125,1
24071ISA_7102,20250125,1
24071ISA_7113,20250125,1
24071ISA_7101,20250201,1
24071ISA_7102,20250201,1
24071ISA_7113,20250201,1
24071ISA_7101,20250208,1
24071ISA_7102,20250208,1
24071ISA_7113,20250208,1
24071ISA_7101,20250215,1
24071ISA_7102,20250215,1
24071ISA_7113,20250215,1
24071ISA_7101,20250222,1
24071ISA_7102,20250222,1
24071ISA_7113,20250222,1
24071ISA_7101,20250301,1
24071ISA_7102,20250301,1
24071ISA_7113,20250301,1
24071ISA_7101,20250308,1
24071ISA_7102,20250308,1
24071ISA_7113,20250308,1
24071ISA_7101,20250315,1
24071ISA_7102,20250315,1
24071ISA_7113,20250315,1
24071ISA_7101,20250322,1
24071ISA_7102,20250322,1
24071ISA_7113,20250322,1
24071ISA_7101,20250329,1
24071ISA_7102,20250329,1
24071ISA_7113,20250329,1
24071ISA_7101,20250405,1
24071ISA_7102,20250405,1
24071ISA_7113,20250405,1
24071ISA_7101,20250412,1
24071ISA_7102,20250412,1
24071ISA_7113,20250412,1
24071ISA_7101,20250419,1
24071ISA_7102,20250419,1
24071ISA_7113,20250419,1
24071ISA_7101,20250426,1
24071ISA_7102,20250426,1
24071ISA_7113,20250426,1
24071ISA_7101,20250503,1
24071ISA_7102,20250503,1
24071ISA_7113,20250503,1
24071ISA_7101,20250510,1
24071ISA_7102,20250510,1
24071ISA_7113,20250510,1
24071ISA_7101,20250517,1
24071ISA_7102,20250517,1
24071ISA_7113,20250517,1
24071ISA_7101,20250524,1
24071ISA_7102,20250524,1
24071ISA_7113,20250524,1
24071ISA_7101,20250531,1
24071ISA_7102,20250531,1
24071ISA_7113,20250531,1
24071ISA_7101,20250607,1
24071ISA_7102,20250607,1
24071ISA_7113,20250607,1
24071ISA_7101,20250614,1
24071ISA_7102,20250614,1
24071ISA_7113,20250614,1
24071ISA_7101,20250621,1
24071ISA_7102,20250621,1
24071ISA_7113,20250621,1
24071ISA_7101,20250628,1
24071ISA_7102,20250628,1
24071ISA_7113,20250628,1
24072IFA_7201,20240908,1
24072IFA_7202,20240908,1
24072IFA_7201,20240915,1
24072IFA_7202,20240915,1
24072IFA_7201,20240922,1
24072IFA_7202,20240922,1
24072IFA_7201,20240929,1
24072IFA_7202,20240929,1
24072IFA_7201,20241006,1
24072IFA_7202,20241006,1
24072IFA_7201,20241012,1
24072IFA_7202,20241012,1
24072IFA_7201,20241013,1
24072IFA_7202,20241013,1
24072IFA_7201,20241020,1
24072IFA_7202,20241020,1
24072IFA_7201,20241027,1
24072IFA_7202,20241027,1
24072IFA_7201,20241101,1
24072IFA_7202,20241101,1
24072IFA_7201,20241103,1
24072IFA_7202,20241103,1
24072IFA_7201,20241110,1
24072IFA_7202,20241110,1
24072IFA_7201,20241117,1
24072IFA_7202,20241117,1
24072IFA_7201,20241124,1
24072IFA_7202,20241124,1
24072IFA_7201,20241201,1
24072IFA_7202,20241201,1
24072IFA_7201,20241206,1
24072IFA_7202,20241206,1
24072IFA_7201,20241208,1
24072IFA_7202,20241208,1
24072IFA_7201,20241215,1
24072IFA_7202,20241215,1
24072IFA_7201,20241222,1
24072IFA_7202,20241222,1
24072IFA_7201,20241225,1
24072IFA_7202,20241225,1
24072IFA_7201,20241229,1
24072IFA_7202,20241229,1
24072IFA_7201,20250101,1
24072IFA_7202,20250101,1
24072IFA_7201,20250105,1
24072IFA_7202,20250105,1
24072IFA_7201,20250106,1
24072IFA_7202,20250106,1
24072IFA_7201,20250112,1
24072IFA_7202,20250112,1
24072IFA_7201,20250119,1
24072IFA_7202,20250119,1
24072IFA_7201,20250126,1
24072IFA_7202,20250126,1
24072IFA_7201,20250202,1
24072IFA_7202,20250202,1
24072IFA_7201,20250209,1
24072IFA_7202,20250209,1
24072IFA_7201,20250216,1
24072IFA_7202,20250216,1
24072IFA_7201,20250223,1
24072IFA_7202,20250223,1
24072IFA_7201,20250302,1
24072IFA_7202,20250302,1
24072IFA_7201,20250309,1
24072IFA_7202,20250309,1
24072IFA_7201,20250316,1
24072IFA_7202,20250316,1
24072IFA_7201,20250323,1
24072IFA_7202,20250323,1
24072IFA_7201,20250330,1
24072IFA_7202,20250330,1
24072IFA_7201,20250406,1
24072IFA_7202,20250406,1
24072IFA_7201,20250413,1
24072IFA_7202,20250413,1
24072IFA_7201,20250417,1
24072IFA_7202,20250417,1
24072IFA_7201,20250418,1
24072IFA_7202,20250418,1
24072IFA_7201,20250420,1
24072IFA_7202,20250420,1
24072IFA_7201,20250427,1
24072IFA_7202,20250427,1
24072IFA_7201,20250501,1
24072IFA_7202,20250501,1
24072IFA_7201,20250504,1
24072IFA_7202,20250504,1
24072IFA_7201,20250511,1
24072IFA_7202,20250511,1
24072IFA_7201,20250518,1
24072IFA_7202,20250518,1
24072IFA_7201,20250525,1
24072IFA_7202,20250525,1
24072IFA_7201,20250601,1
24072IFA_7202,20250601,1
24072IFA_7201,20250608,1
24072IFA_7202,20250608,1
24072IFA_7201,20250609,1
24072IFA_7202,20250609,1
24072IFA_7201,20250615,1
24072IFA_7202,20250615,1
24072IFA_7201,20250622,1
24072IFA_7202,20250622,1
24072IFA_7201,20250629,1
24072IFA_7202,20250629,1
24072ILA_7201,20240903,1
24072ILA_7202,20240903,1
24072ILA_7203,20240903,1
24072ILA_7213,20240903,1
24072ILA_7201,20240904,1
24072ILA_7202,20240904,1
24072ILA_7203,20240904,1
24072ILA_7213,20240904,1
24072ILA_7201,20240905,1
24072ILA_7202,20240905,1
24072ILA_7203,20240905,1
24072ILA_7213,20240905,1
24072ILA_7201,20240906,1
24072ILA_7202,20240906,1
24072ILA_7203,20240906,1
24072ILA_7213,20240906,1
24072ILA_7201,20240909,1
24072ILA_7202,20240909,1
24072ILA_7203,20240909,1
24072ILA_7213,20240909,1
24072ILA_7201,20240910,1
24072ILA_7202,20240910,1
24072ILA_7203,20240910,1
24072ILA_7213,20240910,1
24072ILA_7201,20240911,1
24072ILA_7202,20240911,1
24072ILA_7203,20240911,1
24072ILA_7213,20240911,1
24072ILA_7201,20240912,1
24072ILA_7202,20240912,1
24072ILA_7203,20240912,1
24072ILA_7213,20240912,1
24072ILA_7201,20240913,1
24072ILA_7202,20240913,1
24072ILA_7203,20240913,1
24072ILA_7213,20240913,1
24072ILA_7201,20240916,1
24072ILA_7202,20240916,1
24072ILA_7203,20240916,1
24072ILA_7213,20240916,1
24072ILA_7201,20240917,1
24072ILA_7202,20240917,1
24072ILA_7203,20240917,1
24072ILA_7213,20240917,1
24072ILA_7201,20240918,1
24072ILA_7202,20240918,1
24072ILA_7203,20240918,1
24072ILA_7213,20240918,1
24072ILA_7201,20240919,1
24072ILA_7202,20240919,1
24072ILA_7203,20240919,1
24072ILA_7213,20240919,1
24072ILA_7201,20240920,1
24072ILA_7202,20240920,1
24072ILA_7203,20240920,1
24072ILA_7213,20240920,1
24072ILA_7201,20240923,1
24072ILA_7202,20240923,1
24072ILA_7203,20240923,1
24072ILA_7213,20240923,1
24072ILA_7201,20240924,1
24072ILA_7202,20240924,1
24072ILA_7203,20240924,1
24072ILA_7213,20240924,1
24072ILA_7201,20240925,1
24072ILA_7202,20240925,1
24072ILA_7203,20240925,1
24072ILA_7213,20240925,1
24072ILA_7201,20240926,1
24072ILA_7202,20240926,1
24072ILA_7203,20240926,1
24072ILA_7213,20240926,1
24072ILA_7201,20240927,1
24072ILA_7202,20240927,1
24072ILA_7203,20240927,1
24072ILA_7213,20240927,1
24072ILA_7201,20240930,1
24072ILA_7202,20240930,1
24072ILA_7203,20240930,1
24072ILA_7213,20240930,1
24072ILA_7201,20241001,1
24072ILA_7202,20241001,1
24072ILA_7203,20241001,1
24072ILA_7213,20241001,1
24072ILA_7201,20241002,1
24072ILA_7202,20241002,1
24072ILA_7203,20241002,1
24072ILA_7213,20241002,1
24072ILA_7201,20241003,1
24072ILA_7202,20241003,1
24072ILA_7203,20241003,1
24072ILA_7213,20241003,1
24072ILA_7201,20241004,1
24072ILA_7202,20241004,1
24072ILA_7203,20241004,1
24072ILA_7213,20241004,1
24072ILA_7201,20241007,1
24072ILA_7202,20241007,1
24072ILA_7203,20241007,1
24072ILA_7213,20241007,1
24072ILA_7201,20241008,1
24072ILA_7202,20241008,1
24072ILA_7203,20241008,1
24072ILA_7213,20241008,1
24072ILA_7201,20241009,1
24072ILA_7202,20241009,1
24072ILA_7203,20241009,1
24072ILA_7213,20241009,1
24072ILA_7201,20241010,1
24072ILA_7202,20241010,1
24072ILA_7203,20241010,1
24072ILA_7213,20241010,1
24072ILA_7201,20241011,1
24072ILA_7202,20241011,1
24072ILA_7203,20241011,1
24072ILA_7213,20241011,1
24072ILA_7201,20241014,1
24072ILA_7202,20241014,1
24072ILA_7203,20241014,1
24072ILA_7213,20241014,1
24072ILA_7201,20241015,1
24072ILA_7202,20241015,1
24072ILA_7203,20241015,1
24072ILA_7213,20241015,1
24072ILA_7201,20241016,1
24072ILA_7202,20241016,1
24072ILA_7203,20241016,1
24072ILA_7213,20241016,1
24072ILA_7201,20241017,1
24072ILA_7202,20241017,1
24072ILA_7203,20241017,1
24072ILA_7213,20241017,1
24072ILA_7201,20241018,1
24072ILA_7202,20241018,1
24072ILA_7203,20241018,1
24072ILA_7213,20241018,1
24072ILA_7201,20241021,1
24072ILA_7202,20241021,1
24072ILA_7203,20241021,1
24072ILA_7213,20241021,1
24072ILA_7201,20241022,1
24072ILA_7202,20241022,1
24072ILA_7203,20241022,1
24072ILA_7213,20241022,1
24072ILA_7201,20241023,1
24072ILA_7202,20241023,1
24072ILA_7203,20241023,1
24072ILA_7213,20241023,1
24072ILA_7201,20241024,1
24072ILA_7202,20241024,1
24072ILA_7203,20241024,1
24072ILA_7213,20241024,1
24072ILA_7201,20241025,1
24072ILA_7202,20241025,1
24072ILA_7203,20241025,1
24072ILA_7213,20241025,1
24072ILA_7201,20241028,1
24072ILA_7202,20241028,1
24072ILA_7203,20241028,1
24072ILA_7213,20241028,1
24072ILA_7201,20241029,1
24072ILA_7202,20241029,1
24072ILA_7203,20241029,1
24072ILA_7213,20241029,1
24072ILA_7201,20241030,1
24072ILA_7202,20241030,1
24072ILA_7203,20241030,1
24072ILA_7213,20241030,1
24072ILA_7201,20241031,1
24072ILA_7202,20241031,1
24072ILA_7203,20241031,1
24072ILA_7213,20241031,1
24072ILA_7201,20241104,1
24072ILA_7202,20241104,1
24072ILA_7203,20241104,1
24072ILA_7213,20241104,1
24072ILA_7201,20241105,1
24072ILA_7202,20241105,1
24072ILA_7203,20241105,1
24072ILA_7213,20241105,1
24072ILA_7201,20241106,1
24072ILA_7202,20241106,1
24072ILA_7203,20241106,1
24072ILA_7213,20241106,1
24072ILA_7201,20241107,1
24072ILA_7202,20241107,1
24072ILA_7203,20241107,1
24072ILA_7213,20241107,1
24072ILA_7201,20241108,1
24072ILA_7202,20241108,1
24072ILA_7203,20241108,1
24072ILA_7213,20241108,1
24072ILA_7201,20241111,1
24072ILA_7202,20241111,1
24072ILA_7203,20241111,1
24072ILA_7213,20241111,1
24072ILA_7201,20241112,1
24072ILA_7202,20241112,1
24072ILA_7203,20241112,1
24072ILA_7213,20241112,1
24072ILA_7201,20241113,1
24072ILA_7202,20241113,1
24072ILA_7203,20241113,1
24072ILA_7213,20241113,1
24072ILA_7201,20241114,1
24072ILA_7202,20241114,1
24072ILA_7203,20241114,1
24072ILA_7213,20241114,1
24072ILA_7201,20241115,1
24072ILA_7202,20241115,1
24072ILA_7203,20241115,1
24072ILA_7213,20241115,1
24072ILA_7201,20241118,1
24072ILA_7202,20241118,1
24072ILA_7203,20241118,1
24072ILA_7213,20241118,1
24072ILA_7201,20241119,1
24072ILA_7202,20241119,1
24072ILA_7203,20241119,1
24072ILA_7213,20241119,1
24072ILA_7201,20241120,1
24072ILA_7202,20241120,1
24072ILA_7203,20241120,1
24072ILA_7213,20241120,1
24072ILA_7201,20241121,1
24072ILA_7202,20241121,1
24072ILA_7203,20241121,1
24072ILA_7213,20241121,1
24072ILA_7201,20241122,1
24072ILA_7202,20241122,1
24072ILA_7203,20241122,1
24072ILA_7213,20241122,1
24072ILA_7201,20241125,1
24072ILA_7202,20241125,1
24072ILA_7203,20241125,1
24072ILA_7213,20241125,1
24072ILA_7201,20241126,1
24072ILA_7202,20241126,1
24072ILA_7203,20241126,1
24072ILA_7213,20241126,1
24072ILA_7201,20241127,1
24072ILA_7202,20241127,1
24072ILA_7203,20241127,1
24072ILA_7213,20241127,1
24072ILA_7201,20241128,1
24072ILA_7202,20241128,1
24072ILA_7203,20241128,1
24072ILA_7213,20241128,1
24072ILA_7201,20241129,1
24072ILA_7202,20241129,1
24072ILA_7203,20241129,1
24072ILA_7213,20241129,1
24072ILA_7201,20241202,1
24072ILA_7202,20241202,1
24072ILA_7203,20241202,1
24072ILA_7213,20241202,1
24072ILA_7201,20241203,1
24072ILA_7202,20241203,1
24072ILA_7203,20241203,1
24072ILA_7213,20241203,1
24072ILA_7201,20241204,1
24072ILA_7202,20241204,1
24072ILA_7203,20241204,1
24072ILA_7213,20241204,1
24072ILA_7201,20241205,1
24072ILA_7202,20241205,1
24072ILA_7203,20241205,1
24072ILA_7213,20241205,1
24072ILA_7201,20241209,1
24072ILA_7202,20241209,1
24072ILA_7203,20241209,1
24072ILA_7213,20241209,1
24072ILA_7201,20241210,1
24072ILA_7202,20241210,1
24072ILA_7203,20241210,1
24072ILA_7213,20241210,1
24072ILA_7201,20241211,1
24072ILA_7202,20241211,1
24072ILA_7203,20241211,1
24072ILA_7213,20241211,1
24072ILA_7201,20241212,1
24072ILA_7202,20241212,1
24072ILA_7203,20241212,1
24072ILA_7213,20241212,1
24072ILA_7201,20241213,1
24072ILA_7202,20241213,1
24072ILA_7203,20241213,1
24072ILA_7213,20241213,1
24072ILA_7201,20241216,1
24072ILA_7202,20241216,1
24072ILA_7203,20241216,1
24072ILA_7213,20241216,1
24072ILA_7201,20241217,1
24072ILA_7202,20241217,1
24072ILA_7203,20241217,1
24072ILA_7213,20241217,1
24072ILA_7201,20241218,1
24072ILA_7202,20241218,1
24072ILA_7203,20241218,1
24072ILA_7213,20241218,1
24072ILA_7201,20241219,1
24072ILA_7202,20241219,1
24072ILA_7203,20241219,1
24072ILA_7213,20241219,1
24072ILA_7201,20241220,1
24072ILA_7202,20241220,1
24072ILA_7203,20241220,1
24072ILA_7213,20241220,1
24072ILA_7201,20241223,1
24072ILA_7202,20241223,1
24072ILA_7203,20241223,1
24072ILA_7213,20241223,1
24072ILA_7201,20241224,1
24072ILA_7202,20241224,1
24072ILA_7203,20241224,1
24072ILA_7213,20241224,1
24072ILA_7201,20241226,1
24072ILA_7202,20241226,1
24072ILA_7203,20241226,1
24072ILA_7213,20241226,1
24072ILA_7201,20241227,1
24072ILA_7202,20241227,1
24072ILA_7203,20241227,1
24072ILA_7213,20241227,1
24072ILA_7201,20241230,1
24072ILA_7202,20241230,1
24072ILA_7203,20241230,1
24072ILA_7213,20241230,1
24072ILA_7201,20241231,1
24072ILA_7202,20241231,1
24072ILA_7203,20241231,1
24072ILA_7213,20241231,1
24072ILA_7201,20250102,1
24072ILA_7202,20250102,1
24072ILA_7203,20250102,1
24072ILA_7213,20250102,1
24072ILA_7201,20250103,1
24072ILA_7202,20250103,1
24072ILA_7203,20250103,1
24072ILA_7213,20250103,1
24072ILA_7201,20250107,1
24072ILA_7202,20250107,1
24072ILA_7203,20250107,1
24072ILA_7213,20250107,1
24072ILA_7201,20250108,1
24072ILA_7202,20250108,1
24072ILA_7203,20250108,1
24072ILA_7213,20250108,1
24072ILA_7201,20250109,1
24072ILA_7202,20250109,1
24072ILA_7203,20250109,1
24072ILA_7213,20250109,1
24072ILA_7201,20250110,1
24072ILA_7202,20250110,1
24072ILA_7203,20250110,1
24072ILA_7213,20250110,1
24072ILA_7201,20250113,1
24072ILA_7202,20250113,1
24072ILA_7203,20250113,1
24072ILA_7213,20250113,1
24072ILA_7201,20250114,1
24072ILA_7202,20250114,1
24072ILA_7203,20250114,1
24072ILA_7213,20250114,1
24072ILA_7201,20250115,1
24072ILA_7202,20250115,1
24072ILA_7203,20250115,1
24072ILA_7213,20250115,1
24072ILA_7201,20250116,1
24072ILA_7202,20250116,1
24072ILA_7203,20250116,1
24072ILA_7213,20250116,1
24072ILA_7201,20250117,1
24072ILA_7202,20250117,1
24072ILA_7203,20250117,1
24072ILA_7213,20250117,1
24072ILA_7201,20250120,1
24072ILA_7202,20250120,1
24072ILA_7203,20250120,1
24072ILA_7213,20250120,1
24072ILA_7201,20250121,1
24072ILA_7202,20250121,1
24072ILA_7203,20250121,1
24072ILA_7213,20250121,1
24072ILA_7201,20250122,1
24072ILA_7202,20250122,1
24072ILA_7203,20250122,1
24072ILA_7213,20250122,1
24072ILA_7201,20250123,1
24072ILA_7202,20250123,1
24072ILA_7203,20250123,1
24072ILA_7213,20250123,1
24072ILA_7201,20250124,1
24072ILA_7202,20250124,1
24072ILA_7203,20250124,1
24072ILA_7213,20250124,1
24072ILA_7201,20250127,1
24072ILA_7202,20250127,1
24072ILA_7203,20250127,1
24072ILA_7213,20250127,1
24072ILA_7201,20250128,1
24072ILA_7202,20250128,1
24072ILA_7203,20250128,1
24072ILA_7213,20250128,1
24072ILA_7201,20250129,1
24072ILA_7202,20250129,1
24072ILA_7203,20250129,1
24072ILA_7213,20250129,1
24072ILA_7201,20250130,1
24072ILA_7202,20250130,1
24072ILA_7203,20250130,1
24072ILA_7213,20250130,1
24072ILA_7201,20250131,1
24072ILA_7202,20250131,1
24072ILA_7203,20250131,1
24072ILA_7213,20250131,1
24072ILA_7201,20250203,1
24072ILA_7202,20250203,1
24072ILA_7203,20250203,1
24072ILA_7213,20250203,1
24072ILA_7201,20250204,1
24072ILA_7202,20250204,1
24072ILA_7203,20250204,1
24072ILA_7213,20250204,1
24072ILA_7201,20250205,1
24072ILA_7202,20250205,1
24072ILA_7203,20250205,1
24072ILA_7213,20250205,1
24072ILA_7201,20250206,1
24072ILA_7202,20250206,1
24072ILA_7203,20250206,1
24072ILA_7213,20250206,1
24072ILA_7201,20250207,1
24072ILA_7202,20250207,1
24072ILA_7203,20250207,1
24072ILA_7213,20250207,1
24072ILA_7201,20250210,1
24072ILA_7202,20250210,1
24072ILA_7203,20250210,1
24072ILA_7213,20250210,1
24072ILA_7201,20250211,1
24072ILA_7202,20250211,1
24072ILA_7203,20250211,1
24072ILA_7213,20250211,1
24072ILA_7201,20250212,1
24072ILA_7202,20250212,1
24072ILA_7203,20250212,1
24072ILA_7213,20250212,1
24072ILA_7201,20250213,1
24072ILA_7202,20250213,1
24072ILA_7203,20250213,1
24072ILA_7213,20250213,1
24072ILA_7201,20250214,1
24072ILA_7202,20250214,1
24072ILA_7203,20250214,1
24072ILA_7213,20250214,1
24072ILA_7201,20250217,1
24072ILA_7202,20250217,1
24072ILA_7203,20250217,1
24072ILA_7213,20250217,1
24072ILA_7201,20250218,1
24072ILA_7202,20250218,1
24072ILA_7203,20250218,1
24072ILA_7213,20250218,1
24072ILA_7201,20250219,1
24072ILA_7202,20250219,1
24072ILA_7203,20250219,1
24072ILA_7213,20250219,1
24072ILA_7201,20250220,1
24072ILA_7202,20250220,1
24072ILA_7203,20250220,1
24072ILA_7213,20250220,1
24072ILA_7201,20250221,1
24072ILA_7202,20250221,1
24072ILA_7203,20250221,1
24072ILA_7213,20250221,1
24072ILA_7201,20250224,1
24072ILA_7202,20250224,1
24072ILA_7203,20250224,1
24072ILA_7213,20250224,1
24072ILA_7201,20250225,1
24072ILA_7202,20250225,1
24072ILA_7203,20250225,1
24072ILA_7213,20250225,1
24072ILA_7201,20250226,1
24072ILA_7202,20250226,1
24072ILA_7203,20250226,1
24072ILA_7213,20250226,1
24072ILA_7201,20250227,1
24072ILA_7202,20250227,1
24072ILA_7203,20250227,1
24072ILA_7213,20250227,1
24072ILA_7201,20250228,1
24072ILA_7202,20250228,1
24072ILA_7203,20250228,1
24072ILA_7213,20250228,1
24072ILA_7201,20250303,1
24072ILA_7202,20250303,1
24072ILA_7203,20250303,1
24072ILA_7213,20250303,1
24072ILA_7201,20250304,1
24072ILA_7202,20250304,1
24072ILA_7203,20250304,1
24072ILA_7213,20250304,1
24072ILA_7201,20250305,1
24072ILA_7202,20250305,1
24072ILA_7203,20250305,1
24072ILA_7213,20250305,1
24072ILA_7201,20250306,1
24072ILA_7202,20250306,1
24072ILA_7203,20250306,1
24072ILA_7213,20250306,1
24072ILA_7201,20250307,1
24072ILA_7202,20250307,1
24072ILA_7203,20250307,1
24072ILA_7213,20250307,1
24072ILA_7201,20250310,1
24072ILA_7202,20250310,1
24072ILA_7203,20250310,1
24072ILA_7213,20250310,1
24072ILA_7201,20250311,1
24072ILA_7202,20250311,1
24072ILA_7203,20250311,1
24072ILA_7213,20250311,1
24072ILA_7201,20250312,1
24072ILA_7202,20250312,1
24072ILA_7203,20250312,1
24072ILA_7213,20250312,1
24072ILA_7201,20250313,1
24072ILA_7202,20250313,1
24072ILA_7203,20250313,1
24072ILA_7213,20250313,1
24072ILA_7201,20250314,1
24072ILA_7202,20250314,1
24072ILA_7203,20250314,1
24072ILA_7213,20250314,1
24072ILA_7201,20250317,1
24072ILA_7202,20250317,1
24072ILA_7203,20250317,1
24072ILA_7213,20250317,1
24072ILA_7201,20250318,1
24072ILA_7202,20250318,1
24072ILA_7203,20250318,1
24072ILA_7213,20250318,1
24072ILA_7201,20250319,1
24072ILA_7202,20250319,1
24072ILA_7203,20250319,1
24072ILA_7213,20250319,1
24072ILA_7201,20250320,1
24072ILA_7202,20250320,1
24072ILA_7203,20250320,1
24072ILA_7213,20250320,1
24072ILA_7201,20250321,1
24072ILA_7202,20250321,1
24072ILA_7203,20250321,1
24072ILA_7213,20250321,1
24072ILA_7201,20250324,1
24072ILA_7202,20250324,1
24072ILA_7203,20250324,1
24072ILA_7213,20250324,1
24072ILA_7201,20250325,1
24072ILA_7202,20250325,1
24072ILA_7203,20250325,1
24072ILA_7213,20250325,1
24072ILA_7201,20250326,1
24072ILA_7202,20250326,1
24072ILA_7203,20250326,1
24072ILA_7213,20250326,1
24072ILA_7201,20250327,1
24072ILA_7202,20250327,1
24072ILA_7203,20250327,1
24072ILA_7213,20250327,1
24072ILA_7201,20250328,1
24072ILA_7202,20250328,1
24072ILA_7203,20250328,1
24072ILA_7213,20250328,1
24072ILA_7201,20250331,1
24072ILA_7202,20250331,1
24072ILA_7203,20250331,1
24072ILA_7213,20250331,1
24072ILA_7201,20250401,1
24072ILA_7202,20250401,1
24072ILA_7203,20250401,1
24072ILA_7213,20250401,1
24072ILA_7201,20250402,1
24072ILA_7202,20250402,1
24072ILA_7203,20250402,1
24072ILA_7213,20250402,1
24072ILA_7201,20250403,1
24072ILA_7202,20250403,1
24072ILA_7203,20250403,1
24072ILA_7213,20250403,1
24072ILA_7201,20250404,1
24072ILA_7202,20250404,1
24072ILA_7203,20250404,1
24072ILA_7213,20250404,1
24072ILA_7201,20250407,1
24072ILA_7202,20250407,1
24072ILA_7203,20250407,1
24072ILA_7213,20250407,1
24072ILA_7201,20250408,1
24072ILA_7202,20250408,1
24072ILA_7203,20250408,1
24072ILA_7213,20250408,1
24072ILA_7201,20250409,1
24072ILA_7202,20250409,1
24072ILA_7203,20250409,1
24072ILA_7213,20250409,1
24072ILA_7201,20250410,1
24072ILA_7202,20250410,1
24072ILA_7203,20250410,1
24072ILA_7213,20250410,1
24072ILA_7201,20250411,1
24072ILA_7202,20250411,1
24072ILA_7203,20250411,1
24072ILA_7213,20250411,1
24072ILA_7201,20250414,1
24072ILA_7202,20250414,1
24072ILA_7203,20250414,1
24072ILA_7213,20250414,1
24072ILA_7201,20250415,1
24072ILA_7202,20250415,1
24072ILA_7203,20250415,1
24072ILA_7213,20250415,1
24072ILA_7201,20250416,1
24072ILA_7202,20250416,1
24072ILA_7203,20250416,1
24072ILA_7213,20250416,1
24072ILA_7201,20250421,1
24072ILA_7202,20250421,1
24072ILA_7203,20250421,1
24072ILA_7213,20250421,1
24072ILA_7201,20250422,1
24072ILA_7202,20250422,1
24072ILA_7203,20250422,1
24072ILA_7213,20250422,1
24072ILA_7201,20250423,1
24072ILA_7202,20250423,1
24072ILA_7203,20250423,1
24072ILA_7213,20250423,1
24072ILA_7201,20250424,1
24072ILA_7202,20250424,1
24072ILA_7203,20250424,1
24072ILA_7213,20250424,1
24072ILA_7201,20250425,1
24072ILA_7202,20250425,1
24072ILA_7203,20250425,1
24072ILA_7213,20250425,1
24072ILA_7201,20250428,1
24072ILA_7202,20250428,1
24072ILA_7203,20250428,1
24072ILA_7213,20250428,1
24072ILA_7201,20250429,1
24072ILA_7202,20250429,1
24072ILA_7203,20250429,1
24072ILA_7213,20250429,1
24072ILA_7201,20250430,1
24072ILA_7202,20250430,1
24072ILA_7203,20250430,1
24072ILA_7213,20250430,1
24072ILA_7201,20250502,1
24072ILA_7202,20250502,1
24072ILA_7203,20250502,1
24072ILA_7213,20250502,1
24072ILA_7201,20250505,1
24072ILA_7202,20250505,1
24072ILA_7203,20250505,1
24072ILA_7213,20250505,1
24072ILA_7201,20250506,1
24072ILA_7202,20250506,1
24072ILA_7203,20250506,1
24072ILA_7213,20250506,1
24072ILA_7201,20250507,1
24072ILA_7202,20250507,1
24072ILA_7203,20250507,1
24072ILA_7213,20250507,1
24072ILA_7201,20250508,1
24072ILA_7202,20250508,1
24072ILA_7203,20250508,1
24072ILA_7213,20250508,1
24072ILA_7201,20250509,1
24072ILA_7202,20250509,1
24072ILA_7203,20250509,1
24072ILA_7213,20250509,1
24072ILA_7201,20250512,1
24072ILA_7202,20250512,1
24072ILA_7203,20250512,1
24072ILA_7213,20250512,1
24072ILA_7201,20250513,1
24072ILA_7202,20250513,1
24072ILA_7203,20250513,1
24072ILA_7213,20250513,1
24072ILA_7201,20250514,1
24072ILA_7202,20250514,1
24072ILA_7203,20250514,1
24072ILA_7213,20250514,1
24072ILA_7201,20250515,1
24072ILA_7202,20250515,1
24072ILA_7203,20250515,1
24072ILA_7213,20250515,1
24072ILA_7201,20250516,1
24072ILA_7202,20250516,1
24072ILA_7203,20250516,1
24072ILA_7213,20250516,1
24072ILA_7201,20250519,1
24072ILA_7202,20250519,1
24072ILA_7203,20250519,1
24072ILA_7213,20250519,1
24072ILA_7201,20250520,1
24072ILA_7202,20250520,1
24072ILA_7203,20250520,1
24072ILA_7213,20250520,1
24072ILA_7201,20250521,1
24072ILA_7202,20250521,1
24072ILA_7203,20250521,1
24072ILA_7213,20250521,1
24072ILA_7201,20250522,1
24072ILA_7202,20250522,1
24072ILA_7203,20250522,1
24072ILA_7213,20250522,1
24072ILA_7201,20250523,1
24072ILA_7202,20250523,1
24072ILA_7203,20250523,1
24072ILA_7213,20250523,1
24072ILA_7201,20250526,1
24072ILA_7202,20250526,1
24072ILA_7203,20250526,1
24072ILA_7213,20250526,1
24072ILA_7201,20250527,1
24072ILA_7202,20250527,1
24072ILA_7203,20250527,1
24072ILA_7213,20250527,1
24072ILA_7201,20250528,1
24072ILA_7202,20250528,1
24072ILA_7203,20250528,1
24072ILA_7213,20250528,1
24072ILA_7201,20250529,1
24072ILA_7202,20250529,1
24072ILA_7203,20250529,1
24072ILA_7213,20250529,1
24072ILA_7201,20250530,1
24072ILA_7202,20250530,1
24072ILA_7203,20250530,1
24072ILA_7213,20250530,1
24072ILA_7201,20250602,1
24072ILA_7202,20250602,1
24072ILA_7203,20250602,1
24072ILA_7213,20250602,1
24072ILA_7201,20250603,1
24072ILA_7202,20250603,1
24072ILA_7203,20250603,1
24072ILA_7213,20250603,1
24072ILA_7201,20250604,1
24072ILA_7202,20250604,1
24072ILA_7203,20250604,1
24072ILA_7213,20250604,1
24072ILA_7201,20250605,1
24072ILA_7202,20250605,1
24072ILA_7203,20250605,1
24072ILA_7213,20250605,1
24072ILA_7201,20250606,1
24072ILA_7202,20250606,1
24072ILA_7203,20250606,1
24072ILA_7213,20250606,1
24072ILA_7201,20250610,1
24072ILA_7202,20250610,1
24072ILA_7203,20250610,1
24072ILA_7213,20250610,1
24072ILA_7201,20250611,1
24072ILA_7202,20250611,1
24072ILA_7203,20250611,1
24072ILA_7213,20250611,1
24072ILA_7201,20250612,1
24072ILA_7202,20250612,1
24072ILA_7203,20250612,1
24072ILA_7213,20250612,1
24072ILA_7201,20250613,1
24072ILA_7202,20250613,1
24072ILA_7203,20250613,1
24072ILA_7213,20250613,1
24072ILA_7201,20250616,1
24072ILA_7202,20250616,1
24072ILA_7203,20250616,1
24072ILA_7213,20250616,1
24072ILA_7201,20250617,1
24072ILA_7202,20250617,1
24072ILA_7203,20250617,1
24072ILA_7213,20250617,1
24072ILA_7201,20250618,1
24072ILA_7202,20250618,1
24072ILA_7203,20250618,1
24072ILA_7213,20250618,1
24072ILA_7201,20250619,1
24072ILA_7202,20250619,1
24072ILA_7203,20250619,1
24072ILA_7213,20250619,1
24072ILA_7201,20250620,1
24072ILA_7202,20250620,1
24072ILA_7203,20250620,1
24072ILA_7213,20250620,1
24072ILA_7201,20250623,1
24072ILA_7202,20250623,1
24072ILA_7203,20250623,1
24072ILA_7213,20250623,1
24072ILA_7201,20250624,1
24072ILA_7202,20250624,1
24072ILA_7203,20250624,1
24072ILA_7213,20250624,1
24072ILA_7201,20250625,1
24072ILA_7202,20250625,1
24072ILA_7203,20250625,1
24072ILA_7213,20250625,1
24072ILA_7201,20250626,1
24072ILA_7202,20250626,1
24072ILA_7203,20250626,1
24072ILA_7213,20250626,1
24072ILA_7201,20250627,1
24072ILA_7202,20250627,1
24072ILA_7203,20250627,1
24072ILA_7213,20250627,1
24072ILA_7201,20250630,1
24072ILA_7202,20250630,1
24072ILA_7203,20250630,1
24072ILA_7213,20250630,1
24072ISA_7201,20240907,1
24072ISA_7202,20240907,1
24072ISA_7201,20240914,1
24072ISA_7202,20240914,1
24072ISA_7201,20240921,1
24072ISA_7202,20240921,1
24072ISA_7201,20240928,1
24072ISA_7202,20240928,1
24072ISA_7201,20241005,1
24072ISA_7202,20241005,1
24072ISA_7201,20241019,1
24072ISA_7202,20241019,1
24072ISA_7201,20241026,1
24072ISA_7202,20241026,1
24072ISA_7201,20241102,1
24072ISA_7202,20241102,1
24072ISA_7201,20241109,1
24072ISA_7202,20241109,1
24072ISA_7201,20241116,1
24072ISA_7202,20241116,1
24072ISA_7201,20241123,1
24072ISA_7202,20241123,1
24072ISA_7201,20241130,1
24072ISA_7202,20241130,1
24072ISA_7201,20241207,1
24072ISA_7202,20241207,1
24072ISA_7201,20241214,1
24072ISA_7202,20241214,1
24072ISA_7201,20241221,1
24072ISA_7202,20241221,1
24072ISA_7201,20241228,1
24072ISA_7202,20241228,1
24072ISA_7201,20250104,1
24072ISA_7202,20250104,1
24072ISA_7201,20250111,1
24072ISA_7202,20250111,1
24072ISA_7201,20250118,1
24072ISA_7202,20250118,1
24072ISA_7201,20250125,1
24072ISA_7202,20250125,1
24072ISA_7201,20250201,1
24072ISA_7202,20250201,1
24072ISA_7201,20250208,1
24072ISA_7202,20250208,1
24072ISA_7201,20250215,1
24072ISA_7202,20250215,1
24072ISA_7201,20250222,1
24072ISA_7202,20250222,1
24072ISA_7201,20250301,1
24072ISA_7202,20250301,1
24072ISA_7201,20250308,1
24072ISA_7202,20250308,1
24072ISA_7201,20250315,1
24072ISA_7202,20250315,1
24072ISA_7201,20250322,1
24072ISA_7202,20250322,1
24072ISA_7201,20250329,1
24072ISA_7202,20250329,1
24072ISA_7201,20250405,1
24072ISA_7202,20250405,1
24072ISA_7201,20250412,1
24072ISA_7202,20250412,1
24072ISA_7201,20250419,1
24072ISA_7202,20250419,1
24072ISA_7201,20250426,1
24072ISA_7202,20250426,1
24072ISA_7201,20250503,1
24072ISA_7202,20250503,1
24072ISA_7201,20250510,1
24072ISA_7202,20250510,1
24072ISA_7201,20250517,1
24072ISA_7202,20250517,1
24072ISA_7201,20250524,1
24072ISA_7202,20250524,1
24072ISA_7201,20250531,1
24072ISA_7202,20250531,1
24072ISA_7201,20250607,1
24072ISA_7202,20250607,1
24072ISA_7201,20250614,1
24072ISA_7202,20250614,1
24072ISA_7201,20250621,1
24072ISA_7202,20250621,1
24072ISA_7201,20250628,1
24072ISA_7202,20250628,1
24100IFA_10001,20240908,1
24100IFA_10002,20240908,1
24100IFA_10003,20240908,1
24100IFA_10011,20240908,1
24100IFA_10012,20240908,1
24100IFA_10013,20240908,1
24100IFA_10001,20240915,1
24100IFA_10002,20240915,1
24100IFA_10003,20240915,1
24100IFA_10011,20240915,1
24100IFA_10012,20240915,1
24100IFA_10013,20240915,1
24100IFA_10001,20240922,1
24100IFA_10002,20240922,1
24100IFA_10003,20240922,1
24100IFA_10011,20240922,1
24100IFA_10012,20240922,1
24100IFA_10013,20240922,1
24100IFA_10001,20240929,1
24100IFA_10002,20240929,1
24100IFA_10003,20240929,1
24100IFA_10011,20240929,1
24100IFA_10012,20240929,1
24100IFA_10013,20240929,1
24100IFA_10001,20241006,1
24100IFA_10002,20241006,1
24100IFA_10003,20241006,1
24100IFA_10011,20241006,1
24100IFA_10012,20241006,1
24100IFA_10013,20241006,1
24100IFA_10001,20241012,1
24100IFA_10002,20241012,1
24100IFA_10003,20241012,1
24100IFA_10011,20241012,1
24100IFA_10012,20241012,1
24100IFA_10013,20241012,1
24100IFA_10001,20241013,1
24100IFA_10002,20241013,1
24100IFA_10003,20241013,1
24100IFA_10011,20241013,1
24100IFA_10012,20241013,1
24100IFA_10013,20241013,1
24100IFA_10001,20241020,1
24100IFA_10002,20241020,1
24100IFA_10003,20241020,1
24100IFA_10011,20241020,1
24100IFA_10012,20241020,1
24100IFA_10013,20241020,1
24100IFA_10001,20241027,1
24100IFA_10002,20241027,1
24100IFA_10003,20241027,1
24100IFA_10011,20241027,1
24100IFA_10012,20241027,1
24100IFA_10013,20241027,1
24100IFA_10001,20241101,1
24100IFA_10002,20241101,1
24100IFA_10003,20241101,1
24100IFA_10011,20241101,1
24100IFA_10012,20241101,1
24100IFA_10013,20241101,1
24100IFA_10001,20241103,1
24100IFA_10002,20241103,1
24100IFA_10003,20241103,1
24100IFA_10011,20241103,1
24100IFA_10012,20241103,1
24100IFA_10013,20241103,1
24100IFA_10001,20241110,1
24100IFA_10002,20241110,1
24100IFA_10003,20241110,1
24100IFA_10011,20241110,1
24100IFA_10012,20241110,1
24100IFA_10013,20241110,1
24100IFA_10001,20241117,1
24100IFA_10002,20241117,1
24100IFA_10003,20241117,1
24100IFA_10011,20241117,1
24100IFA_10012,20241117,1
24100IFA_10013,20241117,1
24100IFA_10001,20241124,1
24100IFA_10002,20241124,1
24100IFA_10003,20241124,1
24100IFA_10011,20241124,1
24100IFA_10012,20241124,1
24100IFA_10013,20241124,1
24100IFA_10001,20241201,1
24100IFA_10002,20241201,1
24100IFA_10003,20241201,1
24100IFA_10011,20241201,1
24100IFA_10012,20241201,1
24100IFA_10013,20241201,1
24100IFA_10001,20241206,1
24100IFA_10002,20241206,1
24100IFA_10003,20241206,1
24100IFA_10011,20241206,1
24100IFA_10012,20241206,1
24100IFA_10013,20241206,1
24100IFA_10001,20241208,1
24100IFA_10002,20241208,1
24100IFA_10003,20241208,1
24100IFA_10011,20241208,1
24100IFA_10012,20241208,1
24100IFA_10013,20241208,1
24100IFA_10001,20241215,1
24100IFA_10002,20241215,1
24100IFA_10003,20241215,1
24100IFA_10011,20241215,1
24100IFA_10012,20241215,1
24100IFA_10013,20241215,1
24100IFA_10001,20241222,1
24100IFA_10002,20241222,1
24100IFA_10003,20241222,1
24100IFA_10011,20241222,1
24100IFA_10012,20241222,1
24100IFA_10013,20241222,1
24100IFA_10001,20241225,1
24100IFA_10002,20241225,1
24100IFA_10003,20241225,1
24100IFA_10011,20241225,1
24100IFA_10012,20241225,1
24100IFA_10013,20241225,1
24100IFA_10001,20241229,1
24100IFA_10002,20241229,1
24100IFA_10003,20241229,1
24100IFA_10011,20241229,1
24100IFA_10012,20241229,1
24100IFA_10013,20241229,1
24100IFA_10001,20250101,1
24100IFA_10002,20250101,1
24100IFA_10003,20250101,1
24100IFA_10011,20250101,1
24100IFA_10012,20250101,1
24100IFA_10013,20250101,1
24100IFA_10001,20250105,1
24100IFA_10002,20250105,1
24100IFA_10003,20250105,1
24100IFA_10011,20250105,1
24100IFA_10012,20250105,1
24100IFA_10013,20250105,1
24100IFA_10001,20250106,1
24100IFA_10002,20250106,1
24100IFA_10003,20250106,1
24100IFA_10011,20250106,1
24100IFA_10012,20250106,1
24100IFA_10013,20250106,1
24100IFA_10001,20250112,1
24100IFA_10002,20250112,1
24100IFA_10003,20250112,1
24100IFA_10011,20250112,1
24100IFA_10012,20250112,1
24100IFA_10013,20250112,1
24100IFA_10001,20250119,1
24100IFA_10002,20250119,1
24100IFA_10003,20250119,1
24100IFA_10011,20250119,1
24100IFA_10012,20250119,1
24100IFA_10013,20250119,1
24100IFA_10001,20250126,1
24100IFA_10002,20250126,1
24100IFA_10003,20250126,1
24100IFA_10011,20250126,1
24100IFA_10012,20250126,1
24100IFA_10013,20250126,1
24100IFA_10001,20250202,1
24100IFA_10002,20250202,1
24100IFA_10003,20250202,1
24100IFA_10011,20250202,1
24100IFA_10012,20250202,1
24100IFA_10013,20250202,1
24100IFA_10001,20250209,1
24100IFA_10002,20250209,1
24100IFA_10003,20250209,1
24100IFA_10011,20250209,1
24100IFA_10012,20250209,1
24100IFA_10013,20250209,1
24100IFA_10001,20250216,1
24100IFA_10002,20250216,1
24100IFA_10003,20250216,1
24100IFA_10011,20250216,1
24100IFA_10012,20250216,1
24100IFA_10013,20250216,1
24100IFA_10001,20250223,1
24100IFA_10002,20250223,1
24100IFA_10003,20250223,1
24100IFA_10011,20250223,1
24100IFA_10012,20250223,1
24100IFA_10013,20250223,1
24100IFA_10001,20250302,1
24100IFA_10002,20250302,1
24100IFA_10003,20250302,1
24100IFA_10011,20250302,1
24100IFA_10012,20250302,1
24100IFA_10013,20250302,1
24100IFA_10001,20250309,1
24100IFA_10002,20250309,1
24100IFA_10003,20250309,1
24100IFA_10011,20250309,1
24100IFA_10012,20250309,1
24100IFA_10013,20250309,1
24100IFA_10001,20250316,1
24100IFA_10002,20250316,1
24100IFA_10003,20250316,1
24100IFA_10011,20250316,1
24100IFA_10012,20250316,1
24100IFA_10013,20250316,1
24100IFA_10001,20250323,1
24100IFA_10002,20250323,1
24100IFA_10003,20250323,1
24100IFA_10011,20250323,1
24100IFA_10012,20250323,1
24100IFA_10013,20250323,1
24100IFA_10001,20250330,1
24100IFA_10002,20250330,1
24100IFA_10003,20250330,1
24100IFA_10011,20250330,1
24100IFA_10012,20250330,1
24100IFA_10013,20250330,1
24100IFA_10001,20250406,1
24100IFA_10002,20250406,1
24100IFA_10003,20250406,1
24100IFA_10011,20250406,1
24100IFA_10012,20250406,1
24100IFA_10013,20250406,1
24100IFA_10001,20250413,1
24100IFA_10002,20250413,1
24100IFA_10003,20250413,1
24100IFA_10011,20250413,1
24100IFA_10012,20250413,1
24100IFA_10013,20250413,1
24100IFA_10001,20250417,1
24100IFA_10002,20250417,1
24100IFA_10003,20250417,1
24100IFA_10011,20250417,1
24100IFA_10012,20250417,1
24100IFA_10013,20250417,1
24100IFA_10001,20250418,1
24100IFA_10002,20250418,1
24100IFA_10003,20250418,1
24100IFA_10011,20250418,1
24100IFA_10012,20250418,1
24100IFA_10013,20250418,1
24100IFA_10001,20250420,1
24100IFA_10002,20250420,1
24100IFA_10003,20250420,1
24100IFA_10011,20250420,1
24100IFA_10012,20250420,1
24100IFA_10013,20250420,1
24100IFA_10001,20250427,1
24100IFA_10002,20250427,1
24100IFA_10003,20250427,1
24100IFA_10011,20250427,1
24100IFA_10012,20250427,1
24100IFA_10013,20250427,1
24100IFA_10001,20250501,1
24100IFA_10002,20250501,1
24100IFA_10003,20250501,1
24100IFA_10011,20250501,1
24100IFA_10012,20250501,1
24100IFA_10013,20250501,1
24100IFA_10001,20250504,1
24100IFA_10002,20250504,1
24100IFA_10003,20250504,1
24100IFA_10011,20250504,1
24100IFA_10012,20250504,1
24100IFA_10013,20250504,1
24100IFA_10001,20250511,1
24100IFA_10002,20250511,1
24100IFA_10003,20250511,1
24100IFA_10011,20250511,1
24100IFA_10012,20250511,1
24100IFA_10013,20250511,1
24100IFA_10001,20250518,1
24100IFA_10002,20250518,1
24100IFA_10003,20250518,1
24100IFA_10011,20250518,1
24100IFA_10012,20250518,1
24100IFA_10013,20250518,1
24100IFA_10001,20250525,1
24100IFA_10002,20250525,1
24100IFA_10003,20250525,1
24100IFA_10011,20250525,1
24100IFA_10012,20250525,1
24100IFA_10013,20250525,1
24100IFA_10001,20250601,1
24100IFA_10002,20250601,1
24100IFA_10003,20250601,1
24100IFA_10011,20250601,1
24100IFA_10012,20250601,1
24100IFA_10013,20250601,1
24100IFA_10001,20250608,1
24100IFA_10002,20250608,1
24100IFA_10003,20250608,1
24100IFA_10011,20250608,1
24100IFA_10012,20250608,1
24100IFA_10013,20250608,1
24100IFA_10001,20250609,1
24100IFA_10002,20250609,1
24100IFA_10003,20250609,1
24100IFA_10011,20250609,1
24100IFA_10012,20250609,1
24100IFA_10013,20250609,1
24100IFA_10001,20250615,1
24100IFA_10002,20250615,1
24100IFA_10003,20250615,1
24100IFA_10011,20250615,1
24100IFA_10012,20250615,1
24100IFA_10013,20250615,1
24100IFA_10001,20250622,1
24100IFA_10002,20250622,1
24100IFA_10003,20250622,1
24100IFA_10011,20250622,1
24100IFA_10012,20250622,1
24100IFA_10013,20250622,1
24100IFA_10001,20250629,1
24100IFA_10002,20250629,1
24100IFA_10003,20250629,1
24100IFA_10011,20250629,1
24100IFA_10012,20250629,1
24100IFA_10013,20250629,1
24100ILA_10001,20240903,1
24100ILA_10002,20240903,1
24100ILA_10003,20240903,1
24100ILA_10011,20240903,1
24100ILA_10012,20240903,1
24100ILA_10013,20240903,1
24100ILA_10001,20240904,1
24100ILA_10002,20240904,1
24100ILA_10003,20240904,1
24100ILA_10011,20240904,1
24100ILA_10012,20240904,1
24100ILA_10013,20240904,1
24100ILA_10001,20240905,1
24100ILA_10002,20240905,1
24100ILA_10003,20240905,1
24100ILA_10011,20240905,1
24100ILA_10012,20240905,1
24100ILA_10013,20240905,1
24100ILA_10001,20240906,1
24100ILA_10002,20240906,1
24100ILA_10003,20240906,1
24100ILA_10011,20240906,1
24100ILA_10012,20240906,1
24100ILA_10013,20240906,1
24100ILA_10001,20240909,1
24100ILA_10002,20240909,1
24100ILA_10003,20240909,1
24100ILA_10011,20240909,1
24100ILA_10012,20240909,1
24100ILA_10013,20240909,1
24100ILA_10001,20240910,1
24100ILA_10002,20240910,1
24100ILA_10003,20240910,1
24100ILA_10011,20240910,1
24100ILA_10012,20240910,1
24100ILA_10013,20240910,1
24100ILA_10001,20240911,1
24100ILA_10002,20240911,1
24100ILA_10003,20240911,1
24100ILA_10011,20240911,1
24100ILA_10012,20240911,1
24100ILA_10013,20240911,1
24100ILA_10001,20240912,1
24100ILA_10002,20240912,1
24100ILA_10003,20240912,1
24100ILA_10011,20240912,1
24100ILA_10012,20240912,1
24100ILA_10013,20240912,1
24100ILA_10001,20240913,1
24100ILA_10002,20240913,1
24100ILA_10003,20240913,1
24100ILA_10011,20240913,1
24100ILA_10012,20240913,1
24100ILA_10013,20240913,1
24100ILA_10001,20240916,1
24100ILA_10002,20240916,1
24100ILA_10003,20240916,1
24100ILA_10011,20240916,1
24100ILA_10012,20240916,1
24100ILA_10013,20240916,1
24100ILA_10001,20240917,1
24100ILA_10002,20240917,1
24100ILA_10003,20240917,1
24100ILA_10011,20240917,1
24100ILA_10012,20240917,1
24100ILA_10013,20240917,1
24100ILA_10001,20240918,1
24100ILA_10002,20240918,1
24100ILA_10003,20240918,1
24100ILA_10011,20240918,1
24100ILA_10012,20240918,1
24100ILA_10013,20240918,1
24100ILA_10001,20240919,1
24100ILA_10002,20240919,1
24100ILA_10003,20240919,1
24100ILA_10011,20240919,1
24100ILA_10012,20240919,1
24100ILA_10013,20240919,1
24100ILA_10001,20240920,1
24100ILA_10002,20240920,1
24100ILA_10003,20240920,1
24100ILA_10011,20240920,1
24100ILA_10012,20240920,1
24100ILA_10013,20240920,1
24100ILA_10001,20240923,1
24100ILA_10002,20240923,1
24100ILA_10003,20240923,1
24100ILA_10011,20240923,1
24100ILA_10012,20240923,1
24100ILA_10013,20240923,1
24100ILA_10001,20240924,1
24100ILA_10002,20240924,1
24100ILA_10003,20240924,1
24100ILA_10011,20240924,1
24100ILA_10012,20240924,1
24100ILA_10013,20240924,1
24100ILA_10001,20240925,1
24100ILA_10002,20240925,1
24100ILA_10003,20240925,1
24100ILA_10011,20240925,1
24100ILA_10012,20240925,1
24100ILA_10013,20240925,1
24100ILA_10001,20240926,1
24100ILA_10002,20240926,1
24100ILA_10003,20240926,1
24100ILA_10011,20240926,1
24100ILA_10012,20240926,1
24100ILA_10013,20240926,1
24100ILA_10001,20240927,1
24100ILA_10002,20240927,1
24100ILA_10003,20240927,1
24100ILA_10011,20240927,1
24100ILA_10012,20240927,1
24100ILA_10013,20240927,1
24100ILA_10001,20240930,1
24100ILA_10002,20240930,1
24100ILA_10003,20240930,1
24100ILA_10011,20240930,1
24100ILA_10012,20240930,1
24100ILA_10013,20240930,1
24100ILA_10001,20241001,1
24100ILA_10002,20241001,1
24100ILA_10003,20241001,1
24100ILA_10011,20241001,1
24100ILA_10012,20241001,1
24100ILA_10013,20241001,1
24100ILA_10001,20241002,1
24100ILA_10002,20241002,1
24100ILA_10003,20241002,1
24100ILA_10011,20241002,1
24100ILA_10012,20241002,1
24100ILA_10013,20241002,1
24100ILA_10001,20241003,1
24100ILA_10002,20241003,1
24100ILA_10003,20241003,1
24100ILA_10011,20241003,1
24100ILA_10012,20241003,1
24100ILA_10013,20241003,1
24100ILA_10001,20241004,1
24100ILA_10002,20241004,1
24100ILA_10003,20241004,1
24100ILA_10011,20241004,1
24100ILA_10012,20241004,1
24100ILA_10013,20241004,1
24100ILA_10001,20241007,1
24100ILA_10002,20241007,1
24100ILA_10003,20241007,1
24100ILA_10011,20241007,1
24100ILA_10012,20241007,1
24100ILA_10013,20241007,1
24100ILA_10001,20241008,1
24100ILA_10002,20241008,1
24100ILA_10003,20241008,1
24100ILA_10011,20241008,1
24100ILA_10012,20241008,1
24100ILA_10013,20241008,1
24100ILA_10001,20241009,1
24100ILA_10002,20241009,1
24100ILA_10003,20241009,1
24100ILA_10011,20241009,1
24100ILA_10012,20241009,1
24100ILA_10013,20241009,1
24100ILA_10001,20241010,1
24100ILA_10002,20241010,1
24100ILA_10003,20241010,1
24100ILA_10011,20241010,1
24100ILA_10012,20241010,1
24100ILA_10013,20241010,1
24100ILA_10001,20241011,1
24100ILA_10002,20241011,1
24100ILA_10003,20241011,1
24100ILA_10011,20241011,1
24100ILA_10012,20241011,1
24100ILA_10013,20241011,1
24100ILA_10001,20241014,1
24100ILA_10002,20241014,1
24100ILA_10003,20241014,1
24100ILA_10011,20241014,1
24100ILA_10012,20241014,1
24100ILA_10013,20241014,1
24100ILA_10001,20241015,1
24100ILA_10002,20241015,1
24100ILA_10003,20241015,1
24100ILA_10011,20241015,1
24100ILA_10012,20241015,1
24100ILA_10013,20241015,1
24100ILA_10001,20241016,1
24100ILA_10002,20241016,1
24100ILA_10003,20241016,1
24100ILA_10011,20241016,1
24100ILA_10012,20241016,1
24100ILA_10013,20241016,1
24100ILA_10001,20241017,1
24100ILA_10002,20241017,1
24100ILA_10003,20241017,1
24100ILA_10011,20241017,1
24100ILA_10012,20241017,1
24100ILA_10013,20241017,1
24100ILA_10001,20241018,1
24100ILA_10002,20241018,1
24100ILA_10003,20241018,1
24100ILA_10011,20241018,1
24100ILA_10012,20241018,1
24100ILA_10013,20241018,1
24100ILA_10001,20241021,1
24100ILA_10002,20241021,1
24100ILA_10003,20241021,1
24100ILA_10011,20241021,1
24100ILA_10012,20241021,1
24100ILA_10013,20241021,1
24100ILA_10001,20241022,1
24100ILA_10002,20241022,1
24100ILA_10003,20241022,1
24100ILA_10011,20241022,1
24100ILA_10012,20241022,1
24100ILA_10013,20241022,1
24100ILA_10001,20241023,1
24100ILA_10002,20241023,1
24100ILA_10003,20241023,1
24100ILA_10011,20241023,1
24100ILA_10012,20241023,1
24100ILA_10013,20241023,1
24100ILA_10001,20241024,1
24100ILA_10002,20241024,1
24100ILA_10003,20241024,1
24100ILA_10011,20241024,1
24100ILA_10012,20241024,1
24100ILA_10013,20241024,1
24100ILA_10001,20241025,1
24100ILA_10002,20241025,1
24100ILA_10003,20241025,1
24100ILA_10011,20241025,1
24100ILA_10012,20241025,1
24100ILA_10013,20241025,1
24100ILA_10001,20241028,1
24100ILA_10002,20241028,1
24100ILA_10003,20241028,1
24100ILA_10011,20241028,1
24100ILA_10012,20241028,1
24100ILA_10013,20241028,1
24100ILA_10001,20241029,1
24100ILA_10002,20241029,1
24100ILA_10003,20241029,1
24100ILA_10011,20241029,1
24100ILA_10012,20241029,1
24100ILA_10013,20241029,1
24100ILA_10001,20241030,1
24100ILA_10002,20241030,1
24100ILA_10003,20241030,1
24100ILA_10011,20241030,1
24100ILA_10012,20241030,1
24100ILA_10013,20241030,1
24100ILA_10001,20241031,1
24100ILA_10002,20241031,1
24100ILA_10003,20241031,1
24100ILA_10011,20241031,1
24100ILA_10012,20241031,1
24100ILA_10013,20241031,1
24100ILA_10001,20241104,1
24100ILA_10002,20241104,1
24100ILA_10003,20241104,1
24100ILA_10011,20241104,1
24100ILA_10012,20241104,1
24100ILA_10013,20241104,1
24100ILA_10001,20241105,1
24100ILA_10002,20241105,1
24100ILA_10003,20241105,1
24100ILA_10011,20241105,1
24100ILA_10012,20241105,1
24100ILA_10013,20241105,1
24100ILA_10001,20241106,1
24100ILA_10002,20241106,1
24100ILA_10003,20241106,1
24100ILA_10011,20241106,1
24100ILA_10012,20241106,1
24100ILA_10013,20241106,1
24100ILA_10001,20241107,1
24100ILA_10002,20241107,1
24100ILA_10003,20241107,1
24100ILA_10011,20241107,1
24100ILA_10012,20241107,1
24100ILA_10013,20241107,1
24100ILA_10001,20241108,1
24100ILA_10002,20241108,1
24100ILA_10003,20241108,1
24100ILA_10011,20241108,1
24100ILA_10012,20241108,1
24100ILA_10013,20241108,1
24100ILA_10001,20241111,1
24100ILA_10002,20241111,1
24100ILA_10003,20241111,1
24100ILA_10011,20241111,1
24100ILA_10012,20241111,1
24100ILA_10013,20241111,1
24100ILA_10001,20241112,1
24100ILA_10002,20241112,1
24100ILA_10003,20241112,1
24100ILA_10011,20241112,1
24100ILA_10012,20241112,1
24100ILA_10013,20241112,1
24100ILA_10001,20241113,1
24100ILA_10002,20241113,1
24100ILA_10003,20241113,1
24100ILA_10011,20241113,1
24100ILA_10012,20241113,1
24100ILA_10013,20241113,1
24100ILA_10001,20241114,1
24100ILA_10002,20241114,1
24100ILA_10003,20241114,1
24100ILA_10011,20241114,1
24100ILA_10012,20241114,1
24100ILA_10013,20241114,1
24100ILA_10001,20241115,1
24100ILA_10002,20241115,1
24100ILA_10003,20241115,1
24100ILA_10011,20241115,1
24100ILA_10012,20241115,1
24100ILA_10013,20241115,1
24100ILA_10001,20241118,1
24100ILA_10002,20241118,1
24100ILA_10003,20241118,1
24100ILA_10011,20241118,1
24100ILA_10012,20241118,1
24100ILA_10013,20241118,1
24100ILA_10001,20241119,1
24100ILA_10002,20241119,1
24100ILA_10003,20241119,1
24100ILA_10011,20241119,1
24100ILA_10012,20241119,1
24100ILA_10013,20241119,1
24100ILA_10001,20241120,1
24100ILA_10002,20241120,1
24100ILA_10003,20241120,1
24100ILA_10011,20241120,1
24100ILA_10012,20241120,1
24100ILA_10013,20241120,1
24100ILA_10001,20241121,1
24100ILA_10002,20241121,1
24100ILA_10003,20241121,1
24100ILA_10011,20241121,1
24100ILA_10012,20241121,1
24100ILA_10013,20241121,1
24100ILA_10001,20241122,1
24100ILA_10002,20241122,1
24100ILA_10003,20241122,1
24100ILA_10011,20241122,1
24100ILA_10012,20241122,1
24100ILA_10013,20241122,1
24100ILA_10001,20241125,1
24100ILA_10002,20241125,1
24100ILA_10003,20241125,1
24100ILA_10011,20241125,1
24100ILA_10012,20241125,1
24100ILA_10013,20241125,1
24100ILA_10001,20241126,1
24100ILA_10002,20241126,1
24100ILA_10003,20241126,1
24100ILA_10011,20241126,1
24100ILA_10012,20241126,1
24100ILA_10013,20241126,1
24100ILA_10001,20241127,1
24100ILA_10002,20241127,1
24100ILA_10003,20241127,1
24100ILA_10011,20241127,1
24100ILA_10012,20241127,1
24100ILA_10013,20241127,1
24100ILA_10001,20241128,1
24100ILA_10002,20241128,1
24100ILA_10003,20241128,1
24100ILA_10011,20241128,1
24100ILA_10012,20241128,1
24100ILA_10013,20241128,1
24100ILA_10001,20241129,1
24100ILA_10002,20241129,1
24100ILA_10003,20241129,1
24100ILA_10011,20241129,1
24100ILA_10012,20241129,1
24100ILA_10013,20241129,1
24100ILA_10001,20241202,1
24100ILA_10002,20241202,1
24100ILA_10003,20241202,1
24100ILA_10011,20241202,1
24100ILA_10012,20241202,1
24100ILA_10013,20241202,1
24100ILA_10001,20241203,1
24100ILA_10002,20241203,1
24100ILA_10003,20241203,1
24100ILA_10011,20241203,1
24100ILA_10012,20241203,1
24100ILA_10013,20241203,1
24100ILA_10001,20241204,1
24100ILA_10002,20241204,1
24100ILA_10003,20241204,1
24100ILA_10011,20241204,1
24100ILA_10012,20241204,1
24100ILA_10013,20241204,1
24100ILA_10001,20241205,1
24100ILA_10002,20241205,1
24100ILA_10003,20241205,1
24100ILA_10011,20241205,1
24100ILA_10012,20241205,1
24100ILA_10013,20241205,1
24100ILA_10001,20241209,1
24100ILA_10002,20241209,1
24100ILA_10003,20241209,1
24100ILA_10011,20241209,1
24100ILA_10012,20241209,1
24100ILA_10013,20241209,1
24100ILA_10001,20241210,1
24100ILA_10002,20241210,1
24100ILA_10003,20241210,1
24100ILA_10011,20241210,1
24100ILA_10012,20241210,1
24100ILA_10013,20241210,1
24100ILA_10001,20241211,1
24100ILA_10002,20241211,1
24100ILA_10003,20241211,1
24100ILA_10011,20241211,1
24100ILA_10012,20241211,1
24100ILA_10013,20241211,1
24100ILA_10001,20241212,1
24100ILA_10002,20241212,1
24100ILA_10003,20241212,1
24100ILA_10011,20241212,1
24100ILA_10012,20241212,1
24100ILA_10013,20241212,1
24100ILA_10001,20241213,1
24100ILA_10002,20241213,1
24100ILA_10003,20241213,1
24100ILA_10011,20241213,1
24100ILA_10012,20241213,1
24100ILA_10013,20241213,1
24100ILA_10001,20241216,1
24100ILA_10002,20241216,1
24100ILA_10003,20241216,1
24100ILA_10011,20241216,1
24100ILA_10012,20241216,1
24100ILA_10013,20241216,1
24100ILA_10001,20241217,1
24100ILA_10002,20241217,1
24100ILA_10003,20241217,1
24100ILA_10011,20241217,1
24100ILA_10012,20241217,1
24100ILA_10013,20241217,1
24100ILA_10001,20241218,1
24100ILA_10002,20241218,1
24100ILA_10003,20241218,1
24100ILA_10011,20241218,1
24100ILA_10012,20241218,1
24100ILA_10013,20241218,1
24100ILA_10001,20241219,1
24100ILA_10002,20241219,1
24100ILA_10003,20241219,1
24100ILA_10011,20241219,1
24100ILA_10012,20241219,1
24100ILA_10013,20241219,1
24100ILA_10001,20241220,1
24100ILA_10002,20241220,1
24100ILA_10003,20241220,1
24100ILA_10011,20241220,1
24100ILA_10012,20241220,1
24100ILA_10013,20241220,1
24100ILA_10001,20241223,1
24100ILA_10002,20241223,1
24100ILA_10003,20241223,1
24100ILA_10011,20241223,1
24100ILA_10012,20241223,1
24100ILA_10013,20241223,1
24100ILA_10001,20241224,1
24100ILA_10002,20241224,1
24100ILA_10003,20241224,1
24100ILA_10011,20241224,1
24100ILA_10012,20241224,1
24100ILA_10013,20241224,1
24100ILA_10001,20241226,1
24100ILA_10002,20241226,1
24100ILA_10003,20241226,1
24100ILA_10011,20241226,1
24100ILA_10012,20241226,1
24100ILA_10013,20241226,1
24100ILA_10001,20241227,1
24100ILA_10002,20241227,1
24100ILA_10003,20241227,1
24100ILA_10011,20241227,1
24100ILA_10012,20241227,1
24100ILA_10013,20241227,1
24100ILA_10001,20241230,1
24100ILA_10002,20241230,1
24100ILA_10003,20241230,1
24100ILA_10011,20241230,1
24100ILA_10012,20241230,1
24100ILA_10013,20241230,1
24100ILA_10001,20241231,1
24100ILA_10002,20241231,1
24100ILA_10003,20241231,1
24100ILA_10011,20241231,1
24100ILA_10012,20241231,1
24100ILA_10013,20241231,1
24100ILA_10001,20250102,1
24100ILA_10002,20250102,1
24100ILA_10003,20250102,1
24100ILA_10011,20250102,1
24100ILA_10012,20250102,1
24100ILA_10013,20250102,1
24100ILA_10001,20250103,1
24100ILA_10002,20250103,1
24100ILA_10003,20250103,1
24100ILA_10011,20250103,1
24100ILA_10012,20250103,1
24100ILA_10013,20250103,1
24100ILA_10001,20250107,1
24100ILA_10002,20250107,1
24100ILA_10003,20250107,1
24100ILA_10011,20250107,1
24100ILA_10012,20250107,1
24100ILA_10013,20250107,1
24100ILA_10001,20250108,1
24100ILA_10002,20250108,1
24100ILA_10003,20250108,1
24100ILA_10011,20250108,1
24100ILA_10012,20250108,1
24100ILA_10013,20250108,1
24100ILA_10001,20250109,1
24100ILA_10002,20250109,1
24100ILA_10003,20250109,1
24100ILA_10011,20250109,1
24100ILA_10012,20250109,1
24100ILA_10013,20250109,1
24100ILA_10001,20250110,1
24100ILA_10002,20250110,1
24100ILA_10003,20250110,1
24100ILA_10011,20250110,1
24100ILA_10012,20250110,1
24100ILA_10013,20250110,1
24100ILA_10001,20250113,1
24100ILA_10002,20250113,1
24100ILA_10003,20250113,1
24100ILA_10011,20250113,1
24100ILA_10012,20250113,1
24100ILA_10013,20250113,1
24100ILA_10001,20250114,1
24100ILA_10002,20250114,1
24100ILA_10003,20250114,1
24100ILA_10011,20250114,1
24100ILA_10012,20250114,1
24100ILA_10013,20250114,1
24100ILA_10001,20250115,1
24100ILA_10002,20250115,1
24100ILA_10003,20250115,1
24100ILA_10011,20250115,1
24100ILA_10012,20250115,1
24100ILA_10013,20250115,1
24100ILA_10001,20250116,1
24100ILA_10002,20250116,1
24100ILA_10003,20250116,1
24100ILA_10011,20250116,1
24100ILA_10012,20250116,1
24100ILA_10013,20250116,1
24100ILA_10001,20250117,1
24100ILA_10002,20250117,1
24100ILA_10003,20250117,1
24100ILA_10011,20250117,1
24100ILA_10012,20250117,1
24100ILA_10013,20250117,1
24100ILA_10001,20250120,1
24100ILA_10002,20250120,1
24100ILA_10003,20250120,1
24100ILA_10011,20250120,1
24100ILA_10012,20250120,1
24100ILA_10013,20250120,1
24100ILA_10001,20250121,1
24100ILA_10002,20250121,1
24100ILA_10003,20250121,1
24100ILA_10011,20250121,1
24100ILA_10012,20250121,1
24100ILA_10013,20250121,1
24100ILA_10001,20250122,1
24100ILA_10002,20250122,1
24100ILA_10003,20250122,1
24100ILA_10011,20250122,1
24100ILA_10012,20250122,1
24100ILA_10013,20250122,1
24100ILA_10001,20250123,1
24100ILA_10002,20250123,1
24100ILA_10003,20250123,1
24100ILA_10011,20250123,1
24100ILA_10012,20250123,1
24100ILA_10013,20250123,1
24100ILA_10001,20250124,1
24100ILA_10002,20250124,1
24100ILA_10003,20250124,1
24100ILA_10011,20250124,1
24100ILA_10012,20250124,1
24100ILA_10013,20250124,1
24100ILA_10001,20250127,1
24100ILA_10002,20250127,1
24100ILA_10003,20250127,1
24100ILA_10011,20250127,1
24100ILA_10012,20250127,1
24100ILA_10013,20250127,1
24100ILA_10001,20250128,1
24100ILA_10002,20250128,1
24100ILA_10003,20250128,1
24100ILA_10011,20250128,1
24100ILA_10012,20250128,1
24100ILA_10013,20250128,1
24100ILA_10001,20250129,1
24100ILA_10002,20250129,1
24100ILA_10003,20250129,1
24100ILA_10011,20250129,1
24100ILA_10012,20250129,1
24100ILA_10013,20250129,1
24100ILA_10001,20250130,1
24100ILA_10002,20250130,1
24100ILA_10003,20250130,1
24100ILA_10011,20250130,1
24100ILA_10012,20250130,1
24100ILA_10013,20250130,1
24100ILA_10001,20250131,1
24100ILA_10002,20250131,1
24100ILA_10003,20250131,1
24100ILA_10011,20250131,1
24100ILA_10012,20250131,1
24100ILA_10013,20250131,1
24100ILA_10001,20250203,1
24100ILA_10002,20250203,1
24100ILA_10003,20250203,1
24100ILA_10011,20250203,1
24100ILA_10012,20250203,1
24100ILA_10013,20250203,1
24100ILA_10001,20250204,1
24100ILA_10002,20250204,1
24100ILA_10003,20250204,1
24100ILA_10011,20250204,1
24100ILA_10012,20250204,1
24100ILA_10013,20250204,1
24100ILA_10001,20250205,1
24100ILA_10002,20250205,1
24100ILA_10003,20250205,1
24100ILA_10011,20250205,1
24100ILA_10012,20250205,1
24100ILA_10013,20250205,1
24100ILA_10001,20250206,1
24100ILA_10002,20250206,1
24100ILA_10003,20250206,1
24100ILA_10011,20250206,1
24100ILA_10012,20250206,1
24100ILA_10013,20250206,1
24100ILA_10001,20250207,1
24100ILA_10002,20250207,1
24100ILA_10003,20250207,1
24100ILA_10011,20250207,1
24100ILA_10012,20250207,1
24100ILA_10013,20250207,1
24100ILA_10001,20250210,1
24100ILA_10002,20250210,1
24100ILA_10003,20250210,1
24100ILA_10011,20250210,1
24100ILA_10012,20250210,1
24100ILA_10013,20250210,1
24100ILA_10001,20250211,1
24100ILA_10002,20250211,1
24100ILA_10003,20250211,1
24100ILA_10011,20250211,1
24100ILA_10012,20250211,1
24100ILA_10013,20250211,1
24100ILA_10001,20250212,1
24100ILA_10002,20250212,1
24100ILA_10003,20250212,1
24100ILA_10011,20250212,1
24100ILA_10012,20250212,1
24100ILA_10013,20250212,1
24100ILA_10001,20250213,1
24100ILA_10002,20250213,1
24100ILA_10003,20250213,1
24100ILA_10011,20250213,1
24100ILA_10012,20250213,1
24100ILA_10013,20250213,1
24100ILA_10001,20250214,1
24100ILA_10002,20250214,1
24100ILA_10003,20250214,1
24100ILA_10011,20250214,1
24100ILA_10012,20250214,1
24100ILA_10013,20250214,1
24100ILA_10001,20250217,1
24100ILA_10002,20250217,1
24100ILA_10003,20250217,1
24100ILA_10011,20250217,1
24100ILA_10012,20250217,1
24100ILA_10013,20250217,1
24100ILA_10001,20250218,1
24100ILA_10002,20250218,1
24100ILA_10003,20250218,1
24100ILA_10011,20250218,1
24100ILA_10012,20250218,1
24100ILA_10013,20250218,1
24100ILA_10001,20250219,1
24100ILA_10002,20250219,1
24100ILA_10003,20250219,1
24100ILA_10011,20250219,1
24100ILA_10012,20250219,1
24100ILA_10013,20250219,1
24100ILA_10001,20250220,1
24100ILA_10002,20250220,1
24100ILA_10003,20250220,1
24100ILA_10011,20250220,1
24100ILA_10012,20250220,1
24100ILA_10013,20250220,1
24100ILA_10001,20250221,1
24100ILA_10002,20250221,1
24100ILA_10003,20250221,1
24100ILA_10011,20250221,1
24100ILA_10012,20250221,1
24100ILA_10013,20250221,1
24100ILA_10001,20250224,1
24100ILA_10002,20250224,1
24100ILA_10003,20250224,1
24100ILA_10011,20250224,1
24100ILA_10012,20250224,1
24100ILA_10013,20250224,1
24100ILA_10001,20250225,1
24100ILA_10002,20250225,1
24100ILA_10003,20250225,1
24100ILA_10011,20250225,1
24100ILA_10012,20250225,1
24100ILA_10013,20250225,1
24100ILA_10001,20250226,1
24100ILA_10002,20250226,1
24100ILA_10003,20250226,1
24100ILA_10011,20250226,1
24100ILA_10012,20250226,1
24100ILA_10013,20250226,1
24100ILA_10001,20250227,1
24100ILA_10002,20250227,1
24100ILA_10003,20250227,1
24100ILA_10011,20250227,1
24100ILA_10012,20250227,1
24100ILA_10013,20250227,1
24100ILA_10001,20250228,1
24100ILA_10002,20250228,1
24100ILA_10003,20250228,1
24100ILA_10011,20250228,1
24100ILA_10012,20250228,1
24100ILA_10013,20250228,1
24100ILA_10001,20250303,1
24100ILA_10002,20250303,1
24100ILA_10003,20250303,1
24100ILA_10011,20250303,1
24100ILA_10012,20250303,1
24100ILA_10013,20250303,1
24100ILA_10001,20250304,1
24100ILA_10002,20250304,1
24100ILA_10003,20250304,1
24100ILA_10011,20250304,1
24100ILA_10012,20250304,1
24100ILA_10013,20250304,1
24100ILA_10001,20250305,1
24100ILA_10002,20250305,1
24100ILA_10003,20250305,1
24100ILA_10011,20250305,1
24100ILA_10012,20250305,1
24100ILA_10013,20250305,1
24100ILA_10001,20250306,1
24100ILA_10002,20250306,1
24100ILA_10003,20250306,1
24100ILA_10011,20250306,1
24100ILA_10012,20250306,1
24100ILA_10013,20250306,1
24100ILA_10001,20250307,1
24100ILA_10002,20250307,1
24100ILA_10003,20250307,1
24100ILA_10011,20250307,1
24100ILA_10012,20250307,1
24100ILA_10013,20250307,1
24100ILA_10001,20250310,1
24100ILA_10002,20250310,1
24100ILA_10003,20250310,1
24100ILA_10011,20250310,1
24100ILA_10012,20250310,1
24100ILA_10013,20250310,1
24100ILA_10001,20250311,1
24100ILA_10002,20250311,1
24100ILA_10003,20250311,1
24100ILA_10011,20250311,1
24100ILA_10012,20250311,1
24100ILA_10013,20250311,1
24100ILA_10001,20250312,1
24100ILA_10002,20250312,1
24100ILA_10003,20250312,1
24100ILA_10011,20250312,1
24100ILA_10012,20250312,1
24100ILA_10013,20250312,1
24100ILA_10001,20250313,1
24100ILA_10002,20250313,1
24100ILA_10003,20250313,1
24100ILA_10011,20250313,1
24100ILA_10012,20250313,1
24100ILA_10013,20250313,1
24100ILA_10001,20250314,1
24100ILA_10002,20250314,1
24100ILA_10003,20250314,1
24100ILA_10011,20250314,1
24100ILA_10012,20250314,1
24100ILA_10013,20250314,1
24100ILA_10001,20250317,1
24100ILA_10002,20250317,1
24100ILA_10003,20250317,1
24100ILA_10011,20250317,1
24100ILA_10012,20250317,1
24100ILA_10013,20250317,1
24100ILA_10001,20250318,1
24100ILA_10002,20250318,1
24100ILA_10003,20250318,1
24100ILA_10011,20250318,1
24100ILA_10012,20250318,1
24100ILA_10013,20250318,1
24100ILA_10001,20250319,1
24100ILA_10002,20250319,1
24100ILA_10003,20250319,1
24100ILA_10011,20250319,1
24100ILA_10012,20250319,1
24100ILA_10013,20250319,1
24100ILA_10001,20250320,1
24100ILA_10002,20250320,1
24100ILA_10003,20250320,1
24100ILA_10011,20250320,1
24100ILA_10012,20250320,1
24100ILA_10013,20250320,1
24100ILA_10001,20250321,1
24100ILA_10002,20250321,1
24100ILA_10003,20250321,1
24100ILA_10011,20250321,1
24100ILA_10012,20250321,1
24100ILA_10013,20250321,1
24100ILA_10001,20250324,1
24100ILA_10002,20250324,1
24100ILA_10003,20250324,1
24100ILA_10011,20250324,1
24100ILA_10012,20250324,1
24100ILA_10013,20250324,1
24100ILA_10001,20250325,1
24100ILA_10002,20250325,1
24100ILA_10003,20250325,1
24100ILA_10011,20250325,1
24100ILA_10012,20250325,1
24100ILA_10013,20250325,1
24100ILA_10001,20250326,1
24100ILA_10002,20250326,1
24100ILA_10003,20250326,1
24100ILA_10011,20250326,1
24100ILA_10012,20250326,1
24100ILA_10013,20250326,1
24100ILA_10001,20250327,1
24100ILA_10002,20250327,1
24100ILA_10003,20250327,1
24100ILA_10011,20250327,1
24100ILA_10012,20250327,1
24100ILA_10013,20250327,1
24100ILA_10001,20250328,1
24100ILA_10002,20250328,1
24100ILA_10003,20250328,1
24100ILA_10011,20250328,1
24100ILA_10012,20250328,1
24100ILA_10013,20250328,1
24100ILA_10001,20250331,1
24100ILA_10002,20250331,1
24100ILA_10003,20250331,1
24100ILA_10011,20250331,1
24100ILA_10012,20250331,1
24100ILA_10013,20250331,1
24100ILA_10001,20250401,1
24100ILA_10002,20250401,1
24100ILA_10003,20250401,1
24100ILA_10011,20250401,1
24100ILA_10012,20250401,1
24100ILA_10013,20250401,1
24100ILA_10001,20250402,1
24100ILA_10002,20250402,1
24100ILA_10003,20250402,1
24100ILA_10011,20250402,1
24100ILA_10012,20250402,1
24100ILA_10013,20250402,1
24100ILA_10001,20250403,1
24100ILA_10002,20250403,1
24100ILA_10003,20250403,1
24100ILA_10011,20250403,1
24100ILA_10012,20250403,1
24100ILA_10013,20250403,1
24100ILA_10001,20250404,1
24100ILA_10002,20250404,1
24100ILA_10003,20250404,1
24100ILA_10011,20250404,1
24100ILA_10012,20250404,1
24100ILA_10013,20250404,1
24100ILA_10001,20250407,1
24100ILA_10002,20250407,1
24100ILA_10003,20250407,1
24100ILA_10011,20250407,1
24100ILA_10012,20250407,1
24100ILA_10013,20250407,1
24100ILA_10001,20250408,1
24100ILA_10002,20250408,1
24100ILA_10003,20250408,1
24100ILA_10011,20250408,1
24100ILA_10012,20250408,1
24100ILA_10013,20250408,1
24100ILA_10001,20250409,1
24100ILA_10002,20250409,1
24100ILA_10003,20250409,1
24100ILA_10011,20250409,1
24100ILA_10012,20250409,1
24100ILA_10013,20250409,1
24100ILA_10001,20250410,1
24100ILA_10002,20250410,1
24100ILA_10003,20250410,1
24100ILA_10011,20250410,1
24100ILA_10012,20250410,1
24100ILA_10013,20250410,1
24100ILA_10001,20250411,1
24100ILA_10002,20250411,1
24100ILA_10003,20250411,1
24100ILA_10011,20250411,1
24100ILA_10012,20250411,1
24100ILA_10013,20250411,1
24100ILA_10001,20250414,1
24100ILA_10002,20250414,1
24100ILA_10003,20250414,1
24100ILA_10011,20250414,1
24100ILA_10012,20250414,1
24100ILA_10013,20250414,1
24100ILA_10001,20250415,1
24100ILA_10002,20250415,1
24100ILA_10003,20250415,1
24100ILA_10011,20250415,1
24100ILA_10012,20250415,1
24100ILA_10013,20250415,1
24100ILA_10001,20250416,1
24100ILA_10002,20250416,1
24100ILA_10003,20250416,1
24100ILA_10011,20250416,1
24100ILA_10012,20250416,1
24100ILA_10013,20250416,1
24100ILA_10001,20250421,1
24100ILA_10002,20250421,1
24100ILA_10003,20250421,1
24100ILA_10011,20250421,1
24100ILA_10012,20250421,1
24100ILA_10013,20250421,1
24100ILA_10001,20250422,1
24100ILA_10002,20250422,1
24100ILA_10003,20250422,1
24100ILA_10011,20250422,1
24100ILA_10012,20250422,1
24100ILA_10013,20250422,1
24100ILA_10001,20250423,1
24100ILA_10002,20250423,1
24100ILA_10003,20250423,1
24100ILA_10011,20250423,1
24100ILA_10012,20250423,1
24100ILA_10013,20250423,1
24100ILA_10001,20250424,1
24100ILA_10002,20250424,1
24100ILA_10003,20250424,1
24100ILA_10011,20250424,1
24100ILA_10012,20250424,1
24100ILA_10013,20250424,1
24100ILA_10001,20250425,1
24100ILA_10002,20250425,1
24100ILA_10003,20250425,1
24100ILA_10011,20250425,1
24100ILA_10012,20250425,1
24100ILA_10013,20250425,1
24100ILA_10001,20250428,1
24100ILA_10002,20250428,1
24100ILA_10003,20250428,1
24100ILA_10011,20250428,1
24100ILA_10012,20250428,1
24100ILA_10013,20250428,1
24100ILA_10001,20250429,1
24100ILA_10002,20250429,1
24100ILA_10003,20250429,1
24100ILA_10011,20250429,1
24100ILA_10012,20250429,1
24100ILA_10013,20250429,1
24100ILA_10001,20250430,1
24100ILA_10002,20250430,1
24100ILA_10003,20250430,1
24100ILA_10011,20250430,1
24100ILA_10012,20250430,1
24100ILA_10013,20250430,1
24100ILA_10001,20250502,1
24100ILA_10002,20250502,1
24100ILA_10003,20250502,1
24100ILA_10011,20250502,1
24100ILA_10012,20250502,1
24100ILA_10013,20250502,1
24100ILA_10001,20250505,1
24100ILA_10002,20250505,1
24100ILA_10003,20250505,1
24100ILA_10011,20250505,1
24100ILA_10012,20250505,1
24100ILA_10013,20250505,1
24100ILA_10001,20250506,1
24100ILA_10002,20250506,1
24100ILA_10003,20250506,1
24100ILA_10011,20250506,1
24100ILA_10012,20250506,1
24100ILA_10013,20250506,1
24100ILA_10001,20250507,1
24100ILA_10002,20250507,1
24100ILA_10003,20250507,1
24100ILA_10011,20250507,1
24100ILA_10012,20250507,1
24100ILA_10013,20250507,1
24100ILA_10001,20250508,1
24100ILA_10002,20250508,1
24100ILA_10003,20250508,1
24100ILA_10011,20250508,1
24100ILA_10012,20250508,1
24100ILA_10013,20250508,1
24100ILA_10001,20250509,1
24100ILA_10002,20250509,1
24100ILA_10003,20250509,1
24100ILA_10011,20250509,1
24100ILA_10012,20250509,1
24100ILA_10013,20250509,1
24100ILA_10001,20250512,1
24100ILA_10002,20250512,1
24100ILA_10003,20250512,1
24100ILA_10011,20250512,1
24100ILA_10012,20250512,1
24100ILA_10013,20250512,1
24100ILA_10001,20250513,1
24100ILA_10002,20250513,1
24100ILA_10003,20250513,1
24100ILA_10011,20250513,1
24100ILA_10012,20250513,1
24100ILA_10013,20250513,1
24100ILA_10001,20250514,1
24100ILA_10002,20250514,1
24100ILA_10003,20250514,1
24100ILA_10011,20250514,1
24100ILA_10012,20250514,1
24100ILA_10013,20250514,1
24100ILA_10001,20250515,1
24100ILA_10002,20250515,1
24100ILA_10003,20250515,1
24100ILA_10011,20250515,1
24100ILA_10012,20250515,1
24100ILA_10013,20250515,1
24100ILA_10001,20250516,1
24100ILA_10002,20250516,1
24100ILA_10003,20250516,1
24100ILA_10011,20250516,1
24100ILA_10012,20250516,1
24100ILA_10013,20250516,1
24100ILA_10001,20250519,1
24100ILA_10002,20250519,1
24100ILA_10003,20250519,1
24100ILA_10011,20250519,1
24100ILA_10012,20250519,1
24100ILA_10013,20250519,1
24100ILA_10001,20250520,1
24100ILA_10002,20250520,1
24100ILA_10003,20250520,1
24100ILA_10011,20250520,1
24100ILA_10012,20250520,1
24100ILA_10013,20250520,1
24100ILA_10001,20250521,1
24100ILA_10002,20250521,1
24100ILA_10003,20250521,1
24100ILA_10011,20250521,1
24100ILA_10012,20250521,1
24100ILA_10013,20250521,1
24100ILA_10001,20250522,1
24100ILA_10002,20250522,1
24100ILA_10003,20250522,1
24100ILA_10011,20250522,1
24100ILA_10012,20250522,1
24100ILA_10013,20250522,1
24100ILA_10001,20250523,1
24100ILA_10002,20250523,1
24100ILA_10003,20250523,1
24100ILA_10011,20250523,1
24100ILA_10012,20250523,1
24100ILA_10013,20250523,1
24100ILA_10001,20250526,1
24100ILA_10002,20250526,1
24100ILA_10003,20250526,1
24100ILA_10011,20250526,1
24100ILA_10012,20250526,1
24100ILA_10013,20250526,1
24100ILA_10001,20250527,1
24100ILA_10002,20250527,1
24100ILA_10003,20250527,1
24100ILA_10011,20250527,1
24100ILA_10012,20250527,1
24100ILA_10013,20250527,1
24100ILA_10001,20250528,1
24100ILA_10002,20250528,1
24100ILA_10003,20250528,1
24100ILA_10011,20250528,1
24100ILA_10012,20250528,1
24100ILA_10013,20250528,1
24100ILA_10001,20250529,1
24100ILA_10002,20250529,1
24100ILA_10003,20250529,1
24100ILA_10011,20250529,1
24100ILA_10012,20250529,1
24100ILA_10013,20250529,1
24100ILA_10001,20250530,1
24100ILA_10002,20250530,1
24100ILA_10003,20250530,1
24100ILA_10011,20250530,1
24100ILA_10012,20250530,1
24100ILA_10013,20250530,1
24100ILA_10001,20250602,1
24100ILA_10002,20250602,1
24100ILA_10003,20250602,1
24100ILA_10011,20250602,1
24100ILA_10012,20250602,1
24100ILA_10013,20250602,1
24100ILA_10001,20250603,1
24100ILA_10002,20250603,1
24100ILA_10003,20250603,1
24100ILA_10011,20250603,1
24100ILA_10012,20250603,1
24100ILA_10013,20250603,1
24100ILA_10001,20250604,1
24100ILA_10002,20250604,1
24100ILA_10003,20250604,1
24100ILA_10011,20250604,1
24100ILA_10012,20250604,1
24100ILA_10013,20250604,1
24100ILA_10001,20250605,1
24100ILA_10002,20250605,1
24100ILA_10003,20250605,1
24100ILA_10011,20250605,1
24100ILA_10012,20250605,1
24100ILA_10013,20250605,1
24100ILA_10001,20250606,1
24100ILA_10002,20250606,1
24100ILA_10003,20250606,1
24100ILA_10011,20250606,1
24100ILA_10012,20250606,1
24100ILA_10013,20250606,1
24100ILA_10001,20250610,1
24100ILA_10002,20250610,1
24100ILA_10003,20250610,1
24100ILA_10011,20250610,1
24100ILA_10012,20250610,1
24100ILA_10013,20250610,1
24100ILA_10001,20250611,1
24100ILA_10002,20250611,1
24100ILA_10003,20250611,1
24100ILA_10011,20250611,1
24100ILA_10012,20250611,1
24100ILA_10013,20250611,1
24100ILA_10001,20250612,1
24100ILA_10002,20250612,1
24100ILA_10003,20250612,1
24100ILA_10011,20250612,1
24100ILA_10012,20250612,1
24100ILA_10013,20250612,1
24100ILA_10001,20250613,1
24100ILA_10002,20250613,1
24100ILA_10003,20250613,1
24100ILA_10011,20250613,1
24100ILA_10012,20250613,1
24100ILA_10013,20250613,1
24100ILA_10001,20250616,1
24100ILA_10002,20250616,1
24100ILA_10003,20250616,1
24100ILA_10011,20250616,1
24100ILA_10012,20250616,1
24100ILA_10013,20250616,1
24100ILA_10001,20250617,1
24100ILA_10002,20250617,1
24100ILA_10003,20250617,1
24100ILA_10011,20250617,1
24100ILA_10012,20250617,1
24100ILA_10013,20250617,1
24100ILA_10001,20250618,1
24100ILA_10002,20250618,1
24100ILA_10003,20250618,1
24100ILA_10011,20250618,1
24100ILA_10012,20250618,1
24100ILA_10013,20250618,1
24100ILA_10001,20250619,1
24100ILA_10002,20250619,1
24100ILA_10003,20250619,1
24100ILA_10011,20250619,1
24100ILA_10012,20250619,1
24100ILA_10013,20250619,1
24100ILA_10001,20250620,1
24100ILA_10002,20250620,1
24100ILA_10003,20250620,1
24100ILA_10011,20250620,1
24100ILA_10012,20250620,1
24100ILA_10013,20250620,1
24100ILA_10001,20250623,1
24100ILA_10002,20250623,1
24100ILA_10003,20250623,1
24100ILA_10011,20250623,1
24100ILA_10012,20250623,1
24100ILA_10013,20250623,1
24100ILA_10001,20250624,1
24100ILA_10002,20250624,1
24100ILA_10003,20250624,1
24100ILA_10011,20250624,1
24100ILA_10012,20250624,1
24100ILA_10013,20250624,1
24100ILA_10001,20250625,1
24100ILA_10002,20250625,1
24100ILA_10003,20250625,1
24100ILA_10011,20250625,1
24100ILA_10012,20250625,1
24100ILA_10013,20250625,1
24100ILA_10001,20250626,1
24100ILA_10002,20250626,1
24100ILA_10003,20250626,1
24100ILA_10011,20250626,1
24100ILA_10012,20250626,1
24100ILA_10013,20250626,1
24100ILA_10001,20250627,1
24100ILA_10002,20250627,1
24100ILA_10003,20250627,1
24100ILA_10011,20250627,1
24100ILA_10012,20250627,1
24100ILA_10013,20250627,1
24100ILA_10001,20250630,1
24100ILA_10002,20250630,1
24100ILA_10003,20250630,1
24100ILA_10011,20250630,1
24100ILA_10012,20250630,1
24100ILA_10013,20250630,1
24100ISA_10001,20240907,1
24100ISA_10002,20240907,1
24100ISA_10003,20240907,1
24100ISA_10011,20240907,1
24100ISA_10012,20240907,1
24100ISA_10013,20240907,1
24100ISA_10001,20240914,1
24100ISA_10002,20240914,1
24100ISA_10003,20240914,1
24100ISA_10011,20240914,1
24100ISA_10012,20240914,1
24100ISA_10013,20240914,1
24100ISA_10001,20240921,1
24100ISA_10002,20240921,1
24100ISA_10003,20240921,1
24100ISA_10011,20240921,1
24100ISA_10012,20240921,1
24100ISA_10013,20240921,1
24100ISA_10001,20240928,1
24100ISA_10002,20240928,1
24100ISA_10003,20240928,1
24100ISA_10011,20240928,1
24100ISA_10012,20240928,1
24100ISA_10013,20240928,1
24100ISA_10001,20241005,1
24100ISA_10002,20241005,1
24100ISA_10003,20241005,1
24100ISA_10011,20241005,1
24100ISA_10012,20241005,1
24100ISA_10013,20241005,1
24100ISA_10001,20241019,1
24100ISA_10002,20241019,1
24100ISA_10003,20241019,1
24100ISA_10011,20241019,1
24100ISA_10012,20241019,1
24100ISA_10013,20241019,1
24100ISA_10001,20241026,1
24100ISA_10002,20241026,1
24100ISA_10003,20241026,1
24100ISA_10011,20241026,1
24100ISA_10012,20241026,1
24100ISA_10013,20241026,1
24100ISA_10001,20241102,1
24100ISA_10002,20241102,1
24100ISA_10003,20241102,1
24100ISA_10011,20241102,1
24100ISA_10012,20241102,1
24100ISA_10013,20241102,1
24100ISA_10001,20241109,1
24100ISA_10002,20241109,1
24100ISA_10003,20241109,1
24100ISA_10011,20241109,1
24100ISA_10012,20241109,1
24100ISA_10013,20241109,1
24100ISA_10001,20241116,1
24100ISA_10002,20241116,1
24100ISA_10003,20241116,1
24100ISA_10011,20241116,1
24100ISA_10012,20241116,1
24100ISA_10013,20241116,1
24100ISA_10001,20241123,1
24100ISA_10002,20241123,1
24100ISA_10003,20241123,1
24100ISA_10011,20241123,1
24100ISA_10012,20241123,1
24100ISA_10013,20241123,1
24100ISA_10001,20241130,1
24100ISA_10002,20241130,1
24100ISA_10003,20241130,1
24100ISA_10011,20241130,1
24100ISA_10012,20241130,1
24100ISA_10013,20241130,1
24100ISA_10001,20241207,1
24100ISA_10002,20241207,1
24100ISA_10003,20241207,1
24100ISA_10011,20241207,1
24100ISA_10012,20241207,1
24100ISA_10013,20241207,1
24100ISA_10001,20241214,1
24100ISA_10002,20241214,1
24100ISA_10003,20241214,1
24100ISA_10011,20241214,1
24100ISA_10012,20241214,1
24100ISA_10013,20241214,1
24100ISA_10001,20241221,1
24100ISA_10002,20241221,1
24100ISA_10003,20241221,1
24100ISA_10011,20241221,1
24100ISA_10012,20241221,1
24100ISA_10013,20241221,1
24100ISA_10001,20241228,1
24100ISA_10002,20241228,1
24100ISA_10003,20241228,1
24100ISA_10011,20241228,1
24100ISA_10012,20241228,1
24100ISA_10013,20241228,1
24100ISA_10001,20250104,1
24100ISA_10002,20250104,1
24100ISA_10003,20250104,1
24100ISA_10011,20250104,1
24100ISA_10012,20250104,1
24100ISA_10013,20250104,1
24100ISA_10001,20250111,1
24100ISA_10002,20250111,1
24100ISA_10003,20250111,1
24100ISA_10011,20250111,1
24100ISA_10012,20250111,1
24100ISA_10013,20250111,1
24100ISA_10001,20250118,1
24100ISA_10002,20250118,1
24100ISA_10003,20250118,1
24100ISA_10011,20250118,1
24100ISA_10012,20250118,1
24100ISA_10013,20250118,1
24100ISA_10001,20250125,1
24100ISA_10002,20250125,1
24100ISA_10003,20250125,1
24100ISA_10011,20250125,1
24100ISA_10012,20250125,1
24100ISA_10013,20250125,1
24100ISA_10001,20250201,1
24100ISA_10002,20250201,1
24100ISA_10003,20250201,1
24100ISA_10011,20250201,1
24100ISA_10012,20250201,1
24100ISA_10013,20250201,1
24100ISA_10001,20250208,1
24100ISA_10002,20250208,1
24100ISA_10003,20250208,1
24100ISA_10011,20250208,1
24100ISA_10012,20250208,1
24100ISA_10013,20250208,1
24100ISA_10001,20250215,1
24100ISA_10002,20250215,1
24100ISA_10003,20250215,1
24100ISA_10011,20250215,1
24100ISA_10012,20250215,1
24100ISA_10013,20250215,1
24100ISA_10001,20250222,1
24100ISA_10002,20250222,1
24100ISA_10003,20250222,1
24100ISA_10011,20250222,1
24100ISA_10012,20250222,1
24100ISA_10013,20250222,1
24100ISA_10001,20250301,1
24100ISA_10002,20250301,1
24100ISA_10003,20250301,1
24100ISA_10011,20250301,1
24100ISA_10012,20250301,1
24100ISA_10013,20250301,1
24100ISA_10001,20250308,1
24100ISA_10002,20250308,1
24100ISA_10003,20250308,1
24100ISA_10011,20250308,1
24100ISA_10012,20250308,1
24100ISA_10013,20250308,1
24100ISA_10001,20250315,1
24100ISA_10002,20250315,1
24100ISA_10003,20250315,1
24100ISA_10011,20250315,1
24100ISA_10012,20250315,1
24100ISA_10013,20250315,1
24100ISA_10001,20250322,1
24100ISA_10002,20250322,1
24100ISA_10003,20250322,1
24100ISA_10011,20250322,1
24100ISA_10012,20250322,1
24100ISA_10013,20250322,1
24100ISA_10001,20250329,1
24100ISA_10002,20250329,1
24100ISA_10003,20250329,1
24100ISA_10011,20250329,1
24100ISA_10012,20250329,1
24100ISA_10013,20250329,1
24100ISA_10001,20250405,1
24100ISA_10002,20250405,1
24100ISA_10003,20250405,1
24100ISA_10011,20250405,1
24100ISA_10012,20250405,1
24100ISA_10013,20250405,1
24100ISA_10001,20250412,1
24100ISA_10002,20250412,1
24100ISA_10003,20250412,1
24100ISA_10011,20250412,1
24100ISA_10012,20250412,1
24100ISA_10013,20250412,1
24100ISA_10001,20250419,1
24100ISA_10002,20250419,1
24100ISA_10003,20250419,1
24100ISA_10011,20250419,1
24100ISA_10012,20250419,1
24100ISA_10013,20250419,1
24100ISA_10001,20250426,1
24100ISA_10002,20250426,1
24100ISA_10003,20250426,1
24100ISA_10011,20250426,1
24100ISA_10012,20250426,1
24100ISA_10013,20250426,1
24100ISA_10001,20250503,1
24100ISA_10002,20250503,1
24100ISA_10003,20250503,1
24100ISA_10011,20250503,1
24100ISA_10012,20250503,1
24100ISA_10013,20250503,1
24100ISA_10001,20250510,1
24100ISA_10002,20250510,1
24100ISA_10003,20250510,1
24100ISA_10011,20250510,1
24100ISA_10012,20250510,1
24100ISA_10013,20250510,1
24100ISA_10001,20250517,1
24100ISA_10002,20250517,1
24100ISA_10003,20250517,1
24100ISA_10011,20250517,1
24100ISA_10012,20250517,1
24100ISA_10013,20250517,1
24100ISA_10001,20250524,1
24100ISA_10002,20250524,1
24100ISA_10003,20250524,1
24100ISA_10011,20250524,1
24100ISA_10012,20250524,1
24100ISA_10013,20250524,1
24100ISA_10001,20250531,1
24100ISA_10002,20250531,1
24100ISA_10003,20250531,1
24100ISA_10011,20250531,1
24100ISA_10012,20250531,1
24100ISA_10013,20250531,1
24100ISA_10001,20250607,1
24100ISA_10002,20250607,1
24100ISA_10003,20250607,1
24100ISA_10011,20250607,1
24100ISA_10012,20250607,1
24100ISA_10013,20250607,1
24100ISA_10001,20250614,1
24100ISA_10002,20250614,1
24100ISA_10003,20250614,1
24100ISA_10011,20250614,1
24100ISA_10012,20250614,1
24100ISA_10013,20250614,1
24100ISA_10001,20250621,1
24100ISA_10002,20250621,1
24100ISA_10003,20250621,1
24100ISA_10011,20250621,1
24100ISA_10012,20250621,1
24100ISA_10013,20250621,1
24100ISA_10001,20250628,1
24100ISA_10002,20250628,1
24100ISA_10003,20250628,1
24100ISA_10011,20250628,1
24100ISA_10012,20250628,1
24100ISA_10013,20250628,1
24101INA_10101,20240906,1
24101INA_10102,20240906,1
24101INA_10103,20240906,1
24101INA_10101,20240907,1
24101INA_10102,20240907,1
24101INA_10103,20240907,1
24101INA_10101,20240913,1
24101INA_10102,20240913,1
24101INA_10103,20240913,1
24101INA_10101,20240914,1
24101INA_10102,20240914,1
24101INA_10103,20240914,1
24101INA_10101,20240920,1
24101INA_10102,20240920,1
24101INA_10103,20240920,1
24101INA_10101,20240921,1
24101INA_10102,20240921,1
24101INA_10103,20240921,1
24101INA_10101,20240927,1
24101INA_10102,20240927,1
24101INA_10103,20240927,1
24101INA_10101,20240928,1
24101INA_10102,20240928,1
24101INA_10103,20240928,1
24101INA_10101,20241004,1
24101INA_10102,20241004,1
24101INA_10103,20241004,1
24101INA_10101,20241005,1
24101INA_10102,20241005,1
24101INA_10103,20241005,1
24101INA_10101,20241011,1
24101INA_10102,20241011,1
24101INA_10103,20241011,1
24101INA_10101,20241012,1
24101INA_10102,20241012,1
24101INA_10103,20241012,1
24101INA_10101,20241018,1
24101INA_10102,20241018,1
24101INA_10103,20241018,1
24101INA_10101,20241019,1
24101INA_10102,20241019,1
24101INA_10103,20241019,1
24101INA_10101,20241025,1
24101INA_10102,20241025,1
24101INA_10103,20241025,1
24101INA_10101,20241026,1
24101INA_10102,20241026,1
24101INA_10103,20241026,1
24101INA_10101,20241101,1
24101INA_10102,20241101,1
24101INA_10103,20241101,1
24101INA_10101,20241102,1
24101INA_10102,20241102,1
24101INA_10103,20241102,1
24101INA_10101,20241108,1
24101INA_10102,20241108,1
24101INA_10103,20241108,1
24101INA_10101,20241109,1
24101INA_10102,20241109,1
24101INA_10103,20241109,1
24101INA_10101,20241115,1
24101INA_10102,20241115,1
24101INA_10103,20241115,1
24101INA_10101,20241116,1
24101INA_10102,20241116,1
24101INA_10103,20241116,1
24101INA_10101,20241122,1
24101INA_10102,20241122,1
24101INA_10103,20241122,1
24101INA_10101,20241123,1
24101INA_10102,20241123,1
24101INA_10103,20241123,1
24101INA_10101,20241129,1
24101INA_10102,20241129,1
24101INA_10103,20241129,1
24101INA_10101,20241130,1
24101INA_10102,20241130,1
24101INA_10103,20241130,1
24101INA_10101,20241206,1
24101INA_10102,20241206,1
24101INA_10103,20241206,1
24101INA_10101,20241207,1
24101INA_10102,20241207,1
24101INA_10103,20241207,1
24101INA_10101,20241213,1
24101INA_10102,20241213,1
24101INA_10103,20241213,1
24101INA_10101,20241214,1
24101INA_10102,20241214,1
24101INA_10103,20241214,1
24101INA_10101,20241220,1
24101INA_10102,20241220,1
24101INA_10103,20241220,1
24101INA_10101,20241221,1
24101INA_10102,20241221,1
24101INA_10103,20241221,1
24101INA_10101,20241227,1
24101INA_10102,20241227,1
24101INA_10103,20241227,1
24101INA_10101,20241228,1
24101INA_10102,20241228,1
24101INA_10103,20241228,1
24101INA_10101,20250103,1
24101INA_10102,20250103,1
24101INA_10103,20250103,1
24101INA_10101,20250104,1
24101INA_10102,20250104,1
24101INA_10103,20250104,1
24101INA_10101,20250110,1
24101INA_10102,20250110,1
24101INA_10103,20250110,1
24101INA_10101,20250111,1
24101INA_10102,20250111,1
24101INA_10103,20250111,1
24101INA_10101,20250117,1
24101INA_10102,20250117,1
24101INA_10103,20250117,1
24101INA_10101,20250118,1
24101INA_10102,20250118,1
24101INA_10103,20250118,1
24101INA_10101,20250124,1
24101INA_10102,20250124,1
24101INA_10103,20250124,1
24101INA_10101,20250125,1
24101INA_10102,20250125,1
24101INA_10103,20250125,1
24101INA_10101,20250131,1
24101INA_10102,20250131,1
24101INA_10103,20250131,1
24101INA_10101,20250201,1
24101INA_10102,20250201,1
24101INA_10103,20250201,1
24101INA_10101,20250207,1
24101INA_10102,20250207,1
24101INA_10103,20250207,1
24101INA_10101,20250208,1
24101INA_10102,20250208,1
24101INA_10103,20250208,1
24101INA_10101,20250214,1
24101INA_10102,20250214,1
24101INA_10103,20250214,1
24101INA_10101,20250215,1
24101INA_10102,20250215,1
24101INA_10103,20250215,1
24101INA_10101,20250221,1
24101INA_10102,20250221,1
24101INA_10103,20250221,1
24101INA_10101,20250222,1
24101INA_10102,20250222,1
24101INA_10103,20250222,1
24101INA_10101,20250228,1
24101INA_10102,20250228,1
24101INA_10103,20250228,1
24101INA_10101,20250301,1
24101INA_10102,20250301,1
24101INA_10103,20250301,1
24101INA_10101,20250307,1
24101INA_10102,20250307,1
24101INA_10103,20250307,1
24101INA_10101,20250308,1
24101INA_10102,20250308,1
24101INA_10103,20250308,1
24101INA_10101,20250314,1
24101INA_10102,20250314,1
24101INA_10103,20250314,1
24101INA_10101,20250315,1
24101INA_10102,20250315,1
24101INA_10103,20250315,1
24101INA_10101,20250321,1
24101INA_10102,20250321,1
24101INA_10103,20250321,1
24101INA_10101,20250322,1
24101INA_10102,20250322,1
24101INA_10103,20250322,1
24101INA_10101,20250328,1
24101INA_10102,20250328,1
24101INA_10103,20250328,1
24101INA_10101,20250329,1
24101INA_10102,20250329,1
24101INA_10103,20250329,1
24101INA_10101,20250404,1
24101INA_10102,20250404,1
24101INA_10103,20250404,1
24101INA_10101,20250405,1
24101INA_10102,20250405,1
24101INA_10103,20250405,1
24101INA_10101,20250411,1
24101INA_10102,20250411,1
24101INA_10103,20250411,1
24101INA_10101,20250412,1
24101INA_10102,20250412,1
24101INA_10103,20250412,1
24101INA_10101,20250418,1
24101INA_10102,20250418,1
24101INA_10103,20250418,1
24101INA_10101,20250419,1
24101INA_10102,20250419,1
24101INA_10103,20250419,1
24101INA_10101,20250425,1
24101INA_10102,20250425,1
24101INA_10103,20250425,1
24101INA_10101,20250426,1
24101INA_10102,20250426,1
24101INA_10103,20250426,1
24101INA_10101,20250502,1
24101INA_10102,20250502,1
24101INA_10103,20250502,1
24101INA_10101,20250503,1
24101INA_10102,20250503,1
24101INA_10103,20250503,1
24101INA_10101,20250509,1
24101INA_10102,20250509,1
24101INA_10103,20250509,1
24101INA_10101,20250510,1
24101INA_10102,20250510,1
24101INA_10103,20250510,1
24101INA_10101,20250516,1
24101INA_10102,20250516,1
24101INA_10103,20250516,1
24101INA_10101,20250517,1
24101INA_10102,20250517,1
24101INA_10103,20250517,1
24101INA_10101,20250523,1
24101INA_10102,20250523,1
24101INA_10103,20250523,1
24101INA_10101,20250524,1
24101INA_10102,20250524,1
24101INA_10103,20250524,1
24101INA_10101,20250530,1
24101INA_10102,20250530,1
24101INA_10103,20250530,1
24101INA_10101,20250531,1
24101INA_10102,20250531,1
24101INA_10103,20250531,1
24101INA_10101,20250606,1
24101INA_10102,20250606,1
24101INA_10103,20250606,1
24101INA_10101,20250607,1
24101INA_10102,20250607,1
24101INA_10103,20250607,1
24101INA_10101,20250613,1
24101INA_10102,20250613,1
24101INA_10103,20250613,1
24101INA_10101,20250614,1
24101INA_10102,20250614,1
24101INA_10103,20250614,1
24101INA_10101,20250620,1
24101INA_10102,20250620,1
24101INA_10103,20250620,1
24101INA_10101,20250621,1
24101INA_10102,20250621,1
24101INA_10103,20250621,1
24101INA_10101,20250627,1
24101INA_10102,20250627,1
24101INA_10103,20250627,1
24101INA_10101,20250628,1
24101INA_10102,20250628,1
24101INA_10103,20250628,1
24101INB_10101,20241231,1
24101INB_10102,20241231,1
24102INA_10201,20240906,1
24102INA_10201,20240907,1
24102INA_10201,20240913,1
24102INA_10201,20240914,1
24102INA_10201,20240920,1
24102INA_10201,20240921,1
24102INA_10201,20240927,1
24102INA_10201,20240928,1
24102INA_10201,20241004,1
24102INA_10201,20241005,1
24102INA_10201,20241011,1
24102INA_10201,20241012,1
24102INA_10201,20241018,1
24102INA_10201,20241019,1
24102INA_10201,20241025,1
24102INA_10201,20241026,1
24102INA_10201,20241101,1
24102INA_10201,20241102,1
24102INA_10201,20241108,1
24102INA_10201,20241109,1
24102INA_10201,20241115,1
24102INA_10201,20241116,1
24102INA_10201,20241122,1
24102INA_10201,20241123,1
24102INA_10201,20241129,1
24102INA_10201,20241130,1
24102INA_10201,20241206,1
24102INA_10201,20241207,1
24102INA_10201,20241213,1
24102INA_10201,20241214,1
24102INA_10201,20241220,1
24102INA_10201,20241221,1
24102INA_10201,20241227,1
24102INA_10201,20241228,1
24102INA_10201,20250103,1
24102INA_10201,20250104,1
24102INA_10201,20250110,1
24102INA_10201,20250111,1
24102INA_10201,20250117,1
24102INA_10201,20250118,1
24102INA_10201,20250124,1
24102INA_10201,20250125,1
24102INA_10201,20250131,1
24102INA_10201,20250201,1
24102INA_10201,20250207,1
24102INA_10201,20250208,1
24102INA_10201,20250214,1
24102INA_10201,20250215,1
24102INA_10201,20250221,1
24102INA_10201,20250222,1
24102INA_10201,20250228,1
24102INA_10201,20250301,1
24102INA_10201,20250307,1
24102INA_10201,20250308,1
24102INA_10201,20250314,1
24102INA_10201,20250315,1
24102INA_10201,20250321,1
24102INA_10201,20250322,1
24102INA_10201,20250328,1
24102INA_10201,20250329,1
24102INA_10201,20250404,1
24102INA_10201,20250405,1
24102INA_10201,20250411,1
24102INA_10201,20250412,1
24102INA_10201,20250418,1
24102INA_10201,20250419,1
24102INA_10201,20250425,1
24102INA_10201,20250426,1
24102INA_10201,20250502,1
24102INA_10201,20250503,1
24102INA_10201,20250509,1
24102INA_10201,20250510,1
24102INA_10201,20250516,1
24102INA_10201,20250517,1
24102INA_10201,20250523,1
24102INA_10201,20250524,1
24102INA_10201,20250530,1
24102INA_10201,20250531,1
24102INA_10201,20250606,1
24102INA_10201,20250607,1
24102INA_10201,20250613,1
24102INA_10201,20250614,1
24102INA_10201,20250620,1
24102INA_10201,20250621,1
24102INA_10201,20250627,1
24102INA_10201,20250628,1
24102INB_10201,20241231,1
24103INA_10301,20240906,1
24103INA_10301,20240907,1
24103INA_10301,20240913,1
24103INA_10301,20240914,1
24103INA_10301,20240920,1
24103INA_10301,20240921,1
24103INA_10301,20240927,1
24103INA_10301,20240928,1
24103INA_10301,20241004,1
24103INA_10301,20241005,1
24103INA_10301,20241011,1
24103INA_10301,20241012,1
24103INA_10301,20241018,1
24103INA_10301,20241019,1
24103INA_10301,20241025,1
24103INA_10301,20241026,1
24103INA_10301,20241101,1
24103INA_10301,20241102,1
24103INA_10301,20241108,1
24103INA_10301,20241109,1
24103INA_10301,20241115,1
24103INA_10301,20241116,1
24103INA_10301,20241122,1
24103INA_10301,20241123,1
24103INA_10301,20241129,1
24103INA_10301,20241130,1
24103INA_10301,20241206,1
24103INA_10301,20241207,1
24103INA_10301,20241213,1
24103INA_10301,20241214,1
24103INA_10301,20241220,1
24103INA_10301,20241221,1
24103INA_10301,20241227,1
24103INA_10301,20241228,1
24103INA_10301,20250103,1
24103INA_10301,20250104,1
24103INA_10301,20250110,1
24103INA_10301,20250111,1
24103INA_10301,20250117,1
24103INA_10301,20250118,1
24103INA_10301,20250124,1
24103INA_10301,20250125,1
24103INA_10301,20250131,1
24103INA_10301,20250201,1
24103INA_10301,20250207,1
24103INA_10301,20250208,1
24103INA_10301,20250214,1
24103INA_10301,20250215,1
24103INA_10301,20250221,1
24103INA_10301,20250222,1
24103INA_10301,20250228,1
24103INA_10301,20250301,1
24103INA_10301,20250307,1
24103INA_10301,20250308,1
24103INA_10301,20250314,1
24103INA_10301,20250315,1
24103INA_10301,20250321,1
24103INA_10301,20250322,1
24103INA_10301,20250328,1
24103INA_10301,20250329,1
24103INA_10301,20250404,1
24103INA_10301,20250405,1
24103INA_10301,20250411,1
24103INA_10301,20250412,1
24103INA_10301,20250418,1
24103INA_10301,20250419,1
24103INA_10301,20250425,1
24103INA_10301,20250426,1
24103INA_10301,20250502,1
24103INA_10301,20250503,1
24103INA_10301,20250509,1
24103INA_10301,20250510,1
24103INA_10301,20250516,1
24103INA_10301,20250517,1
24103INA_10301,20250523,1
24103INA_10301,20250524,1
24103INA_10301,20250530,1
24103INA_10301,20250531,1
24103INA_10301,20250606,1
24103INA_10301,20250607,1
24103INA_10301,20250613,1
24103INA_10301,20250614,1
24103INA_10301,20250620,1
24103INA_10301,20250621,1
24103INA_10301,20250627,1
24103INA_10301,20250628,1
24103INB_10301,20241231,1
24241IFA_24101,20240908,1
24241IFA_24102,20240908,1
24241IFA_24103,20240908,1
24241IFA_24101,20240915,1
24241IFA_24102,20240915,1
24241IFA_24103,20240915,1
24241IFA_24101,20240922,1
24241IFA_24102,20240922,1
24241IFA_24103,20240922,1
24241IFA_24101,20240929,1
24241IFA_24102,20240929,1
24241IFA_24103,20240929,1
24241IFA_24101,20241006,1
24241IFA_24102,20241006,1
24241IFA_24103,20241006,1
24241IFA_24101,20241012,1
24241IFA_24102,20241012,1
24241IFA_24103,20241012,1
24241IFA_24101,20241013,1
24241IFA_24102,20241013,1
24241IFA_24103,20241013,1
24241ILA_24101,20240903,1
24241ILA_24102,20240903,1
24241ILA_24103,20240903,1
24241ILA_24101,20240904,1
24241ILA_24102,20240904,1
24241ILA_24103,20240904,1
24241ILA_24101,20240905,1
24241ILA_24102,20240905,1
24241ILA_24103,20240905,1
24241ILA_24101,20240906,1
24241ILA_24102,20240906,1
24241ILA_24103,20240906,1
24241ILA_24101,20240909,1
24241ILA_24102,20240909,1
24241ILA_24103,20240909,1
24241ILA_24101,20240910,1
24241ILA_24102,20240910,1
24241ILA_24103,20240910,1
24241ILA_24101,20240911,1
24241ILA_24102,20240911,1
24241ILA_24103,20240911,1
24241ILA_24101,20240912,1
24241ILA_24102,20240912,1
24241ILA_24103,20240912,1
24241ILA_24101,20240913,1
24241ILA_24102,20240913,1
24241ILA_24103,20240913,1
24241ILA_24101,20240916,1
24241ILA_24102,20240916,1
24241ILA_24103,20240916,1
24241ILA_24101,20240917,1
24241ILA_24102,20240917,1
24241ILA_24103,20240917,1
24241ILA_24101,20240918,1
24241ILA_24102,20240918,1
24241ILA_24103,20240918,1
24241ILA_24101,20240919,1
24241ILA_24102,20240919,1
24241ILA_24103,20240919,1
24241ILA_24101,20240920,1
24241ILA_24102,20240920,1
24241ILA_24103,20240920,1
24241ILA_24101,20240923,1
24241ILA_24102,20240923,1
24241ILA_24103,20240923,1
24241ILA_24101,20240924,1
24241ILA_24102,20240924,1
24241ILA_24103,20240924,1
24241ILA_24101,20240925,1
24241ILA_24102,20240925,1
24241ILA_24103,20240925,1
24241ILA_24101,20240926,1
24241ILA_24102,20240926,1
24241ILA_24103,20240926,1
24241ILA_24101,20240927,1
24241ILA_24102,20240927,1
24241ILA_24103,20240927,1
24241ILA_24101,20240930,1
24241ILA_24102,20240930,1
24241ILA_24103,20240930,1
24241ILA_24101,20241001,1
24241ILA_24102,20241001,1
24241ILA_24103,20241001,1
24241ILA_24101,20241002,1
24241ILA_24102,20241002,1
24241ILA_24103,20241002,1
24241ILA_24101,20241003,1
24241ILA_24102,20241003,1
24241ILA_24103,20241003,1
24241ILA_24101,20241004,1
24241ILA_24102,20241004,1
24241ILA_24103,20241004,1
24241ILA_24101,20241007,1
24241ILA_24102,20241007,1
24241ILA_24103,20241007,1
24241ILA_24101,20241008,1
24241ILA_24102,20241008,1
24241ILA_24103,20241008,1
24241ILA_24101,20241009,1
24241ILA_24102,20241009,1
24241ILA_24103,20241009,1
24241ILA_24101,20241010,1
24241ILA_24102,20241010,1
24241ILA_24103,20241010,1
24241ILA_24101,20241011,1
24241ILA_24102,20241011,1
24241ILA_24103,20241011,1
24241ILA_24101,20241014,1
24241ILA_24102,20241014,1
24241ILA_24103,20241014,1
24241ILA_24101,20241015,1
24241ILA_24102,20241015,1
24241ILA_24103,20241015,1
24241ILA_24101,20241016,1
24241ILA_24102,20241016,1
24241ILA_24103,20241016,1
24241ILA_24101,20241017,1
24241ILA_24102,20241017,1
24241ILA_24103,20241017,1
24241ILA_24101,20241018,1
24241ILA_24102,20241018,1
24241ILA_24103,20241018,1
24241ILA_24101,20241021,1
24241ILA_24102,20241021,1
24241ILA_24103,20241021,1
24241ILA_24101,20241022,1
24241ILA_24102,20241022,1
24241ILA_24103,20241022,1
24241ILA_24101,20241023,1
24241ILA_24102,20241023,1
24241ILA_24103,20241023,1
24241ILA_24101,20241024,1
24241ILA_24102,20241024,1
24241ILA_24103,20241024,1
24241ILA_24101,20241025,1
24241ILA_24102,20241025,1
24241ILA_24103,20241025,1
24241ILA_24101,20241028,1
24241ILA_24102,20241028,1
24241ILA_24103,20241028,1
24241ILA_24101,20241029,1
24241ILA_24102,20241029,1
24241ILA_24103,20241029,1
24241ILA_24101,20241030,1
24241ILA_24102,20241030,1
24241ILA_24103,20241030,1
24241ILA_24101,20241031,1
24241ILA_24102,20241031,1
24241ILA_24103,20241031,1
24241ILA_24101,20241104,1
24241ILA_24102,20241104,1
24241ILA_24103,20241104,1
24241ILA_24101,20241105,1
24241ILA_24102,20241105,1
24241ILA_24103,20241105,1
24241ILA_24101,20241106,1
24241ILA_24102,20241106,1
24241ILA_24103,20241106,1
24241ILA_24101,20241107,1
24241ILA_24102,20241107,1
24241ILA_24103,20241107,1
24241ILA_24101,20241108,1
24241ILA_24102,20241108,1
24241ILA_24103,20241108,1
24241ILA_24101,20241111,1
24241ILA_24102,20241111,1
24241ILA_24103,20241111,1
24241ILA_24101,20241112,1
24241ILA_24102,20241112,1
24241ILA_24103,20241112,1
24241ILA_24101,20241113,1
24241ILA_24102,20241113,1
24241ILA_24103,20241113,1
24241ILA_24101,20241114,1
24241ILA_24102,20241114,1
24241ILA_24103,20241114,1
24241ILA_24101,20241115,1
24241ILA_24102,20241115,1
24241ILA_24103,20241115,1
24241ILA_24101,20241118,1
24241ILA_24102,20241118,1
24241ILA_24103,20241118,1
24241ILA_24101,20241119,1
24241ILA_24102,20241119,1
24241ILA_24103,20241119,1
24241ILA_24101,20241120,1
24241ILA_24102,20241120,1
24241ILA_24103,20241120,1
24241ILA_24101,20241121,1
24241ILA_24102,20241121,1
24241ILA_24103,20241121,1
24241ILA_24101,20241122,1
24241ILA_24102,20241122,1
24241ILA_24103,20241122,1
24241ILA_24101,20241125,1
24241ILA_24102,20241125,1
24241ILA_24103,20241125,1
24241ILA_24101,20241126,1
24241ILA_24102,20241126,1
24241ILA_24103,20241126,1
24241ILA_24101,20241127,1
24241ILA_24102,20241127,1
24241ILA_24103,20241127,1
24241ILA_24101,20241128,1
24241ILA_24102,20241128,1
24241ILA_24103,20241128,1
24241ILA_24101,20241129,1
24241ILA_24102,20241129,1
24241ILA_24103,20241129,1
24241ILA_24101,20241202,1
24241ILA_24102,20241202,1
24241ILA_24103,20241202,1
24241ILA_24101,20241203,1
24241ILA_24102,20241203,1
24241ILA_24103,20241203,1
24241ILA_24101,20241204,1
24241ILA_24102,20241204,1
24241ILA_24103,20241204,1
24241ILA_24101,20241205,1
24241ILA_24102,20241205,1
24241ILA_24103,20241205,1
24241ILA_24101,20241209,1
24241ILA_24102,20241209,1
24241ILA_24103,20241209,1
24241ILA_24101,20241210,1
24241ILA_24102,20241210,1
24241ILA_24103,20241210,1
24241ILA_24101,20241211,1
24241ILA_24102,20241211,1
24241ILA_24103,20241211,1
24241ILA_24101,20241212,1
24241ILA_24102,20241212,1
24241ILA_24103,20241212,1
24241ILA_24101,20241213,1
24241ILA_24102,20241213,1
24241ILA_24103,20241213,1
24241ILA_24101,20241216,1
24241ILA_24102,20241216,1
24241ILA_24103,20241216,1
24241ILA_24101,20241217,1
24241ILA_24102,20241217,1
24241ILA_24103,20241217,1
24241ILA_24101,20241218,1
24241ILA_24102,20241218,1
24241ILA_24103,20241218,1
24241ILA_24101,20241219,1
24241ILA_24102,20241219,1
24241ILA_24103,20241219,1
24241ILA_24101,20241220,1
24241ILA_24102,20241220,1
24241ILA_24103,20241220,1
24241ILA_24101,20241223,1
24241ILA_24102,20241223,1
24241ILA_24103,20241223,1
24241ILA_24101,20241224,1
24241ILA_24102,20241224,1
24241ILA_24103,20241224,1
24241ILA_24101,20241226,1
24241ILA_24102,20241226,1
24241ILA_24103,20241226,1
24241ILA_24101,20241227,1
24241ILA_24102,20241227,1
24241ILA_24103,20241227,1
24241ILA_24101,20241230,1
24241ILA_24102,20241230,1
24241ILA_24103,20241230,1
24241ILA_24101,20241231,1
24241ILA_24102,20241231,1
24241ILA_24103,20241231,1
24241ILA_24101,20250102,1
24241ILA_24102,20250102,1
24241ILA_24103,20250102,1
24241ILA_24101,20250103,1
24241ILA_24102,20250103,1
24241ILA_24103,20250103,1
24241ILA_24101,20250107,1
24241ILA_24102,20250107,1
24241ILA_24103,20250107,1
24241ILA_24101,20250108,1
24241ILA_24102,20250108,1
24241ILA_24103,20250108,1
24241ILA_24101,20250109,1
24241ILA_24102,20250109,1
24241ILA_24103,20250109,1
24241ILA_24101,20250110,1
24241ILA_24102,20250110,1
24241ILA_24103,20250110,1
24241ILA_24101,20250113,1
24241ILA_24102,20250113,1
24241ILA_24103,20250113,1
24241ILA_24101,20250114,1
24241ILA_24102,20250114,1
24241ILA_24103,20250114,1
24241ILA_24101,20250115,1
24241ILA_24102,20250115,1
24241ILA_24103,20250115,1
24241ILA_24101,20250116,1
24241ILA_24102,20250116,1
24241ILA_24103,20250116,1
24241ILA_24101,20250117,1
24241ILA_24102,20250117,1
24241ILA_24103,20250117,1
24241ILA_24101,20250120,1
24241ILA_24102,20250120,1
24241ILA_24103,20250120,1
24241ILA_24101,20250121,1
24241ILA_24102,20250121,1
24241ILA_24103,20250121,1
24241ILA_24101,20250122,1
24241ILA_24102,20250122,1
24241ILA_24103,20250122,1
24241ILA_24101,20250123,1
24241ILA_24102,20250123,1
24241ILA_24103,20250123,1
24241ILA_24101,20250124,1
24241ILA_24102,20250124,1
24241ILA_24103,20250124,1
24241ILA_24101,20250127,1
24241ILA_24102,20250127,1
24241ILA_24103,20250127,1
24241ILA_24101,20250128,1
24241ILA_24102,20250128,1
24241ILA_24103,20250128,1
24241ILA_24101,20250129,1
24241ILA_24102,20250129,1
24241ILA_24103,20250129,1
24241ILA_24101,20250130,1
24241ILA_24102,20250130,1
24241ILA_24103,20250130,1
24241ILA_24101,20250131,1
24241ILA_24102,20250131,1
24241ILA_24103,20250131,1
24241ILA_24101,20250203,1
24241ILA_24102,20250203,1
24241ILA_24103,20250203,1
24241ILA_24101,20250204,1
24241ILA_24102,20250204,1
24241ILA_24103,20250204,1
24241ILA_24101,20250205,1
24241ILA_24102,20250205,1
24241ILA_24103,20250205,1
24241ILA_24101,20250206,1
24241ILA_24102,20250206,1
24241ILA_24103,20250206,1
24241ILA_24101,20250207,1
24241ILA_24102,20250207,1
24241ILA_24103,20250207,1
24241ILA_24101,20250210,1
24241ILA_24102,20250210,1
24241ILA_24103,20250210,1
24241ILA_24101,20250211,1
24241ILA_24102,20250211,1
24241ILA_24103,20250211,1
24241ILA_24101,20250212,1
24241ILA_24102,20250212,1
24241ILA_24103,20250212,1
24241ILA_24101,20250213,1
24241ILA_24102,20250213,1
24241ILA_24103,20250213,1
24241ILA_24101,20250214,1
24241ILA_24102,20250214,1
24241ILA_24103,20250214,1
24241ILA_24101,20250217,1
24241ILA_24102,20250217,1
24241ILA_24103,20250217,1
24241ILA_24101,20250218,1
24241ILA_24102,20250218,1
24241ILA_24103,20250218,1
24241ILA_24101,20250219,1
24241ILA_24102,20250219,1
24241ILA_24103,20250219,1
24241ILA_24101,20250220,1
24241ILA_24102,20250220,1
24241ILA_24103,20250220,1
24241ILA_24101,20250221,1
24241ILA_24102,20250221,1
24241ILA_24103,20250221,1
24241ILA_24101,20250224,1
24241ILA_24102,20250224,1
24241ILA_24103,20250224,1
24241ILA_24101,20250225,1
24241ILA_24102,20250225,1
24241ILA_24103,20250225,1
24241ILA_24101,20250226,1
24241ILA_24102,20250226,1
24241ILA_24103,20250226,1
24241ILA_24101,20250227,1
24241ILA_24102,20250227,1
24241ILA_24103,20250227,1
24241ILA_24101,20250228,1
24241ILA_24102,20250228,1
24241ILA_24103,20250228,1
24241ILA_24101,20250303,1
24241ILA_24102,20250303,1
24241ILA_24103,20250303,1
24241ILA_24101,20250304,1
24241ILA_24102,20250304,1
24241ILA_24103,20250304,1
24241ILA_24101,20250305,1
24241ILA_24102,20250305,1
24241ILA_24103,20250305,1
24241ILA_24101,20250306,1
24241ILA_24102,20250306,1
24241ILA_24103,20250306,1
24241ILA_24101,20250307,1
24241ILA_24102,20250307,1
24241ILA_24103,20250307,1
24241ILA_24101,20250310,1
24241ILA_24102,20250310,1
24241ILA_24103,20250310,1
24241ILA_24101,20250311,1
24241ILA_24102,20250311,1
24241ILA_24103,20250311,1
24241ILA_24101,20250312,1
24241ILA_24102,20250312,1
24241ILA_24103,20250312,1
24241ILA_24101,20250313,1
24241ILA_24102,20250313,1
24241ILA_24103,20250313,1
24241ILA_24101,20250314,1
24241ILA_24102,20250314,1
24241ILA_24103,20250314,1
24241ILA_24101,20250317,1
24241ILA_24102,20250317,1
24241ILA_24103,20250317,1
24241ILA_24101,20250318,1
24241ILA_24102,20250318,1
24241ILA_24103,20250318,1
24241ILA_24101,20250319,1
24241ILA_24102,20250319,1
24241ILA_24103,20250319,1
24241ILA_24101,20250320,1
24241ILA_24102,20250320,1
24241ILA_24103,20250320,1
24241ILA_24101,20250321,1
24241ILA_24102,20250321,1
24241ILA_24103,20250321,1
24241ILA_24101,20250324,1
24241ILA_24102,20250324,1
24241ILA_24103,20250324,1
24241ILA_24101,20250325,1
24241ILA_24102,20250325,1
24241ILA_24103,20250325,1
24241ILA_24101,20250326,1
24241ILA_24102,20250326,1
24241ILA_24103,20250326,1
24241ILA_24101,20250327,1
24241ILA_24102,20250327,1
24241ILA_24103,20250327,1
24241ILA_24101,20250328,1
24241ILA_24102,20250328,1
24241ILA_24103,20250328,1
24241ILA_24101,20250331,1
24241ILA_24102,20250331,1
24241ILA_24103,20250331,1
24241ILA_24101,20250401,1
24241ILA_24102,20250401,1
24241ILA_24103,20250401,1
24241ILA_24101,20250402,1
24241ILA_24102,20250402,1
24241ILA_24103,20250402,1
24241ILA_24101,20250403,1
24241ILA_24102,20250403,1
24241ILA_24103,20250403,1
24241ILA_24101,20250404,1
24241ILA_24102,20250404,1
24241ILA_24103,20250404,1
24241ILA_24101,20250407,1
24241ILA_24102,20250407,1
24241ILA_24103,20250407,1
24241ILA_24101,20250408,1
24241ILA_24102,20250408,1
24241ILA_24103,20250408,1
24241ILA_24101,20250409,1
24241ILA_24102,20250409,1
24241ILA_24103,20250409,1
24241ILA_24101,20250410,1
24241ILA_24102,20250410,1
24241ILA_24103,20250410,1
24241ILA_24101,20250411,1
24241ILA_24102,20250411,1
24241ILA_24103,20250411,1
24241ILA_24101,20250414,1
24241ILA_24102,20250414,1
24241ILA_24103,20250414,1
24241ILA_24101,20250415,1
24241ILA_24102,20250415,1
24241ILA_24103,20250415,1
24241ILA_24101,20250416,1
24241ILA_24102,20250416,1
24241ILA_24103,20250416,1
24241ILA_24101,20250421,1
24241ILA_24102,20250421,1
24241ILA_24103,20250421,1
24241ILA_24101,20250422,1
24241ILA_24102,20250422,1
24241ILA_24103,20250422,1
24241ILA_24101,20250423,1
24241ILA_24102,20250423,1
24241ILA_24103,20250423,1
24241ILA_24101,20250424,1
24241ILA_24102,20250424,1
24241ILA_24103,20250424,1
24241ILA_24101,20250425,1
24241ILA_24102,20250425,1
24241ILA_24103,20250425,1
24241ILA_24101,20250428,1
24241ILA_24102,20250428,1
24241ILA_24103,20250428,1
24241ILA_24101,20250429,1
24241ILA_24102,20250429,1
24241ILA_24103,20250429,1
24241ILA_24101,20250430,1
24241ILA_24102,20250430,1
24241ILA_24103,20250430,1
24241ILA_24101,20250502,1
24241ILA_24102,20250502,1
24241ILA_24103,20250502,1
24241ILA_24101,20250505,1
24241ILA_24102,20250505,1
24241ILA_24103,20250505,1
24241ILA_24101,20250506,1
24241ILA_24102,20250506,1
24241ILA_24103,20250506,1
24241ILA_24101,20250507,1
24241ILA_24102,20250507,1
24241ILA_24103,20250507,1
24241ILA_24101,20250508,1
24241ILA_24102,20250508,1
24241ILA_24103,20250508,1
24241ILA_24101,20250509,1
24241ILA_24102,20250509,1
24241ILA_24103,20250509,1
24241ILA_24101,20250512,1
24241ILA_24102,20250512,1
24241ILA_24103,20250512,1
24241ILA_24101,20250513,1
24241ILA_24102,20250513,1
24241ILA_24103,20250513,1
24241ILA_24101,20250514,1
24241ILA_24102,20250514,1
24241ILA_24103,20250514,1
24241ILA_24101,20250515,1
24241ILA_24102,20250515,1
24241ILA_24103,20250515,1
24241ILA_24101,20250516,1
24241ILA_24102,20250516,1
24241ILA_24103,20250516,1
24241ILA_24101,20250519,1
24241ILA_24102,20250519,1
24241ILA_24103,20250519,1
24241ILA_24101,20250520,1
24241ILA_24102,20250520,1
24241ILA_24103,20250520,1
24241ILA_24101,20250521,1
24241ILA_24102,20250521,1
24241ILA_24103,20250521,1
24241ILA_24101,20250522,1
24241ILA_24102,20250522,1
24241ILA_24103,20250522,1
24241ILA_24101,20250523,1
24241ILA_24102,20250523,1
24241ILA_24103,20250523,1
24241ILA_24101,20250526,1
24241ILA_24102,20250526,1
24241ILA_24103,20250526,1
24241ILA_24101,20250527,1
24241ILA_24102,20250527,1
24241ILA_24103,20250527,1
24241ILA_24101,20250528,1
24241ILA_24102,20250528,1
24241ILA_24103,20250528,1
24241ILA_24101,20250529,1
24241ILA_24102,20250529,1
24241ILA_24103,20250529,1
24241ILA_24101,20250530,1
24241ILA_24102,20250530,1
24241ILA_24103,20250530,1
24241ILA_24101,20250602,1
24241ILA_24102,20250602,1
24241ILA_24103,20250602,1
24241ILA_24101,20250603,1
24241ILA_24102,20250603,1
24241ILA_24103,20250603,1
24241ILA_24101,20250604,1
24241ILA_24102,20250604,1
24241ILA_24103,20250604,1
24241ILA_24101,20250605,1
24241ILA_24102,20250605,1
24241ILA_24103,20250605,1
24241ILA_24101,20250606,1
24241ILA_24102,20250606,1
24241ILA_24103,20250606,1
24241ILA_24101,20250610,1
24241ILA_24102,20250610,1
24241ILA_24103,20250610,1
24241ILA_24101,20250611,1
24241ILA_24102,20250611,1
24241ILA_24103,20250611,1
24241ILA_24101,20250612,1
24241ILA_24102,20250612,1
24241ILA_24103,20250612,1
24241ILA_24101,20250613,1
24241ILA_24102,20250613,1
24241ILA_24103,20250613,1
24241ILA_24101,20250616,1
24241ILA_24102,20250616,1
24241ILA_24103,20250616,1
24241ILA_24101,20250617,1
24241ILA_24102,20250617,1
24241ILA_24103,20250617,1
24241ILA_24101,20250618,1
24241ILA_24102,20250618,1
24241ILA_24103,20250618,1
24241ILA_24101,20250619,1
24241ILA_24102,20250619,1
24241ILA_24103,20250619,1
24241ILA_24101,20250620,1
24241ILA_24102,20250620,1
24241ILA_24103,20250620,1
24241ILA_24101,20250623,1
24241ILA_24102,20250623,1
24241ILA_24103,20250623,1
24241ILA_24101,20250624,1
24241ILA_24102,20250624,1
24241ILA_24103,20250624,1
24241ILA_24101,20250625,1
24241ILA_24102,20250625,1
24241ILA_24103,20250625,1
24241ILA_24101,20250626,1
24241ILA_24102,20250626,1
24241ILA_24103,20250626,1
24241ILA_24101,20250627,1
24241ILA_24102,20250627,1
24241ILA_24103,20250627,1
24241ILA_24101,20250630,1
24241ILA_24102,20250630,1
24241ILA_24103,20250630,1
24241ISA_24101,20240907,1
24241ISA_24102,20240907,1
24241ISA_24103,20240907,1
24241ISA_24101,20240914,1
24241ISA_24102,20240914,1
24241ISA_24103,20240914,1
24241ISA_24101,20240921,1
24241ISA_24102,20240921,1
24241ISA_24103,20240921,1
24241ISA_24101,20240928,1
24241ISA_24102,20240928,1
24241ISA_24103,20240928,1
24241ISA_24101,20241005,1
24241ISA_24102,20241005,1
24241ISA_24103,20241005,1
24241ISB_24101,20241019,1
24241ISB_24102,20241019,1
24241ISB_24103,20241019,1
24241ISB_24101,20241026,1
24241ISB_24102,20241026,1
24241ISB_24103,20241026,1
24241ISB_24101,20241102,1
24241ISB_24102,20241102,1
24241ISB_24103,20241102,1
24241ISB_24101,20241109,1
24241ISB_24102,20241109,1
24241ISB_24103,20241109,1
24241ISB_24101,20241116,1
24241ISB_24102,20241116,1
24241ISB_24103,20241116,1
24241ISB_24101,20241123,1
24241ISB_24102,20241123,1
24241ISB_24103,20241123,1
24241ISB_24101,20241130,1
24241ISB_24102,20241130,1
24241ISB_24103,20241130,1
24241ISB_24101,20241207,1
24241ISB_24102,20241207,1
24241ISB_24103,20241207,1
24241ISB_24101,20241214,1
24241ISB_24102,20241214,1
24241ISB_24103,20241214,1
24241ISB_24101,20241221,1
24241ISB_24102,20241221,1
24241ISB_24103,20241221,1
24241ISB_24101,20241228,1
24241ISB_24102,20241228,1
24241ISB_24103,20241228,1
24241ISB_24101,20250104,1
24241ISB_24102,20250104,1
24241ISB_24103,20250104,1
24241ISB_24101,20250111,1
24241ISB_24102,20250111,1
24241ISB_24103,20250111,1
24241ISB_24101,20250118,1
24241ISB_24102,20250118,1
24241ISB_24103,20250118,1
24241ISB_24101,20250125,1
24241ISB_24102,20250125,1
24241ISB_24103,20250125,1
24241ISB_24101,20250201,1
24241ISB_24102,20250201,1
24241ISB_24103,20250201,1
24241ISB_24101,20250208,1
24241ISB_24102,20250208,1
24241ISB_24103,20250208,1
24241ISB_24101,20250215,1
24241ISB_24102,20250215,1
24241ISB_24103,20250215,1
24241ISB_24101,20250222,1
24241ISB_24102,20250222,1
24241ISB_24103,20250222,1
24241ISB_24101,20250301,1
24241ISB_24102,20250301,1
24241ISB_24103,20250301,1
24241ISB_24101,20250308,1
24241ISB_24102,20250308,1
24241ISB_24103,20250308,1
24241ISB_24101,20250315,1
24241ISB_24102,20250315,1
24241ISB_24103,20250315,1
24241ISB_24101,20250322,1
24241ISB_24102,20250322,1
24241ISB_24103,20250322,1
24241ISB_24101,20250329,1
24241ISB_24102,20250329,1
24241ISB_24103,20250329,1
24241ISB_24101,20250405,1
24241ISB_24102,20250405,1
24241ISB_24103,20250405,1
24241ISB_24101,20250412,1
24241ISB_24102,20250412,1
24241ISB_24103,20250412,1
24241ISB_24101,20250419,1
24241ISB_24102,20250419,1
24241ISB_24103,20250419,1
24241ISB_24101,20250426,1
24241ISB_24102,20250426,1
24241ISB_24103,20250426,1
24241ISB_24101,20250503,1
24241ISB_24102,20250503,1
24241ISB_24103,20250503,1
24241ISB_24101,20250510,1
24241ISB_24102,20250510,1
24241ISB_24103,20250510,1
24241ISB_24101,20250517,1
24241ISB_24102,20250517,1
24241ISB_24103,20250517,1
24241ISB_24101,20250524,1
24241ISB_24102,20250524,1
24241ISB_24103,20250524,1
24241ISB_24101,20250531,1
24241ISB_24102,20250531,1
24241ISB_24103,20250531,1
24241ISB_24101,20250607,1
24241ISB_24102,20250607,1
24241ISB_24103,20250607,1
24241ISB_24101,20250614,1
24241ISB_24102,20250614,1
24241ISB_24103,20250614,1
24241ISB_24101,20250621,1
24241ISB_24102,20250621,1
24241ISB_24103,20250621,1
24241ISB_24101,20250628,1
24241ISB_24102,20250628,1
24241ISB_24103,20250628,1
24242IFA_24201,20240908,1
24242IFA_24202,20240908,1
24242IFA_24203,20240908,1
24242IFA_24201,20240915,1
24242IFA_24202,20240915,1
24242IFA_24203,20240915,1
24242IFA_24201,20240922,1
24242IFA_24202,20240922,1
24242IFA_24203,20240922,1
24242IFA_24201,20240929,1
24242IFA_24202,20240929,1
24242IFA_24203,20240929,1
24242IFA_24201,20241006,1
24242IFA_24202,20241006,1
24242IFA_24203,20241006,1
24242IFA_24201,20241012,1
24242IFA_24202,20241012,1
24242IFA_24203,20241012,1
24242IFA_24201,20241013,1
24242IFA_24202,20241013,1
24242IFA_24203,20241013,1
24242ILA_24201,20240904,1
24242ILA_24202,20240904,1
24242ILA_24203,20240904,1
24242ILA_24201,20240905,1
24242ILA_24202,20240905,1
24242ILA_24203,20240905,1
24242ILA_24201,20240906,1
24242ILA_24202,20240906,1
24242ILA_24203,20240906,1
24242ILA_24201,20240909,1
24242ILA_24202,20240909,1
24242ILA_24203,20240909,1
24242ILA_24201,20240910,1
24242ILA_24202,20240910,1
24242ILA_24203,20240910,1
24242ILA_24201,20240911,1
24242ILA_24202,20240911,1
24242ILA_24203,20240911,1
24242ILA_24201,20240912,1
24242ILA_24202,20240912,1
24242ILA_24203,20240912,1
24242ILA_24201,20240913,1
24242ILA_24202,20240913,1
24242ILA_24203,20240913,1
24242ILA_24201,20240916,1
24242ILA_24202,20240916,1
24242ILA_24203,20240916,1
24242ILA_24201,20240917,1
24242ILA_24202,20240917,1
24242ILA_24203,20240917,1
24242ILA_24201,20240918,1
24242ILA_24202,20240918,1
24242ILA_24203,20240918,1
24242ILA_24201,20240919,1
24242ILA_24202,20240919,1
24242ILA_24203,20240919,1
24242ILA_24201,20240920,1
24242ILA_24202,20240920,1
24242ILA_24203,20240920,1
24242ILA_24201,20240923,1
24242ILA_24202,20240923,1
24242ILA_24203,20240923,1
24242ILA_24201,20240924,1
24242ILA_24202,20240924,1
24242ILA_24203,20240924,1
24242ILA_24201,20240925,1
24242ILA_24202,20240925,1
24242ILA_24203,20240925,1
24242ILA_24201,20240926,1
24242ILA_24202,20240926,1
24242ILA_24203,20240926,1
24242ILA_24201,20240927,1
24242ILA_24202,20240927,1
24242ILA_24203,20240927,1
24242ILA_24201,20240930,1
24242ILA_24202,20240930,1
24242ILA_24203,20240930,1
24242ILA_24201,20241001,1
24242ILA_24202,20241001,1
24242ILA_24203,20241001,1
24242ILA_24201,20241002,1
24242ILA_24202,20241002,1
24242ILA_24203,20241002,1
24242ILA_24201,20241003,1
24242ILA_24202,20241003,1
24242ILA_24203,20241003,1
24242ILA_24201,20241004,1
24242ILA_24202,20241004,1
24242ILA_24203,20241004,1
24242ILA_24201,20241007,1
24242ILA_24202,20241007,1
24242ILA_24203,20241007,1
24242ILA_24201,20241008,1
24242ILA_24202,20241008,1
24242ILA_24203,20241008,1
24242ILA_24201,20241009,1
24242ILA_24202,20241009,1
24242ILA_24203,20241009,1
24242ILA_24201,20241010,1
24242ILA_24202,20241010,1
24242ILA_24203,20241010,1
24242ILA_24201,20241011,1
24242ILA_24202,20241011,1
24242ILA_24203,20241011,1
24242ILA_24201,20241014,1
24242ILA_24202,20241014,1
24242ILA_24203,20241014,1
24242ILA_24201,20241015,1
24242ILA_24202,20241015,1
24242ILA_24203,20241015,1
24242ILA_24201,20241016,1
24242ILA_24202,20241016,1
24242ILA_24203,20241016,1
24242ILA_24201,20241017,1
24242ILA_24202,20241017,1
24242ILA_24203,20241017,1
24242ILA_24201,20241018,1
24242ILA_24202,20241018,1
24242ILA_24203,20241018,1
24242ILA_24201,20241021,1
24242ILA_24202,20241021,1
24242ILA_24203,20241021,1
24242ILA_24201,20241022,1
24242ILA_24202,20241022,1
24242ILA_24203,20241022,1
24242ILA_24201,20241023,1
24242ILA_24202,20241023,1
24242ILA_24203,20241023,1
24242ILA_24201,20241024,1
24242ILA_24202,20241024,1
24242ILA_24203,20241024,1
24242ILA_24201,20241025,1
24242ILA_24202,20241025,1
24242ILA_24203,20241025,1
24242ILA_24201,20241028,1
24242ILA_24202,20241028,1
24242ILA_24203,20241028,1
24242ILA_24201,20241029,1
24242ILA_24202,20241029,1
24242ILA_24203,20241029,1
24242ILA_24201,20241030,1
24242ILA_24202,20241030,1
24242ILA_24203,20241030,1
24242ILA_24201,20241031,1
24242ILA_24202,20241031,1
24242ILA_24203,20241031,1
24242ILA_24201,20241104,1
24242ILA_24202,20241104,1
24242ILA_24203,20241104,1
24242ILA_24201,20241105,1
24242ILA_24202,20241105,1
24242ILA_24203,20241105,1
24242ILA_24201,20241106,1
24242ILA_24202,20241106,1
24242ILA_24203,20241106,1
24242ILA_24201,20241107,1
24242ILA_24202,20241107,1
24242ILA_24203,20241107,1
24242ILA_24201,20241108,1
24242ILA_24202,20241108,1
24242ILA_24203,20241108,1
24242ILA_24201,20241111,1
24242ILA_24202,20241111,1
24242ILA_24203,20241111,1
24242ILA_24201,20241112,1
24242ILA_24202,20241112,1
24242ILA_24203,20241112,1
24242ILA_24201,20241113,1
24242ILA_24202,20241113,1
24242ILA_24203,20241113,1
24242ILA_24201,20241114,1
24242ILA_24202,20241114,1
24242ILA_24203,20241114,1
24242ILA_24201,20241115,1
24242ILA_24202,20241115,1
24242ILA_24203,20241115,1
24242ILA_24201,20241118,1
24242ILA_24202,20241118,1
24242ILA_24203,20241118,1
24242ILA_24201,20241119,1
24242ILA_24202,20241119,1
24242ILA_24203,20241119,1
24242ILA_24201,20241120,1
24242ILA_24202,20241120,1
24242ILA_24203,20241120,1
24242ILA_24201,20241121,1
24242ILA_24202,20241121,1
24242ILA_24203,20241121,1
24242ILA_24201,20241122,1
24242ILA_24202,20241122,1
24242ILA_24203,20241122,1
24242ILA_24201,20241125,1
24242ILA_24202,20241125,1
24242ILA_24203,20241125,1
24242ILA_24201,20241126,1
24242ILA_24202,20241126,1
24242ILA_24203,20241126,1
24242ILA_24201,20241127,1
24242ILA_24202,20241127,1
24242ILA_24203,20241127,1
24242ILA_24201,20241128,1
24242ILA_24202,20241128,1
24242ILA_24203,20241128,1
24242ILA_24201,20241129,1
24242ILA_24202,20241129,1
24242ILA_24203,20241129,1
24242ILA_24201,20241202,1
24242ILA_24202,20241202,1
24242ILA_24203,20241202,1
24242ILA_24201,20241203,1
24242ILA_24202,20241203,1
24242ILA_24203,20241203,1
24242ILA_24201,20241204,1
24242ILA_24202,20241204,1
24242ILA_24203,20241204,1
24242ILA_24201,20241205,1
24242ILA_24202,20241205,1
24242ILA_24203,20241205,1
24242ILA_24201,20241209,1
24242ILA_24202,20241209,1
24242ILA_24203,20241209,1
24242ILA_24201,20241210,1
24242ILA_24202,20241210,1
24242ILA_24203,20241210,1
24242ILA_24201,20241211,1
24242ILA_24202,20241211,1
24242ILA_24203,20241211,1
24242ILA_24201,20241212,1
24242ILA_24202,20241212,1
24242ILA_24203,20241212,1
24242ILA_24201,20241213,1
24242ILA_24202,20241213,1
24242ILA_24203,20241213,1
24242ILA_24201,20241216,1
24242ILA_24202,20241216,1
24242ILA_24203,20241216,1
24242ILA_24201,20241217,1
24242ILA_24202,20241217,1
24242ILA_24203,20241217,1
24242ILA_24201,20241218,1
24242ILA_24202,20241218,1
24242ILA_24203,20241218,1
24242ILA_24201,20241219,1
24242ILA_24202,20241219,1
24242ILA_24203,20241219,1
24242ILA_24201,20241220,1
24242ILA_24202,20241220,1
24242ILA_24203,20241220,1
24242ILA_24201,20250107,1
24242ILA_24202,20250107,1
24242ILA_24203,20250107,1
24242ILA_24201,20250108,1
24242ILA_24202,20250108,1
24242ILA_24203,20250108,1
24242ILA_24201,20250109,1
24242ILA_24202,20250109,1
24242ILA_24203,20250109,1
24242ILA_24201,20250110,1
24242ILA_24202,20250110,1
24242ILA_24203,20250110,1
24242ILA_24201,20250113,1
24242ILA_24202,20250113,1
24242ILA_24203,20250113,1
24242ILA_24201,20250114,1
24242ILA_24202,20250114,1
24242ILA_24203,20250114,1
24242ILA_24201,20250115,1
24242ILA_24202,20250115,1
24242ILA_24203,20250115,1
24242ILA_24201,20250116,1
24242ILA_24202,20250116,1
24242ILA_24203,20250116,1
24242ILA_24201,20250117,1
24242ILA_24202,20250117,1
24242ILA_24203,20250117,1
24242ILA_24201,20250120,1
24242ILA_24202,20250120,1
24242ILA_24203,20250120,1
24242ILA_24201,20250121,1
24242ILA_24202,20250121,1
24242ILA_24203,20250121,1
24242ILA_24201,20250122,1
24242ILA_24202,20250122,1
24242ILA_24203,20250122,1
24242ILA_24201,20250123,1
24242ILA_24202,20250123,1
24242ILA_24203,20250123,1
24242ILA_24201,20250124,1
24242ILA_24202,20250124,1
24242ILA_24203,20250124,1
24242ILA_24201,20250127,1
24242ILA_24202,20250127,1
24242ILA_24203,20250127,1
24242ILA_24201,20250128,1
24242ILA_24202,20250128,1
24242ILA_24203,20250128,1
24242ILA_24201,20250129,1
24242ILA_24202,20250129,1
24242ILA_24203,20250129,1
24242ILA_24201,20250130,1
24242ILA_24202,20250130,1
24242ILA_24203,20250130,1
24242ILA_24201,20250131,1
24242ILA_24202,20250131,1
24242ILA_24203,20250131,1
24242ILA_24201,20250203,1
24242ILA_24202,20250203,1
24242ILA_24203,20250203,1
24242ILA_24201,20250204,1
24242ILA_24202,20250204,1
24242ILA_24203,20250204,1
24242ILA_24201,20250205,1
24242ILA_24202,20250205,1
24242ILA_24203,20250205,1
24242ILA_24201,20250206,1
24242ILA_24202,20250206,1
24242ILA_24203,20250206,1
24242ILA_24201,20250207,1
24242ILA_24202,20250207,1
24242ILA_24203,20250207,1
24242ILA_24201,20250210,1
24242ILA_24202,20250210,1
24242ILA_24203,20250210,1
24242ILA_24201,20250211,1
24242ILA_24202,20250211,1
24242ILA_24203,20250211,1
24242ILA_24201,20250212,1
24242ILA_24202,20250212,1
24242ILA_24203,20250212,1
24242ILA_24201,20250213,1
24242ILA_24202,20250213,1
24242ILA_24203,20250213,1
24242ILA_24201,20250214,1
24242ILA_24202,20250214,1
24242ILA_24203,20250214,1
24242ILA_24201,20250217,1
24242ILA_24202,20250217,1
24242ILA_24203,20250217,1
24242ILA_24201,20250218,1
24242ILA_24202,20250218,1
24242ILA_24203,20250218,1
24242ILA_24201,20250219,1
24242ILA_24202,20250219,1
24242ILA_24203,20250219,1
24242ILA_24201,20250220,1
24242ILA_24202,20250220,1
24242ILA_24203,20250220,1
24242ILA_24201,20250221,1
24242ILA_24202,20250221,1
24242ILA_24203,20250221,1
24242ILA_24201,20250224,1
24242ILA_24202,20250224,1
24242ILA_24203,20250224,1
24242ILA_24201,20250225,1
24242ILA_24202,20250225,1
24242ILA_24203,20250225,1
24242ILA_24201,20250226,1
24242ILA_24202,20250226,1
24242ILA_24203,20250226,1
24242ILA_24201,20250227,1
24242ILA_24202,20250227,1
24242ILA_24203,20250227,1
24242ILA_24201,20250228,1
24242ILA_24202,20250228,1
24242ILA_24203,20250228,1
24242ILA_24201,20250303,1
24242ILA_24202,20250303,1
24242ILA_24203,20250303,1
24242ILA_24201,20250304,1
24242ILA_24202,20250304,1
24242ILA_24203,20250304,1
24242ILA_24201,20250305,1
24242ILA_24202,20250305,1
24242ILA_24203,20250305,1
24242ILA_24201,20250306,1
24242ILA_24202,20250306,1
24242ILA_24203,20250306,1
24242ILA_24201,20250307,1
24242ILA_24202,20250307,1
24242ILA_24203,20250307,1
24242ILA_24201,20250310,1
24242ILA_24202,20250310,1
24242ILA_24203,20250310,1
24242ILA_24201,20250311,1
24242ILA_24202,20250311,1
24242ILA_24203,20250311,1
24242ILA_24201,20250312,1
24242ILA_24202,20250312,1
24242ILA_24203,20250312,1
24242ILA_24201,20250313,1
24242ILA_24202,20250313,1
24242ILA_24203,20250313,1
24242ILA_24201,20250314,1
24242ILA_24202,20250314,1
24242ILA_24203,20250314,1
24242ILA_24201,20250317,1
24242ILA_24202,20250317,1
24242ILA_24203,20250317,1
24242ILA_24201,20250318,1
24242ILA_24202,20250318,1
24242ILA_24203,20250318,1
24242ILA_24201,20250319,1
24242ILA_24202,20250319,1
24242ILA_24203,20250319,1
24242ILA_24201,20250320,1
24242ILA_24202,20250320,1
24242ILA_24203,20250320,1
24242ILA_24201,20250321,1
24242ILA_24202,20250321,1
24242ILA_24203,20250321,1
24242ILA_24201,20250324,1
24242ILA_24202,20250324,1
24242ILA_24203,20250324,1
24242ILA_24201,20250325,1
24242ILA_24202,20250325,1
24242ILA_24203,20250325,1
24242ILA_24201,20250326,1
24242ILA_24202,20250326,1
24242ILA_24203,20250326,1
24242ILA_24201,20250327,1
24242ILA_24202,20250327,1
24242ILA_24203,20250327,1
24242ILA_24201,20250328,1
24242ILA_24202,20250328,1
24242ILA_24203,20250328,1
24242ILA_24201,20250331,1
24242ILA_24202,20250331,1
24242ILA_24203,20250331,1
24242ILA_24201,20250401,1
24242ILA_24202,20250401,1
24242ILA_24203,20250401,1
24242ILA_24201,20250402,1
24242ILA_24202,20250402,1
24242ILA_24203,20250402,1
24242ILA_24201,20250403,1
24242ILA_24202,20250403,1
24242ILA_24203,20250403,1
24242ILA_24201,20250404,1
24242ILA_24202,20250404,1
24242ILA_24203,20250404,1
24242ILA_24201,20250407,1
24242ILA_24202,20250407,1
24242ILA_24203,20250407,1
24242ILA_24201,20250408,1
24242ILA_24202,20250408,1
24242ILA_24203,20250408,1
24242ILA_24201,20250409,1
24242ILA_24202,20250409,1
24242ILA_24203,20250409,1
24242ILA_24201,20250410,1
24242ILA_24202,20250410,1
24242ILA_24203,20250410,1
24242ILA_24201,20250411,1
24242ILA_24202,20250411,1
24242ILA_24203,20250411,1
24242ILA_24201,20250414,1
24242ILA_24202,20250414,1
24242ILA_24203,20250414,1
24242ILA_24201,20250415,1
24242ILA_24202,20250415,1
24242ILA_24203,20250415,1
24242ILA_24201,20250416,1
24242ILA_24202,20250416,1
24242ILA_24203,20250416,1
24242ILA_24201,20250428,1
24242ILA_24202,20250428,1
24242ILA_24203,20250428,1
24242ILA_24201,20250429,1
24242ILA_24202,20250429,1
24242ILA_24203,20250429,1
24242ILA_24201,20250430,1
24242ILA_24202,20250430,1
24242ILA_24203,20250430,1
24242ILA_24201,20250502,1
24242ILA_24202,20250502,1
24242ILA_24203,20250502,1
24242ILA_24201,20250505,1
24242ILA_24202,20250505,1
24242ILA_24203,20250505,1
24242ILA_24201,20250506,1
24242ILA_24202,20250506,1
24242ILA_24203,20250506,1
24242ILA_24201,20250507,1
24242ILA_24202,20250507,1
24242ILA_24203,20250507,1
24242ILA_24201,20250508,1
24242ILA_24202,20250508,1
24242ILA_24203,20250508,1
24242ILA_24201,20250509,1
24242ILA_24202,20250509,1
24242ILA_24203,20250509,1
24242ILA_24201,20250512,1
24242ILA_24202,20250512,1
24242ILA_24203,20250512,1
24242ILA_24201,20250513,1
24242ILA_24202,20250513,1
24242ILA_24203,20250513,1
24242ILA_24201,20250514,1
24242ILA_24202,20250514,1
24242ILA_24203,20250514,1
24242ILA_24201,20250515,1
24242ILA_24202,20250515,1
24242ILA_24203,20250515,1
24242ILA_24201,20250516,1
24242ILA_24202,20250516,1
24242ILA_24203,20250516,1
24242ILA_24201,20250519,1
24242ILA_24202,20250519,1
24242ILA_24203,20250519,1
24242ILA_24201,20250520,1
24242ILA_24202,20250520,1
24242ILA_24203,20250520,1
24242ILA_24201,20250521,1
24242ILA_24202,20250521,1
24242ILA_24203,20250521,1
24242ILA_24201,20250522,1
24242ILA_24202,20250522,1
24242ILA_24203,20250522,1
24242ILA_24201,20250523,1
24242ILA_24202,20250523,1
24242ILA_24203,20250523,1
24242ILA_24201,20250526,1
24242ILA_24202,20250526,1
24242ILA_24203,20250526,1
24242ILA_24201,20250527,1
24242ILA_24202,20250527,1
24242ILA_24203,20250527,1
24242ILA_24201,20250528,1
24242ILA_24202,20250528,1
24242ILA_24203,20250528,1
24242ILA_24201,20250529,1
24242ILA_24202,20250529,1
24242ILA_24203,20250529,1
24242ILA_24201,20250530,1
24242ILA_24202,20250530,1
24242ILA_24203,20250530,1
24242ILA_24201,20250602,1
24242ILA_24202,20250602,1
24242ILA_24203,20250602,1
24242ILA_24201,20250603,1
24242ILA_24202,20250603,1
24242ILA_24203,20250603,1
24242ILA_24201,20250604,1
24242ILA_24202,20250604,1
24242ILA_24203,20250604,1
24242ILA_24201,20250605,1
24242ILA_24202,20250605,1
24242ILA_24203,20250605,1
24242ILA_24201,20250606,1
24242ILA_24202,20250606,1
24242ILA_24203,20250606,1
24242ILA_24201,20250610,1
24242ILA_24202,20250610,1
24242ILA_24203,20250610,1
24242ILA_24201,20250611,1
24242ILA_24202,20250611,1
24242ILA_24203,20250611,1
24242ILA_24201,20250612,1
24242ILA_24202,20250612,1
24242ILA_24203,20250612,1
24242ILA_24201,20250613,1
24242ILA_24202,20250613,1
24242ILA_24203,20250613,1
24242ILA_24201,20250616,1
24242ILA_24202,20250616,1
24242ILA_24203,20250616,1
24242ILA_24201,20250617,1
24242ILA_24202,20250617,1
24242ILA_24203,20250617,1
24242ILA_24201,20250618,1
24242ILA_24202,20250618,1
24242ILA_24203,20250618,1
24242ILA_24201,20250619,1
24242ILA_24202,20250619,1
24242ILA_24203,20250619,1
24242ILA_24201,20250620,1
24242ILA_24202,20250620,1
24242ILA_24203,20250620,1
24242ILA_24201,20250623,1
24242ILA_24202,20250623,1
24242ILA_24203,20250623,1
24242ILA_24201,20250624,1
24242ILA_24202,20250624,1
24242ILA_24203,20250624,1
24242ILA_24201,20250625,1
24242ILA_24202,20250625,1
24242ILA_24203,20250625,1
24242ILA_24201,20250626,1
24242ILA_24202,20250626,1
24242ILA_24203,20250626,1
24242ILA_24201,20250627,1
24242ILA_24202,20250627,1
24242ILA_24203,20250627,1
24242ILB_24201,20240903,1
24242ILB_24202,20240903,1
24242ILB_24203,20240903,1
24242ILB_24201,20241223,1
24242ILB_24202,20241223,1
24242ILB_24203,20241223,1
24242ILB_24201,20241224,1
24242ILB_24202,20241224,1
24242ILB_24203,20241224,1
24242ILB_24201,20241226,1
24242ILB_24202,20241226,1
24242ILB_24203,20241226,1
24242ILB_24201,20241227,1
24242ILB_24202,20241227,1
24242ILB_24203,20241227,1
24242ILB_24201,20241230,1
24242ILB_24202,20241230,1
24242ILB_24203,20241230,1
24242ILB_24201,20241231,1
24242ILB_24202,20241231,1
24242ILB_24203,20241231,1
24242ILB_24201,20250102,1
24242ILB_24202,20250102,1
24242ILB_24203,20250102,1
24242ILB_24201,20250103,1
24242ILB_24202,20250103,1
24242ILB_24203,20250103,1
24242ILB_24201,20250421,1
24242ILB_24202,20250421,1
24242ILB_24203,20250421,1
24242ILB_24201,20250422,1
24242ILB_24202,20250422,1
24242ILB_24203,20250422,1
24242ILB_24201,20250423,1
24242ILB_24202,20250423,1
24242ILB_24203,20250423,1
24242ILB_24201,20250424,1
24242ILB_24202,20250424,1
24242ILB_24203,20250424,1
24242ILB_24201,20250425,1
24242ILB_24202,20250425,1
24242ILB_24203,20250425,1
24242ILB_24201,20250630,1
24242ILB_24202,20250630,1
24242ILB_24203,20250630,1
24242ISA_24201,20240907,1
24242ISA_24202,20240907,1
24242ISA_24203,20240907,1
24242ISA_24201,20240914,1
24242ISA_24202,20240914,1
24242ISA_24203,20240914,1
24242ISA_24201,20240921,1
24242ISA_24202,20240921,1
24242ISA_24203,20240921,1
24242ISA_24201,20240928,1
24242ISA_24202,20240928,1
24242ISA_24203,20240928,1
24242ISA_24201,20241005,1
24242ISA_24202,20241005,1
24242ISA_24203,20241005,1
24242ISB_24201,20241019,1
24242ISB_24202,20241019,1
24242ISB_24203,20241019,1
24242ISB_24201,20241026,1
24242ISB_24202,20241026,1
24242ISB_24203,20241026,1
24242ISB_24201,20241102,1
24242ISB_24202,20241102,1
24242ISB_24203,20241102,1
24242ISB_24201,20241109,1
24242ISB_24202,20241109,1
24242ISB_24203,20241109,1
24242ISB_24201,20241116,1
24242ISB_24202,20241116,1
24242ISB_24203,20241116,1
24242ISB_24201,20241123,1
24242ISB_24202,20241123,1
24242ISB_24203,20241123,1
24242ISB_24201,20241130,1
24242ISB_24202,20241130,1
24242ISB_24203,20241130,1
24242ISB_24201,20241207,1
24242ISB_24202,20241207,1
24242ISB_24203,20241207,1
24242ISB_24201,20241214,1
24242ISB_24202,20241214,1
24242ISB_24203,20241214,1
24242ISB_24201,20241221,1
24242ISB_24202,20241221,1
24242ISB_24203,20241221,1
24242ISB_24201,20241228,1
24242ISB_24202,20241228,1
24242ISB_24203,20241228,1
24242ISB_24201,20250104,1
24242ISB_24202,20250104,1
24242ISB_24203,20250104,1
24242ISB_24201,20250111,1
24242ISB_24202,20250111,1
24242ISB_24203,20250111,1
24242ISB_24201,20250118,1
24242ISB_24202,20250118,1
24242ISB_24203,20250118,1
24242ISB_24201,20250125,1
24242ISB_24202,20250125,1
24242ISB_24203,20250125,1
24242ISB_24201,20250201,1
24242ISB_24202,20250201,1
24242ISB_24203,20250201,1
24242ISB_24201,20250208,1
24242ISB_24202,20250208,1
24242ISB_24203,20250208,1
24242ISB_24201,20250215,1
24242ISB_24202,20250215,1
24242ISB_24203,20250215,1
24242ISB_24201,20250222,1
24242ISB_24202,20250222,1
24242ISB_24203,20250222,1
24242ISB_24201,20250301,1
24242ISB_24202,20250301,1
24242ISB_24203,20250301,1
24242ISB_24201,20250308,1
24242ISB_24202,20250308,1
24242ISB_24203,20250308,1
24242ISB_24201,20250315,1
24242ISB_24202,20250315,1
24242ISB_24203,20250315,1
24242ISB_24201,20250322,1
24242ISB_24202,20250322,1
24242ISB_24203,20250322,1
24242ISB_24201,20250329,1
24242ISB_24202,20250329,1
24242ISB_24203,20250329,1
24242ISB_24201,20250405,1
24242ISB_24202,20250405,1
24242ISB_24203,20250405,1
24242ISB_24201,20250412,1
24242ISB_24202,20250412,1
24242ISB_24203,20250412,1
24242ISB_24201,20250419,1
24242ISB_24202,20250419,1
24242ISB_24203,20250419,1
24242ISB_24201,20250426,1
24242ISB_24202,20250426,1
24242ISB_24203,20250426,1
24242ISB_24201,20250503,1
24242ISB_24202,20250503,1
24242ISB_24203,20250503,1
24242ISB_24201,20250510,1
24242ISB_24202,20250510,1
24242ISB_24203,20250510,1
24242ISB_24201,20250517,1
24242ISB_24202,20250517,1
24242ISB_24203,20250517,1
24242ISB_24201,20250524,1
24242ISB_24202,20250524,1
24242ISB_24203,20250524,1
24242ISB_24201,20250531,1
24242ISB_24202,20250531,1
24242ISB_24203,20250531,1
24242ISB_24201,20250607,1
24242ISB_24202,20250607,1
24242ISB_24203,20250607,1
24242ISB_24201,20250614,1
24242ISB_24202,20250614,1
24242ISB_24203,20250614,1
24242ISB_24201,20250621,1
24242ISB_24202,20250621,1
24242ISB_24203,20250621,1
24242ISB_24201,20250628,1
24242ISB_24202,20250628,1
24242ISB_24203,20250628,1
24EIFA_9911,20240908,1
24EIFA_R01,20240908,1
24EIFA_R02,20240908,1
24EIFA_R03,20240908,1
24EIFA_R04,20240908,1
24EIFA_R05,20240908,1
24EIFA_R06,20240908,1
24EIFA_R08,20240908,1
24EIFA_R10,20240908,1
24EIFA_R12,20240908,1
24EIFA_9911,20240915,1
24EIFA_R01,20240915,1
24EIFA_R02,20240915,1
24EIFA_R03,20240915,1
24EIFA_R04,20240915,1
24EIFA_R05,20240915,1
24EIFA_R06,20240915,1
24EIFA_R08,20240915,1
24EIFA_R10,20240915,1
24EIFA_R12,20240915,1
24EIFA_9911,20240922,1
24EIFA_R01,20240922,1
24EIFA_R02,20240922,1
24EIFA_R03,20240922,1
24EIFA_R04,20240922,1
24EIFA_R05,20240922,1
24EIFA_R06,20240922,1
24EIFA_R08,20240922,1
24EIFA_R10,20240922,1
24EIFA_R12,20240922,1
24EIFA_9911,20240929,1
24EIFA_R01,20240929,1
24EIFA_R02,20240929,1
24EIFA_R03,20240929,1
24EIFA_R04,20240929,1
24EIFA_R05,20240929,1
24EIFA_R06,20240929,1
24EIFA_R08,20240929,1
24EIFA_R10,20240929,1
24EIFA_R12,20240929,1
24EIFA_9911,20241006,1
24EIFA_R01,20241006,1
24EIFA_R02,20241006,1
24EIFA_R03,20241006,1
24EIFA_R04,20241006,1
24EIFA_R05,20241006,1
24EIFA_R06,20241006,1
24EIFA_R08,20241006,1
24EIFA_R10,20241006,1
24EIFA_R12,20241006,1
24EIFA_9911,20241012,1
24EIFA_R01,20241012,1
24EIFA_R02,20241012,1
24EIFA_R03,20241012,1
24EIFA_R04,20241012,1
24EIFA_R05,20241012,1
24EIFA_R06,20241012,1
24EIFA_R08,20241012,1
24EIFA_R10,20241012,1
24EIFA_R12,20241012,1
24EIFA_9911,20241013,1
24EIFA_R01,20241013,1
24EIFA_R02,20241013,1
24EIFA_R03,20241013,1
24EIFA_R04,20241013,1
24EIFA_R05,20241013,1
24EIFA_R06,20241013,1
24EIFA_R08,20241013,1
24EIFA_R10,20241013,1
24EIFA_R12,20241013,1
24EIFA_9911,20241020,1
24EIFA_R01,20241020,1
24EIFA_R02,20241020,1
24EIFA_R03,20241020,1
24EIFA_R04,20241020,1
24EIFA_R05,20241020,1
24EIFA_R06,20241020,1
24EIFA_R08,20241020,1
24EIFA_R10,20241020,1
24EIFA_R12,20241020,1
24EIFA_9911,20241027,1
24EIFA_R01,20241027,1
24EIFA_R02,20241027,1
24EIFA_R03,20241027,1
24EIFA_R04,20241027,1
24EIFA_R05,20241027,1
24EIFA_R06,20241027,1
24EIFA_R08,20241027,1
24EIFA_R10,20241027,1
24EIFA_R12,20241027,1
24EIFA_9911,20241101,1
24EIFA_R01,20241101,1
24EIFA_R02,20241101,1
24EIFA_R03,20241101,1
24EIFA_R04,20241101,1
24EIFA_R05,20241101,1
24EIFA_R06,20241101,1
24EIFA_R08,20241101,1
24EIFA_R10,20241101,1
24EIFA_R12,20241101,1
24EIFA_9911,20241103,1
24EIFA_R01,20241103,1
24EIFA_R02,20241103,1
24EIFA_R03,20241103,1
24EIFA_R04,20241103,1
24EIFA_R05,20241103,1
24EIFA_R06,20241103,1
24EIFA_R08,20241103,1
24EIFA_R10,20241103,1
24EIFA_R12,20241103,1
24EIFA_9911,20241110,1
24EIFA_R01,20241110,1
24EIFA_R02,20241110,1
24EIFA_R03,20241110,1
24EIFA_R04,20241110,1
24EIFA_R05,20241110,1
24EIFA_R06,20241110,1
24EIFA_R08,20241110,1
24EIFA_R10,20241110,1
24EIFA_R12,20241110,1
24EIFA_9911,20241117,1
24EIFA_R01,20241117,1
24EIFA_R02,20241117,1
24EIFA_R03,20241117,1
24EIFA_R04,20241117,1
24EIFA_R05,20241117,1
24EIFA_R06,20241117,1
24EIFA_R08,20241117,1
24EIFA_R10,20241117,1
24EIFA_R12,20241117,1
24EIFA_9911,20241124,1
24EIFA_R01,20241124,1
24EIFA_R02,20241124,1
24EIFA_R03,20241124,1
24EIFA_R04,20241124,1
24EIFA_R05,20241124,1
24EIFA_R06,20241124,1
24EIFA_R08,20241124,1
24EIFA_R10,20241124,1
24EIFA_R12,20241124,1
24EIFA_9911,20241201,1
24EIFA_R01,20241201,1
24EIFA_R02,20241201,1
24EIFA_R03,20241201,1
24EIFA_R04,20241201,1
24EIFA_R05,20241201,1
24EIFA_R06,20241201,1
24EIFA_R08,20241201,1
24EIFA_R10,20241201,1
24EIFA_R12,20241201,1
24EIFA_9911,20241206,1
24EIFA_R01,20241206,1
24EIFA_R02,20241206,1
24EIFA_R03,20241206,1
24EIFA_R04,20241206,1
24EIFA_R05,20241206,1
24EIFA_R06,20241206,1
24EIFA_R08,20241206,1
24EIFA_R10,20241206,1
24EIFA_R12,20241206,1
24EIFA_9911,20241208,1
24EIFA_R01,20241208,1
24EIFA_R02,20241208,1
24EIFA_R03,20241208,1
24EIFA_R04,20241208,1
24EIFA_R05,20241208,1
24EIFA_R06,20241208,1
24EIFA_R08,20241208,1
24EIFA_R10,20241208,1
24EIFA_R12,20241208,1
24EIFA_9911,20241215,1
24EIFA_R01,20241215,1
24EIFA_R02,20241215,1
24EIFA_R03,20241215,1
24EIFA_R04,20241215,1
24EIFA_R05,20241215,1
24EIFA_R06,20241215,1
24EIFA_R08,20241215,1
24EIFA_R10,20241215,1
24EIFA_R12,20241215,1
24EIFA_9911,20241222,1
24EIFA_R01,20241222,1
24EIFA_R02,20241222,1
24EIFA_R03,20241222,1
24EIFA_R04,20241222,1
24EIFA_R05,20241222,1
24EIFA_R06,20241222,1
24EIFA_R08,20241222,1
24EIFA_R10,20241222,1
24EIFA_R12,20241222,1
24EIFA_9911,20241225,1
24EIFA_R01,20241225,1
24EIFA_R02,20241225,1
24EIFA_R03,20241225,1
24EIFA_R04,20241225,1
24EIFA_R05,20241225,1
24EIFA_R06,20241225,1
24EIFA_R08,20241225,1
24EIFA_R10,20241225,1
24EIFA_R12,20241225,1
24EIFA_9911,20241229,1
24EIFA_R01,20241229,1
24EIFA_R02,20241229,1
24EIFA_R03,20241229,1
24EIFA_R04,20241229,1
24EIFA_R05,20241229,1
24EIFA_R06,20241229,1
24EIFA_R08,20241229,1
24EIFA_R10,20241229,1
24EIFA_R12,20241229,1
24EIFA_9911,20250101,1
24EIFA_R01,20250101,1
24EIFA_R02,20250101,1
24EIFA_R03,20250101,1
24EIFA_R04,20250101,1
24EIFA_R05,20250101,1
24EIFA_R06,20250101,1
24EIFA_R08,20250101,1
24EIFA_R10,20250101,1
24EIFA_R12,20250101,1
24EIFA_9911,20250105,1
24EIFA_R01,20250105,1
24EIFA_R02,20250105,1
24EIFA_R03,20250105,1
24EIFA_R04,20250105,1
24EIFA_R05,20250105,1
24EIFA_R06,20250105,1
24EIFA_R08,20250105,1
24EIFA_R10,20250105,1
24EIFA_R12,20250105,1
24EIFA_9911,20250106,1
24EIFA_R01,20250106,1
24EIFA_R02,20250106,1
24EIFA_R03,20250106,1
24EIFA_R04,20250106,1
24EIFA_R05,20250106,1
24EIFA_R06,20250106,1
24EIFA_R08,20250106,1
24EIFA_R10,20250106,1
24EIFA_R12,20250106,1
24EIFA_9911,20250112,1
24EIFA_R01,20250112,1
24EIFA_R02,20250112,1
24EIFA_R03,20250112,1
24EIFA_R04,20250112,1
24EIFA_R05,20250112,1
24EIFA_R06,20250112,1
24EIFA_R08,20250112,1
24EIFA_R10,20250112,1
24EIFA_R12,20250112,1
24EIFA_9911,20250119,1
24EIFA_R01,20250119,1
24EIFA_R02,20250119,1
24EIFA_R03,20250119,1
24EIFA_R04,20250119,1
24EIFA_R05,20250119,1
24EIFA_R06,20250119,1
24EIFA_R08,20250119,1
24EIFA_R10,20250119,1
24EIFA_R12,20250119,1
24EIFA_9911,20250126,1
24EIFA_R01,20250126,1
24EIFA_R02,20250126,1
24EIFA_R03,20250126,1
24EIFA_R04,20250126,1
24EIFA_R05,20250126,1
24EIFA_R06,20250126,1
24EIFA_R08,20250126,1
24EIFA_R10,20250126,1
24EIFA_R12,20250126,1
24EIFA_9911,20250202,1
24EIFA_R01,20250202,1
24EIFA_R02,20250202,1
24EIFA_R03,20250202,1
24EIFA_R04,20250202,1
24EIFA_R05,20250202,1
24EIFA_R06,20250202,1
24EIFA_R08,20250202,1
24EIFA_R10,20250202,1
24EIFA_R12,20250202,1
24EIFA_9911,20250209,1
24EIFA_R01,20250209,1
24EIFA_R02,20250209,1
24EIFA_R03,20250209,1
24EIFA_R04,20250209,1
24EIFA_R05,20250209,1
24EIFA_R06,20250209,1
24EIFA_R08,20250209,1
24EIFA_R10,20250209,1
24EIFA_R12,20250209,1
24EIFA_9911,20250216,1
24EIFA_R01,20250216,1
24EIFA_R02,20250216,1
24EIFA_R03,20250216,1
24EIFA_R04,20250216,1
24EIFA_R05,20250216,1
24EIFA_R06,20250216,1
24EIFA_R08,20250216,1
24EIFA_R10,20250216,1
24EIFA_R12,20250216,1
24EIFA_9911,20250223,1
24EIFA_R01,20250223,1
24EIFA_R02,20250223,1
24EIFA_R03,20250223,1
24EIFA_R04,20250223,1
24EIFA_R05,20250223,1
24EIFA_R06,20250223,1
24EIFA_R08,20250223,1
24EIFA_R10,20250223,1
24EIFA_R12,20250223,1
24EIFA_9911,20250302,1
24EIFA_R01,20250302,1
24EIFA_R02,20250302,1
24EIFA_R03,20250302,1
24EIFA_R04,20250302,1
24EIFA_R05,20250302,1
24EIFA_R06,20250302,1
24EIFA_R08,20250302,1
24EIFA_R10,20250302,1
24EIFA_R12,20250302,1
24EIFA_9911,20250309,1
24EIFA_R01,20250309,1
24EIFA_R02,20250309,1
24EIFA_R03,20250309,1
24EIFA_R04,20250309,1
24EIFA_R05,20250309,1
24EIFA_R06,20250309,1
24EIFA_R08,20250309,1
24EIFA_R10,20250309,1
24EIFA_R12,20250309,1
24EIFA_9911,20250316,1
24EIFA_R01,20250316,1
24EIFA_R02,20250316,1
24EIFA_R03,20250316,1
24EIFA_R04,20250316,1
24EIFA_R05,20250316,1
24EIFA_R06,20250316,1
24EIFA_R08,20250316,1
24EIFA_R10,20250316,1
24EIFA_R12,20250316,1
24EIFA_9911,20250323,1
24EIFA_R01,20250323,1
24EIFA_R02,20250323,1
24EIFA_R03,20250323,1
24EIFA_R04,20250323,1
24EIFA_R05,20250323,1
24EIFA_R06,20250323,1
24EIFA_R08,20250323,1
24EIFA_R10,20250323,1
24EIFA_R12,20250323,1
24EIFA_9911,20250330,1
24EIFA_R01,20250330,1
24EIFA_R02,20250330,1
24EIFA_R03,20250330,1
24EIFA_R04,20250330,1
24EIFA_R05,20250330,1
24EIFA_R06,20250330,1
24EIFA_R08,20250330,1
24EIFA_R10,20250330,1
24EIFA_R12,20250330,1
24EIFA_9911,20250406,1
24EIFA_R01,20250406,1
24EIFA_R02,20250406,1
24EIFA_R03,20250406,1
24EIFA_R04,20250406,1
24EIFA_R05,20250406,1
24EIFA_R06,20250406,1
24EIFA_R08,20250406,1
24EIFA_R10,20250406,1
24EIFA_R12,20250406,1
24EIFA_9911,20250413,1
24EIFA_R01,20250413,1
24EIFA_R02,20250413,1
24EIFA_R03,20250413,1
24EIFA_R04,20250413,1
24EIFA_R05,20250413,1
24EIFA_R06,20250413,1
24EIFA_R08,20250413,1
24EIFA_R10,20250413,1
24EIFA_R12,20250413,1
24EIFA_9911,20250417,1
24EIFA_R01,20250417,1
24EIFA_R02,20250417,1
24EIFA_R03,20250417,1
24EIFA_R04,20250417,1
24EIFA_R05,20250417,1
24EIFA_R06,20250417,1
24EIFA_R08,20250417,1
24EIFA_R10,20250417,1
24EIFA_R12,20250417,1
24EIFA_9911,20250418,1
24EIFA_R01,20250418,1
24EIFA_R02,20250418,1
24EIFA_R03,20250418,1
24EIFA_R04,20250418,1
24EIFA_R05,20250418,1
24EIFA_R06,20250418,1
24EIFA_R08,20250418,1
24EIFA_R10,20250418,1
24EIFA_R12,20250418,1
24EIFA_9911,20250420,1
24EIFA_R01,20250420,1
24EIFA_R02,20250420,1
24EIFA_R03,20250420,1
24EIFA_R04,20250420,1
24EIFA_R05,20250420,1
24EIFA_R06,20250420,1
24EIFA_R08,20250420,1
24EIFA_R10,20250420,1
24EIFA_R12,20250420,1
24EIFA_9911,20250427,1
24EIFA_R01,20250427,1
24EIFA_R02,20250427,1
24EIFA_R03,20250427,1
24EIFA_R04,20250427,1
24EIFA_R05,20250427,1
24EIFA_R06,20250427,1
24EIFA_R08,20250427,1
24EIFA_R10,20250427,1
24EIFA_R12,20250427,1
24EIFA_9911,20250501,1
24EIFA_R01,20250501,1
24EIFA_R02,20250501,1
24EIFA_R03,20250501,1
24EIFA_R04,20250501,1
24EIFA_R05,20250501,1
24EIFA_R06,20250501,1
24EIFA_R08,20250501,1
24EIFA_R10,20250501,1
24EIFA_R12,20250501,1
24EIFA_9911,20250504,1
24EIFA_R01,20250504,1
24EIFA_R02,20250504,1
24EIFA_R03,20250504,1
24EIFA_R04,20250504,1
24EIFA_R05,20250504,1
24EIFA_R06,20250504,1
24EIFA_R08,20250504,1
24EIFA_R10,20250504,1
24EIFA_R12,20250504,1
24EIFA_9911,20250511,1
24EIFA_R01,20250511,1
24EIFA_R02,20250511,1
24EIFA_R03,20250511,1
24EIFA_R04,20250511,1
24EIFA_R05,20250511,1
24EIFA_R06,20250511,1
24EIFA_R08,20250511,1
24EIFA_R10,20250511,1
24EIFA_R12,20250511,1
24EIFA_9911,20250518,1
24EIFA_R01,20250518,1
24EIFA_R02,20250518,1
24EIFA_R03,20250518,1
24EIFA_R04,20250518,1
24EIFA_R05,20250518,1
24EIFA_R06,20250518,1
24EIFA_R08,20250518,1
24EIFA_R10,20250518,1
24EIFA_R12,20250518,1
24EIFA_9911,20250525,1
24EIFA_R01,20250525,1
24EIFA_R02,20250525,1
24EIFA_R03,20250525,1
24EIFA_R04,20250525,1
24EIFA_R05,20250525,1
24EIFA_R06,20250525,1
24EIFA_R08,20250525,1
24EIFA_R10,20250525,1
24EIFA_R12,20250525,1
24EIFA_9911,20250601,1
24EIFA_R01,20250601,1
24EIFA_R02,20250601,1
24EIFA_R03,20250601,1
24EIFA_R04,20250601,1
24EIFA_R05,20250601,1
24EIFA_R06,20250601,1
24EIFA_R08,20250601,1
24EIFA_R10,20250601,1
24EIFA_R12,20250601,1
24EIFA_9911,20250608,1
24EIFA_R01,20250608,1
24EIFA_R02,20250608,1
24EIFA_R03,20250608,1
24EIFA_R04,20250608,1
24EIFA_R05,20250608,1
24EIFA_R06,20250608,1
24EIFA_R08,20250608,1
24EIFA_R10,20250608,1
24EIFA_R12,20250608,1
24EIFA_9911,20250609,1
24EIFA_R01,20250609,1
24EIFA_R02,20250609,1
24EIFA_R03,20250609,1
24EIFA_R04,20250609,1
24EIFA_R05,20250609,1
24EIFA_R06,20250609,1
24EIFA_R08,20250609,1
24EIFA_R10,20250609,1
24EIFA_R12,20250609,1
24EIFA_9911,20250615,1
24EIFA_R01,20250615,1
24EIFA_R02,20250615,1
24EIFA_R03,20250615,1
24EIFA_R04,20250615,1
24EIFA_R05,20250615,1
24EIFA_R06,20250615,1
24EIFA_R08,20250615,1
24EIFA_R10,20250615,1
24EIFA_R12,20250615,1
24EIFA_9911,20250622,1
24EIFA_R01,20250622,1
24EIFA_R02,20250622,1
24EIFA_R03,20250622,1
24EIFA_R04,20250622,1
24EIFA_R05,20250622,1
24EIFA_R06,20250622,1
24EIFA_R08,20250622,1
24EIFA_R10,20250622,1
24EIFA_R12,20250622,1
24EIFA_9911,20250629,1
24EIFA_R01,20250629,1
24EIFA_R02,20250629,1
24EIFA_R03,20250629,1
24EIFA_R04,20250629,1
24EIFA_R05,20250629,1
24EIFA_R06,20250629,1
24EIFA_R08,20250629,1
24EIFA_R10,20250629,1
24EIFA_R12,20250629,1
24EILA_0107,20240903,1
24EILA_9911,20240903,1
24EILA_R01,20240903,1
24EILA_R02,20240903,1
24EILA_R03,20240903,1
24EILA_R04,20240903,1
24EILA_R05,20240903,1
24EILA_R06,20240903,1
24EILA_R07,20240903,1
24EILA_R08,20240903,1
24EILA_R09,20240903,1
24EILA_R10,20240903,1
24EILA_R11,20240903,1
24EILA_R12,20240903,1
24EILA_R14,20240903,1
24EILA_0107,20241223,1
24EILA_9911,20241223,1
24EILA_R01,20241223,1
24EILA_R02,20241223,1
24EILA_R03,20241223,1
24EILA_R04,20241223,1
24EILA_R05,20241223,1
24EILA_R06,20241223,1
24EILA_R07,20241223,1
24EILA_R08,20241223,1
24EILA_R09,20241223,1
24EILA_R10,20241223,1
24EILA_R11,20241223,1
24EILA_R12,20241223,1
24EILA_R14,20241223,1
24EILA_0107,20241224,1
24EILA_9911,20241224,1
24EILA_R01,20241224,1
24EILA_R02,20241224,1
24EILA_R03,20241224,1
24EILA_R04,20241224,1
24EILA_R05,20241224,1
24EILA_R06,20241224,1
24EILA_R07,20241224,1
24EILA_R08,20241224,1
24EILA_R09,20241224,1
24EILA_R10,20241224,1
24EILA_R11,20241224,1
24EILA_R12,20241224,1
24EILA_R14,20241224,1
24EILA_0107,20241226,1
24EILA_9911,20241226,1
24EILA_R01,20241226,1
24EILA_R02,20241226,1
24EILA_R03,20241226,1
24EILA_R04,20241226,1
24EILA_R05,20241226,1
24EILA_R06,20241226,1
24EILA_R07,20241226,1
24EILA_R08,20241226,1
24EILA_R09,20241226,1
24EILA_R10,20241226,1
24EILA_R11,20241226,1
24EILA_R12,20241226,1
24EILA_R14,20241226,1
24EILA_0107,20241227,1
24EILA_9911,20241227,1
24EILA_R01,20241227,1
24EILA_R02,20241227,1
24EILA_R03,20241227,1
24EILA_R04,20241227,1
24EILA_R05,20241227,1
24EILA_R06,20241227,1
24EILA_R07,20241227,1
24EILA_R08,20241227,1
24EILA_R09,20241227,1
24EILA_R10,20241227,1
24EILA_R11,20241227,1
24EILA_R12,20241227,1
24EILA_R14,20241227,1
24EILA_0107,20241230,1
24EILA_9911,20241230,1
24EILA_R01,20241230,1
24EILA_R02,20241230,1
24EILA_R03,20241230,1
24EILA_R04,20241230,1
24EILA_R05,20241230,1
24EILA_R06,20241230,1
24EILA_R07,20241230,1
24EILA_R08,20241230,1
24EILA_R09,20241230,1
24EILA_R10,20241230,1
24EILA_R11,20241230,1
24EILA_R12,20241230,1
24EILA_R14,20241230,1
24EILA_0107,20241231,1
24EILA_9911,20241231,1
24EILA_R01,20241231,1
24EILA_R02,20241231,1
24EILA_R03,20241231,1
24EILA_R04,20241231,1
24EILA_R05,20241231,1
24EILA_R06,20241231,1
24EILA_R07,20241231,1
24EILA_R08,20241231,1
24EILA_R09,20241231,1
24EILA_R10,20241231,1
24EILA_R11,20241231,1
24EILA_R12,20241231,1
24EILA_R14,20241231,1
24EILA_0107,20250102,1
24EILA_9911,20250102,1
24EILA_R01,20250102,1
24EILA_R02,20250102,1
24EILA_R03,20250102,1
24EILA_R04,20250102,1
24EILA_R05,20250102,1
24EILA_R06,20250102,1
24EILA_R07,20250102,1
24EILA_R08,20250102,1
24EILA_R09,20250102,1
24EILA_R10,20250102,1
24EILA_R11,20250102,1
24EILA_R12,20250102,1
24EILA_R14,20250102,1
24EILA_0107,20250103,1
24EILA_9911,20250103,1
24EILA_R01,20250103,1
24EILA_R02,20250103,1
24EILA_R03,20250103,1
24EILA_R04,20250103,1
24EILA_R05,20250103,1
24EILA_R06,20250103,1
24EILA_R07,20250103,1
24EILA_R08,20250103,1
24EILA_R09,20250103,1
24EILA_R10,20250103,1
24EILA_R11,20250103,1
24EILA_R12,20250103,1
24EILA_R14,20250103,1
24EILA_0107,20250421,1
24EILA_9911,20250421,1
24EILA_R01,20250421,1
24EILA_R02,20250421,1
24EILA_R03,20250421,1
24EILA_R04,20250421,1
24EILA_R05,20250421,1
24EILA_R06,20250421,1
24EILA_R07,20250421,1
24EILA_R08,20250421,1
24EILA_R09,20250421,1
24EILA_R10,20250421,1
24EILA_R11,20250421,1
24EILA_R12,20250421,1
24EILA_R14,20250421,1
24EILA_0107,20250422,1
24EILA_9911,20250422,1
24EILA_R01,20250422,1
24EILA_R02,20250422,1
24EILA_R03,20250422,1
24EILA_R04,20250422,1
24EILA_R05,20250422,1
24EILA_R06,20250422,1
24EILA_R07,20250422,1
24EILA_R08,20250422,1
24EILA_R09,20250422,1
24EILA_R10,20250422,1
24EILA_R11,20250422,1
24EILA_R12,20250422,1
24EILA_R14,20250422,1
24EILA_0107,20250423,1
24EILA_9911,20250423,1
24EILA_R01,20250423,1
24EILA_R02,20250423,1
24EILA_R03,20250423,1
24EILA_R04,20250423,1
24EILA_R05,20250423,1
24EILA_R06,20250423,1
24EILA_R07,20250423,1
24EILA_R08,20250423,1
24EILA_R09,20250423,1
24EILA_R10,20250423,1
24EILA_R11,20250423,1
24EILA_R12,20250423,1
24EILA_R14,20250423,1
24EILA_0107,20250424,1
24EILA_9911,20250424,1
24EILA_R01,20250424,1
24EILA_R02,20250424,1
24EILA_R03,20250424,1
24EILA_R04,20250424,1
24EILA_R05,20250424,1
24EILA_R06,20250424,1
24EILA_R07,20250424,1
24EILA_R08,20250424,1
24EILA_R09,20250424,1
24EILA_R10,20250424,1
24EILA_R11,20250424,1
24EILA_R12,20250424,1
24EILA_R14,20250424,1
24EILA_0107,20250425,1
24EILA_9911,20250425,1
24EILA_R01,20250425,1
24EILA_R02,20250425,1
24EILA_R03,20250425,1
24EILA_R04,20250425,1
24EILA_R05,20250425,1
24EILA_R06,20250425,1
24EILA_R07,20250425,1
24EILA_R08,20250425,1
24EILA_R09,20250425,1
24EILA_R10,20250425,1
24EILA_R11,20250425,1
24EILA_R12,20250425,1
24EILA_R14,20250425,1
24EILA_0107,20250630,1
24EILA_9911,20250630,1
24EILA_R01,20250630,1
24EILA_R02,20250630,1
24EILA_R03,20250630,1
24EILA_R04,20250630,1
24EILA_R05,20250630,1
24EILA_R06,20250630,1
24EILA_R07,20250630,1
24EILA_R08,20250630,1
24EILA_R09,20250630,1
24EILA_R10,20250630,1
24EILA_R11,20250630,1
24EILA_R12,20250630,1
24EILA_R14,20250630,1
24EILIA_0107,20250115,1
24EILIA_9911,20250115,1
24EILIA_R01,20250115,1
24EILIA_R02,20250115,1
24EILIA_R03,20250115,1
24EILIA_R04,20250115,1
24EILIA_R05,20250115,1
24EILIA_R06,20250115,1
24EILIA_R07,20250115,1
24EILIA_R08,20250115,1
24EILIA_R09,20250115,1
24EILIA_R10,20250115,1
24EILIA_R11,20250115,1
24EILIA_R12,20250115,1
24EILIA_R14,20250115,1
24EILIA_0107,20250116,1
24EILIA_9911,20250116,1
24EILIA_R01,20250116,1
24EILIA_R02,20250116,1
24EILIA_R03,20250116,1
24EILIA_R04,20250116,1
24EILIA_R05,20250116,1
24EILIA_R06,20250116,1
24EILIA_R07,20250116,1
24EILIA_R08,20250116,1
24EILIA_R09,20250116,1
24EILIA_R10,20250116,1
24EILIA_R11,20250116,1
24EILIA_R12,20250116,1
24EILIA_R14,20250116,1
24EILIA_0107,20250117,1
24EILIA_9911,20250117,1
24EILIA_R01,20250117,1
24EILIA_R02,20250117,1
24EILIA_R03,20250117,1
24EILIA_R04,20250117,1
24EILIA_R05,20250117,1
24EILIA_R06,20250117,1
24EILIA_R07,20250117,1
24EILIA_R08,20250117,1
24EILIA_R09,20250117,1
24EILIA_R10,20250117,1
24EILIA_R11,20250117,1
24EILIA_R12,20250117,1
24EILIA_R14,20250117,1
24EILIA_0107,20250120,1
24EILIA_9911,20250120,1
24EILIA_R01,20250120,1
24EILIA_R02,20250120,1
24EILIA_R03,20250120,1
24EILIA_R04,20250120,1
24EILIA_R05,20250120,1
24EILIA_R06,20250120,1
24EILIA_R07,20250120,1
24EILIA_R08,20250120,1
24EILIA_R09,20250120,1
24EILIA_R10,20250120,1
24EILIA_R11,20250120,1
24EILIA_R12,20250120,1
24EILIA_R14,20250120,1
24EILIA_0107,20250121,1
24EILIA_9911,20250121,1
24EILIA_R01,20250121,1
24EILIA_R02,20250121,1
24EILIA_R03,20250121,1
24EILIA_R04,20250121,1
24EILIA_R05,20250121,1
24EILIA_R06,20250121,1
24EILIA_R07,20250121,1
24EILIA_R08,20250121,1
24EILIA_R09,20250121,1
24EILIA_R10,20250121,1
24EILIA_R11,20250121,1
24EILIA_R12,20250121,1
24EILIA_R14,20250121,1
24EILIA_0107,20250122,1
24EILIA_9911,20250122,1
24EILIA_R01,20250122,1
24EILIA_R02,20250122,1
24EILIA_R03,20250122,1
24EILIA_R04,20250122,1
24EILIA_R05,20250122,1
24EILIA_R06,20250122,1
24EILIA_R07,20250122,1
24EILIA_R08,20250122,1
24EILIA_R09,20250122,1
24EILIA_R10,20250122,1
24EILIA_R11,20250122,1
24EILIA_R12,20250122,1
24EILIA_R14,20250122,1
24EILIA_0107,20250123,1
24EILIA_9911,20250123,1
24EILIA_R01,20250123,1
24EILIA_R02,20250123,1
24EILIA_R03,20250123,1
24EILIA_R04,20250123,1
24EILIA_R05,20250123,1
24EILIA_R06,20250123,1
24EILIA_R07,20250123,1
24EILIA_R08,20250123,1
24EILIA_R09,20250123,1
24EILIA_R10,20250123,1
24EILIA_R11,20250123,1
24EILIA_R12,20250123,1
24EILIA_R14,20250123,1
24EILIA_0107,20250124,1
24EILIA_9911,20250124,1
24EILIA_R01,20250124,1
24EILIA_R02,20250124,1
24EILIA_R03,20250124,1
24EILIA_R04,20250124,1
24EILIA_R05,20250124,1
24EILIA_R06,20250124,1
24EILIA_R07,20250124,1
24EILIA_R08,20250124,1
24EILIA_R09,20250124,1
24EILIA_R10,20250124,1
24EILIA_R11,20250124,1
24EILIA_R12,20250124,1
24EILIA_R14,20250124,1
24EILIA_0107,20250127,1
24EILIA_9911,20250127,1
24EILIA_R01,20250127,1
24EILIA_R02,20250127,1
24EILIA_R03,20250127,1
24EILIA_R04,20250127,1
24EILIA_R05,20250127,1
24EILIA_R06,20250127,1
24EILIA_R07,20250127,1
24EILIA_R08,20250127,1
24EILIA_R09,20250127,1
24EILIA_R10,20250127,1
24EILIA_R11,20250127,1
24EILIA_R12,20250127,1
24EILIA_R14,20250127,1
24EILIA_0107,20250610,1
24EILIA_9911,20250610,1
24EILIA_R01,20250610,1
24EILIA_R02,20250610,1
24EILIA_R03,20250610,1
24EILIA_R04,20250610,1
24EILIA_R05,20250610,1
24EILIA_R06,20250610,1
24EILIA_R07,20250610,1
24EILIA_R08,20250610,1
24EILIA_R09,20250610,1
24EILIA_R10,20250610,1
24EILIA_R11,20250610,1
24EILIA_R12,20250610,1
24EILIA_R14,20250610,1
24EILIA_0107,20250611,1
24EILIA_9911,20250611,1
24EILIA_R01,20250611,1
24EILIA_R02,20250611,1
24EILIA_R03,20250611,1
24EILIA_R04,20250611,1
24EILIA_R05,20250611,1
24EILIA_R06,20250611,1
24EILIA_R07,20250611,1
24EILIA_R08,20250611,1
24EILIA_R09,20250611,1
24EILIA_R10,20250611,1
24EILIA_R11,20250611,1
24EILIA_R12,20250611,1
24EILIA_R14,20250611,1
24EILIA_0107,20250612,1
24EILIA_9911,20250612,1
24EILIA_R01,20250612,1
24EILIA_R02,20250612,1
24EILIA_R03,20250612,1
24EILIA_R04,20250612,1
24EILIA_R05,20250612,1
24EILIA_R06,20250612,1
24EILIA_R07,20250612,1
24EILIA_R08,20250612,1
24EILIA_R09,20250612,1
24EILIA_R10,20250612,1
24EILIA_R11,20250612,1
24EILIA_R12,20250612,1
24EILIA_R14,20250612,1
24EILIA_0107,20250613,1
24EILIA_9911,20250613,1
24EILIA_R01,20250613,1
24EILIA_R02,20250613,1
24EILIA_R03,20250613,1
24EILIA_R04,20250613,1
24EILIA_R05,20250613,1
24EILIA_R06,20250613,1
24EILIA_R07,20250613,1
24EILIA_R08,20250613,1
24EILIA_R09,20250613,1
24EILIA_R10,20250613,1
24EILIA_R11,20250613,1
24EILIA_R12,20250613,1
24EILIA_R14,20250613,1
24EILIA_0107,20250616,1
24EILIA_9911,20250616,1
24EILIA_R01,20250616,1
24EILIA_R02,20250616,1
24EILIA_R03,20250616,1
24EILIA_R04,20250616,1
24EILIA_R05,20250616,1
24EILIA_R06,20250616,1
24EILIA_R07,20250616,1
24EILIA_R08,20250616,1
24EILIA_R09,20250616,1
24EILIA_R10,20250616,1
24EILIA_R11,20250616,1
24EILIA_R12,20250616,1
24EILIA_R14,20250616,1
24EILIA_0107,20250617,1
24EILIA_9911,20250617,1
24EILIA_R01,20250617,1
24EILIA_R02,20250617,1
24EILIA_R03,20250617,1
24EILIA_R04,20250617,1
24EILIA_R05,20250617,1
24EILIA_R06,20250617,1
24EILIA_R07,20250617,1
24EILIA_R08,20250617,1
24EILIA_R09,20250617,1
24EILIA_R10,20250617,1
24EILIA_R11,20250617,1
24EILIA_R12,20250617,1
24EILIA_R14,20250617,1
24EILIA_0107,20250618,1
24EILIA_9911,20250618,1
24EILIA_R01,20250618,1
24EILIA_R02,20250618,1
24EILIA_R03,20250618,1
24EILIA_R04,20250618,1
24EILIA_R05,20250618,1
24EILIA_R06,20250618,1
24EILIA_R07,20250618,1
24EILIA_R08,20250618,1
24EILIA_R09,20250618,1
24EILIA_R10,20250618,1
24EILIA_R11,20250618,1
24EILIA_R12,20250618,1
24EILIA_R14,20250618,1
24EILIA_0107,20250619,1
24EILIA_9911,20250619,1
24EILIA_R01,20250619,1
24EILIA_R02,20250619,1
24EILIA_R03,20250619,1
24EILIA_R04,20250619,1
24EILIA_R05,20250619,1
24EILIA_R06,20250619,1
24EILIA_R07,20250619,1
24EILIA_R08,20250619,1
24EILIA_R09,20250619,1
24EILIA_R10,20250619,1
24EILIA_R11,20250619,1
24EILIA_R12,20250619,1
24EILIA_R14,20250619,1
24EILIUA_0107,20240910,1
24EILIUA_9911,20240910,1
24EILIUA_R01,20240910,1
24EILIUA_R02,20240910,1
24EILIUA_R03,20240910,1
24EILIUA_R04,20240910,1
24EILIUA_R05,20240910,1
24EILIUA_R06,20240910,1
24EILIUA_R07,20240910,1
24EILIUA_R08,20240910,1
24EILIUA_R09,20240910,1
24EILIUA_R10,20240910,1
24EILIUA_R11,20240910,1
24EILIUA_R12,20240910,1
24EILIUA_R14,20240910,1
24EILIUA_0107,20240911,1
24EILIUA_9911,20240911,1
24EILIUA_R01,20240911,1
24EILIUA_R02,20240911,1
24EILIUA_R03,20240911,1
24EILIUA_R04,20240911,1
24EILIUA_R05,20240911,1
24EILIUA_R06,20240911,1
24EILIUA_R07,20240911,1
24EILIUA_R08,20240911,1
24EILIUA_R09,20240911,1
24EILIUA_R10,20240911,1
24EILIUA_R11,20240911,1
24EILIUA_R12,20240911,1
24EILIUA_R14,20240911,1
24EILIUA_0107,20240912,1
24EILIUA_9911,20240912,1
24EILIUA_R01,20240912,1
24EILIUA_R02,20240912,1
24EILIUA_R03,20240912,1
24EILIUA_R04,20240912,1
24EILIUA_R05,20240912,1
24EILIUA_R06,20240912,1
24EILIUA_R07,20240912,1
24EILIUA_R08,20240912,1
24EILIUA_R09,20240912,1
24EILIUA_R10,20240912,1
24EILIUA_R11,20240912,1
24EILIUA_R12,20240912,1
24EILIUA_R14,20240912,1
24EILIUA_0107,20240913,1
24EILIUA_9911,20240913,1
24EILIUA_R01,20240913,1
24EILIUA_R02,20240913,1
24EILIUA_R03,20240913,1
24EILIUA_R04,20240913,1
24EILIUA_R05,20240913,1
24EILIUA_R06,20240913,1
24EILIUA_R07,20240913,1
24EILIUA_R08,20240913,1
24EILIUA_R09,20240913,1
24EILIUA_R10,20240913,1
24EILIUA_R11,20240913,1
24EILIUA_R12,20240913,1
24EILIUA_R14,20240913,1
24EILIUA_0107,20240916,1
24EILIUA_9911,20240916,1
24EILIUA_R01,20240916,1
24EILIUA_R02,20240916,1
24EILIUA_R03,20240916,1
24EILIUA_R04,20240916,1
24EILIUA_R05,20240916,1
24EILIUA_R06,20240916,1
24EILIUA_R07,20240916,1
24EILIUA_R08,20240916,1
24EILIUA_R09,20240916,1
24EILIUA_R10,20240916,1
24EILIUA_R11,20240916,1
24EILIUA_R12,20240916,1
24EILIUA_R14,20240916,1
24EILIUA_0107,20240917,1
24EILIUA_9911,20240917,1
24EILIUA_R01,20240917,1
24EILIUA_R02,20240917,1
24EILIUA_R03,20240917,1
24EILIUA_R04,20240917,1
24EILIUA_R05,20240917,1
24EILIUA_R06,20240917,1
24EILIUA_R07,20240917,1
24EILIUA_R08,20240917,1
24EILIUA_R09,20240917,1
24EILIUA_R10,20240917,1
24EILIUA_R11,20240917,1
24EILIUA_R12,20240917,1
24EILIUA_R14,20240917,1
24EILIUA_0107,20240918,1
24EILIUA_9911,20240918,1
24EILIUA_R01,20240918,1
24EILIUA_R02,20240918,1
24EILIUA_R03,20240918,1
24EILIUA_R04,20240918,1
24EILIUA_R05,20240918,1
24EILIUA_R06,20240918,1
24EILIUA_R07,20240918,1
24EILIUA_R08,20240918,1
24EILIUA_R09,20240918,1
24EILIUA_R10,20240918,1
24EILIUA_R11,20240918,1
24EILIUA_R12,20240918,1
24EILIUA_R14,20240918,1
24EILIUA_0107,20240919,1
24EILIUA_9911,20240919,1
24EILIUA_R01,20240919,1
24EILIUA_R02,20240919,1
24EILIUA_R03,20240919,1
24EILIUA_R04,20240919,1
24EILIUA_R05,20240919,1
24EILIUA_R06,20240919,1
24EILIUA_R07,20240919,1
24EILIUA_R08,20240919,1
24EILIUA_R09,20240919,1
24EILIUA_R10,20240919,1
24EILIUA_R11,20240919,1
24EILIUA_R12,20240919,1
24EILIUA_R14,20240919,1
24EILIUA_0107,20240920,1
24EILIUA_9911,20240920,1
24EILIUA_R01,20240920,1
24EILIUA_R02,20240920,1
24EILIUA_R03,20240920,1
24EILIUA_R04,20240920,1
24EILIUA_R05,20240920,1
24EILIUA_R06,20240920,1
24EILIUA_R07,20240920,1
24EILIUA_R08,20240920,1
24EILIUA_R09,20240920,1
24EILIUA_R10,20240920,1
24EILIUA_R11,20240920,1
24EILIUA_R12,20240920,1
24EILIUA_R14,20240920,1
24EILIUA_0107,20240923,1
24EILIUA_9911,20240923,1
24EILIUA_R01,20240923,1
24EILIUA_R02,20240923,1
24EILIUA_R03,20240923,1
24EILIUA_R04,20240923,1
24EILIUA_R05,20240923,1
24EILIUA_R06,20240923,1
24EILIUA_R07,20240923,1
24EILIUA_R08,20240923,1
24EILIUA_R09,20240923,1
24EILIUA_R10,20240923,1
24EILIUA_R11,20240923,1
24EILIUA_R12,20240923,1
24EILIUA_R14,20240923,1
24EILIUA_0107,20240924,1
24EILIUA_9911,20240924,1
24EILIUA_R01,20240924,1
24EILIUA_R02,20240924,1
24EILIUA_R03,20240924,1
24EILIUA_R04,20240924,1
24EILIUA_R05,20240924,1
24EILIUA_R06,20240924,1
24EILIUA_R07,20240924,1
24EILIUA_R08,20240924,1
24EILIUA_R09,20240924,1
24EILIUA_R10,20240924,1
24EILIUA_R11,20240924,1
24EILIUA_R12,20240924,1
24EILIUA_R14,20240924,1
24EILIUA_0107,20240925,1
24EILIUA_9911,20240925,1
24EILIUA_R01,20240925,1
24EILIUA_R02,20240925,1
24EILIUA_R03,20240925,1
24EILIUA_R04,20240925,1
24EILIUA_R05,20240925,1
24EILIUA_R06,20240925,1
24EILIUA_R07,20240925,1
24EILIUA_R08,20240925,1
24EILIUA_R09,20240925,1
24EILIUA_R10,20240925,1
24EILIUA_R11,20240925,1
24EILIUA_R12,20240925,1
24EILIUA_R14,20240925,1
24EILIUA_0107,20240926,1
24EILIUA_9911,20240926,1
24EILIUA_R01,20240926,1
24EILIUA_R02,20240926,1
24EILIUA_R03,20240926,1
24EILIUA_R04,20240926,1
24EILIUA_R05,20240926,1
24EILIUA_R06,20240926,1
24EILIUA_R07,20240926,1
24EILIUA_R08,20240926,1
24EILIUA_R09,20240926,1
24EILIUA_R10,20240926,1
24EILIUA_R11,20240926,1
24EILIUA_R12,20240926,1
24EILIUA_R14,20240926,1
24EILIUA_0107,20240927,1
24EILIUA_9911,20240927,1
24EILIUA_R01,20240927,1
24EILIUA_R02,20240927,1
24EILIUA_R03,20240927,1
24EILIUA_R04,20240927,1
24EILIUA_R05,20240927,1
24EILIUA_R06,20240927,1
24EILIUA_R07,20240927,1
24EILIUA_R08,20240927,1
24EILIUA_R09,20240927,1
24EILIUA_R10,20240927,1
24EILIUA_R11,20240927,1
24EILIUA_R12,20240927,1
24EILIUA_R14,20240927,1
24EILIUA_0107,20240930,1
24EILIUA_9911,20240930,1
24EILIUA_R01,20240930,1
24EILIUA_R02,20240930,1
24EILIUA_R03,20240930,1
24EILIUA_R04,20240930,1
24EILIUA_R05,20240930,1
24EILIUA_R06,20240930,1
24EILIUA_R07,20240930,1
24EILIUA_R08,20240930,1
24EILIUA_R09,20240930,1
24EILIUA_R10,20240930,1
24EILIUA_R11,20240930,1
24EILIUA_R12,20240930,1
24EILIUA_R14,20240930,1
24EILIUA_0107,20241001,1
24EILIUA_9911,20241001,1
24EILIUA_R01,20241001,1
24EILIUA_R02,20241001,1
24EILIUA_R03,20241001,1
24EILIUA_R04,20241001,1
24EILIUA_R05,20241001,1
24EILIUA_R06,20241001,1
24EILIUA_R07,20241001,1
24EILIUA_R08,20241001,1
24EILIUA_R09,20241001,1
24EILIUA_R10,20241001,1
24EILIUA_R11,20241001,1
24EILIUA_R12,20241001,1
24EILIUA_R14,20241001,1
24EILIUA_0107,20241002,1
24EILIUA_9911,20241002,1
24EILIUA_R01,20241002,1
24EILIUA_R02,20241002,1
24EILIUA_R03,20241002,1
24EILIUA_R04,20241002,1
24EILIUA_R05,20241002,1
24EILIUA_R06,20241002,1
24EILIUA_R07,20241002,1
24EILIUA_R08,20241002,1
24EILIUA_R09,20241002,1
24EILIUA_R10,20241002,1
24EILIUA_R11,20241002,1
24EILIUA_R12,20241002,1
24EILIUA_R14,20241002,1
24EILIUA_0107,20241003,1
24EILIUA_9911,20241003,1
24EILIUA_R01,20241003,1
24EILIUA_R02,20241003,1
24EILIUA_R03,20241003,1
24EILIUA_R04,20241003,1
24EILIUA_R05,20241003,1
24EILIUA_R06,20241003,1
24EILIUA_R07,20241003,1
24EILIUA_R08,20241003,1
24EILIUA_R09,20241003,1
24EILIUA_R10,20241003,1
24EILIUA_R11,20241003,1
24EILIUA_R12,20241003,1
24EILIUA_R14,20241003,1
24EILIUA_0107,20241004,1
24EILIUA_9911,20241004,1
24EILIUA_R01,20241004,1
24EILIUA_R02,20241004,1
24EILIUA_R03,20241004,1
24EILIUA_R04,20241004,1
24EILIUA_R05,20241004,1
24EILIUA_R06,20241004,1
24EILIUA_R07,20241004,1
24EILIUA_R08,20241004,1
24EILIUA_R09,20241004,1
24EILIUA_R10,20241004,1
24EILIUA_R11,20241004,1
24EILIUA_R12,20241004,1
24EILIUA_R14,20241004,1
24EILIUA_0107,20241007,1
24EILIUA_9911,20241007,1
24EILIUA_R01,20241007,1
24EILIUA_R02,20241007,1
24EILIUA_R03,20241007,1
24EILIUA_R04,20241007,1
24EILIUA_R05,20241007,1
24EILIUA_R06,20241007,1
24EILIUA_R07,20241007,1
24EILIUA_R08,20241007,1
24EILIUA_R09,20241007,1
24EILIUA_R10,20241007,1
24EILIUA_R11,20241007,1
24EILIUA_R12,20241007,1
24EILIUA_R14,20241007,1
24EILIUA_0107,20241008,1
24EILIUA_9911,20241008,1
24EILIUA_R01,20241008,1
24EILIUA_R02,20241008,1
24EILIUA_R03,20241008,1
24EILIUA_R04,20241008,1
24EILIUA_R05,20241008,1
24EILIUA_R06,20241008,1
24EILIUA_R07,20241008,1
24EILIUA_R08,20241008,1
24EILIUA_R09,20241008,1
24EILIUA_R10,20241008,1
24EILIUA_R11,20241008,1
24EILIUA_R12,20241008,1
24EILIUA_R14,20241008,1
24EILIUA_0107,20241009,1
24EILIUA_9911,20241009,1
24EILIUA_R01,20241009,1
24EILIUA_R02,20241009,1
24EILIUA_R03,20241009,1
24EILIUA_R04,20241009,1
24EILIUA_R05,20241009,1
24EILIUA_R06,20241009,1
24EILIUA_R07,20241009,1
24EILIUA_R08,20241009,1
24EILIUA_R09,20241009,1
24EILIUA_R10,20241009,1
24EILIUA_R11,20241009,1
24EILIUA_R12,20241009,1
24EILIUA_R14,20241009,1
24EILIUA_0107,20241010,1
24EILIUA_9911,20241010,1
24EILIUA_R01,20241010,1
24EILIUA_R02,20241010,1
24EILIUA_R03,20241010,1
24EILIUA_R04,20241010,1
24EILIUA_R05,20241010,1
24EILIUA_R06,20241010,1
24EILIUA_R07,20241010,1
24EILIUA_R08,20241010,1
24EILIUA_R09,20241010,1
24EILIUA_R10,20241010,1
24EILIUA_R11,20241010,1
24EILIUA_R12,20241010,1
24EILIUA_R14,20241010,1
24EILIUA_0107,20241011,1
24EILIUA_9911,20241011,1
24EILIUA_R01,20241011,1
24EILIUA_R02,20241011,1
24EILIUA_R03,20241011,1
24EILIUA_R04,20241011,1
24EILIUA_R05,20241011,1
24EILIUA_R06,20241011,1
24EILIUA_R07,20241011,1
24EILIUA_R08,20241011,1
24EILIUA_R09,20241011,1
24EILIUA_R10,20241011,1
24EILIUA_R11,20241011,1
24EILIUA_R12,20241011,1
24EILIUA_R14,20241011,1
24EILIUA_0107,20241014,1
24EILIUA_9911,20241014,1
24EILIUA_R01,20241014,1
24EILIUA_R02,20241014,1
24EILIUA_R03,20241014,1
24EILIUA_R04,20241014,1
24EILIUA_R05,20241014,1
24EILIUA_R06,20241014,1
24EILIUA_R07,20241014,1
24EILIUA_R08,20241014,1
24EILIUA_R09,20241014,1
24EILIUA_R10,20241014,1
24EILIUA_R11,20241014,1
24EILIUA_R12,20241014,1
24EILIUA_R14,20241014,1
24EILIUA_0107,20241015,1
24EILIUA_9911,20241015,1
24EILIUA_R01,20241015,1
24EILIUA_R02,20241015,1
24EILIUA_R03,20241015,1
24EILIUA_R04,20241015,1
24EILIUA_R05,20241015,1
24EILIUA_R06,20241015,1
24EILIUA_R07,20241015,1
24EILIUA_R08,20241015,1
24EILIUA_R09,20241015,1
24EILIUA_R10,20241015,1
24EILIUA_R11,20241015,1
24EILIUA_R12,20241015,1
24EILIUA_R14,20241015,1
24EILIUA_0107,20241016,1
24EILIUA_9911,20241016,1
24EILIUA_R01,20241016,1
24EILIUA_R02,20241016,1
24EILIUA_R03,20241016,1
24EILIUA_R04,20241016,1
24EILIUA_R05,20241016,1
24EILIUA_R06,20241016,1
24EILIUA_R07,20241016,1
24EILIUA_R08,20241016,1
24EILIUA_R09,20241016,1
24EILIUA_R10,20241016,1
24EILIUA_R11,20241016,1
24EILIUA_R12,20241016,1
24EILIUA_R14,20241016,1
24EILIUA_0107,20241017,1
24EILIUA_9911,20241017,1
24EILIUA_R01,20241017,1
24EILIUA_R02,20241017,1
24EILIUA_R03,20241017,1
24EILIUA_R04,20241017,1
24EILIUA_R05,20241017,1
24EILIUA_R06,20241017,1
24EILIUA_R07,20241017,1
24EILIUA_R08,20241017,1
24EILIUA_R09,20241017,1
24EILIUA_R10,20241017,1
24EILIUA_R11,20241017,1
24EILIUA_R12,20241017,1
24EILIUA_R14,20241017,1
24EILIUA_0107,20241018,1
24EILIUA_9911,20241018,1
24EILIUA_R01,20241018,1
24EILIUA_R02,20241018,1
24EILIUA_R03,20241018,1
24EILIUA_R04,20241018,1
24EILIUA_R05,20241018,1
24EILIUA_R06,20241018,1
24EILIUA_R07,20241018,1
24EILIUA_R08,20241018,1
24EILIUA_R09,20241018,1
24EILIUA_R10,20241018,1
24EILIUA_R11,20241018,1
24EILIUA_R12,20241018,1
24EILIUA_R14,20241018,1
24EILIUA_0107,20241021,1
24EILIUA_9911,20241021,1
24EILIUA_R01,20241021,1
24EILIUA_R02,20241021,1
24EILIUA_R03,20241021,1
24EILIUA_R04,20241021,1
24EILIUA_R05,20241021,1
24EILIUA_R06,20241021,1
24EILIUA_R07,20241021,1
24EILIUA_R08,20241021,1
24EILIUA_R09,20241021,1
24EILIUA_R10,20241021,1
24EILIUA_R11,20241021,1
24EILIUA_R12,20241021,1
24EILIUA_R14,20241021,1
24EILIUA_0107,20241022,1
24EILIUA_9911,20241022,1
24EILIUA_R01,20241022,1
24EILIUA_R02,20241022,1
24EILIUA_R03,20241022,1
24EILIUA_R04,20241022,1
24EILIUA_R05,20241022,1
24EILIUA_R06,20241022,1
24EILIUA_R07,20241022,1
24EILIUA_R08,20241022,1
24EILIUA_R09,20241022,1
24EILIUA_R10,20241022,1
24EILIUA_R11,20241022,1
24EILIUA_R12,20241022,1
24EILIUA_R14,20241022,1
24EILIUA_0107,20241023,1
24EILIUA_9911,20241023,1
24EILIUA_R01,20241023,1
24EILIUA_R02,20241023,1
24EILIUA_R03,20241023,1
24EILIUA_R04,20241023,1
24EILIUA_R05,20241023,1
24EILIUA_R06,20241023,1
24EILIUA_R07,20241023,1
24EILIUA_R08,20241023,1
24EILIUA_R09,20241023,1
24EILIUA_R10,20241023,1
24EILIUA_R11,20241023,1
24EILIUA_R12,20241023,1
24EILIUA_R14,20241023,1
24EILIUA_0107,20241024,1
24EILIUA_9911,20241024,1
24EILIUA_R01,20241024,1
24EILIUA_R02,20241024,1
24EILIUA_R03,20241024,1
24EILIUA_R04,20241024,1
24EILIUA_R05,20241024,1
24EILIUA_R06,20241024,1
24EILIUA_R07,20241024,1
24EILIUA_R08,20241024,1
24EILIUA_R09,20241024,1
24EILIUA_R10,20241024,1
24EILIUA_R11,20241024,1
24EILIUA_R12,20241024,1
24EILIUA_R14,20241024,1
24EILIUA_0107,20241025,1
24EILIUA_9911,20241025,1
24EILIUA_R01,20241025,1
24EILIUA_R02,20241025,1
24EILIUA_R03,20241025,1
24EILIUA_R04,20241025,1
24EILIUA_R05,20241025,1
24EILIUA_R06,20241025,1
24EILIUA_R07,20241025,1
24EILIUA_R08,20241025,1
24EILIUA_R09,20241025,1
24EILIUA_R10,20241025,1
24EILIUA_R11,20241025,1
24EILIUA_R12,20241025,1
24EILIUA_R14,20241025,1
24EILIUA_0107,20241104,1
24EILIUA_9911,20241104,1
24EILIUA_R01,20241104,1
24EILIUA_R02,20241104,1
24EILIUA_R03,20241104,1
24EILIUA_R04,20241104,1
24EILIUA_R05,20241104,1
24EILIUA_R06,20241104,1
24EILIUA_R07,20241104,1
24EILIUA_R08,20241104,1
24EILIUA_R09,20241104,1
24EILIUA_R10,20241104,1
24EILIUA_R11,20241104,1
24EILIUA_R12,20241104,1
24EILIUA_R14,20241104,1
24EILIUA_0107,20241105,1
24EILIUA_9911,20241105,1
24EILIUA_R01,20241105,1
24EILIUA_R02,20241105,1
24EILIUA_R03,20241105,1
24EILIUA_R04,20241105,1
24EILIUA_R05,20241105,1
24EILIUA_R06,20241105,1
24EILIUA_R07,20241105,1
24EILIUA_R08,20241105,1
24EILIUA_R09,20241105,1
24EILIUA_R10,20241105,1
24EILIUA_R11,20241105,1
24EILIUA_R12,20241105,1
24EILIUA_R14,20241105,1
24EILIUA_0107,20241106,1
24EILIUA_9911,20241106,1
24EILIUA_R01,20241106,1
24EILIUA_R02,20241106,1
24EILIUA_R03,20241106,1
24EILIUA_R04,20241106,1
24EILIUA_R05,20241106,1
24EILIUA_R06,20241106,1
24EILIUA_R07,20241106,1
24EILIUA_R08,20241106,1
24EILIUA_R09,20241106,1
24EILIUA_R10,20241106,1
24EILIUA_R11,20241106,1
24EILIUA_R12,20241106,1
24EILIUA_R14,20241106,1
24EILIUA_0107,20241107,1
24EILIUA_9911,20241107,1
24EILIUA_R01,20241107,1
24EILIUA_R02,20241107,1
24EILIUA_R03,20241107,1
24EILIUA_R04,20241107,1
24EILIUA_R05,20241107,1
24EILIUA_R06,20241107,1
24EILIUA_R07,20241107,1
24EILIUA_R08,20241107,1
24EILIUA_R09,20241107,1
24EILIUA_R10,20241107,1
24EILIUA_R11,20241107,1
24EILIUA_R12,20241107,1
24EILIUA_R14,20241107,1
24EILIUA_0107,20241108,1
24EILIUA_9911,20241108,1
24EILIUA_R01,20241108,1
24EILIUA_R02,20241108,1
24EILIUA_R03,20241108,1
24EILIUA_R04,20241108,1
24EILIUA_R05,20241108,1
24EILIUA_R06,20241108,1
24EILIUA_R07,20241108,1
24EILIUA_R08,20241108,1
24EILIUA_R09,20241108,1
24EILIUA_R10,20241108,1
24EILIUA_R11,20241108,1
24EILIUA_R12,20241108,1
24EILIUA_R14,20241108,1
24EILIUA_0107,20241111,1
24EILIUA_9911,20241111,1
24EILIUA_R01,20241111,1
24EILIUA_R02,20241111,1
24EILIUA_R03,20241111,1
24EILIUA_R04,20241111,1
24EILIUA_R05,20241111,1
24EILIUA_R06,20241111,1
24EILIUA_R07,20241111,1
24EILIUA_R08,20241111,1
24EILIUA_R09,20241111,1
24EILIUA_R10,20241111,1
24EILIUA_R11,20241111,1
24EILIUA_R12,20241111,1
24EILIUA_R14,20241111,1
24EILIUA_0107,20241112,1
24EILIUA_9911,20241112,1
24EILIUA_R01,20241112,1
24EILIUA_R02,20241112,1
24EILIUA_R03,20241112,1
24EILIUA_R04,20241112,1
24EILIUA_R05,20241112,1
24EILIUA_R06,20241112,1
24EILIUA_R07,20241112,1
24EILIUA_R08,20241112,1
24EILIUA_R09,20241112,1
24EILIUA_R10,20241112,1
24EILIUA_R11,20241112,1
24EILIUA_R12,20241112,1
24EILIUA_R14,20241112,1
24EILIUA_0107,20241113,1
24EILIUA_9911,20241113,1
24EILIUA_R01,20241113,1
24EILIUA_R02,20241113,1
24EILIUA_R03,20241113,1
24EILIUA_R04,20241113,1
24EILIUA_R05,20241113,1
24EILIUA_R06,20241113,1
24EILIUA_R07,20241113,1
24EILIUA_R08,20241113,1
24EILIUA_R09,20241113,1
24EILIUA_R10,20241113,1
24EILIUA_R11,20241113,1
24EILIUA_R12,20241113,1
24EILIUA_R14,20241113,1
24EILIUA_0107,20241114,1
24EILIUA_9911,20241114,1
24EILIUA_R01,20241114,1
24EILIUA_R02,20241114,1
24EILIUA_R03,20241114,1
24EILIUA_R04,20241114,1
24EILIUA_R05,20241114,1
24EILIUA_R06,20241114,1
24EILIUA_R07,20241114,1
24EILIUA_R08,20241114,1
24EILIUA_R09,20241114,1
24EILIUA_R10,20241114,1
24EILIUA_R11,20241114,1
24EILIUA_R12,20241114,1
24EILIUA_R14,20241114,1
24EILIUA_0107,20241115,1
24EILIUA_9911,20241115,1
24EILIUA_R01,20241115,1
24EILIUA_R02,20241115,1
24EILIUA_R03,20241115,1
24EILIUA_R04,20241115,1
24EILIUA_R05,20241115,1
24EILIUA_R06,20241115,1
24EILIUA_R07,20241115,1
24EILIUA_R08,20241115,1
24EILIUA_R09,20241115,1
24EILIUA_R10,20241115,1
24EILIUA_R11,20241115,1
24EILIUA_R12,20241115,1
24EILIUA_R14,20241115,1
24EILIUA_0107,20241118,1
24EILIUA_9911,20241118,1
24EILIUA_R01,20241118,1
24EILIUA_R02,20241118,1
24EILIUA_R03,20241118,1
24EILIUA_R04,20241118,1
24EILIUA_R05,20241118,1
24EILIUA_R06,20241118,1
24EILIUA_R07,20241118,1
24EILIUA_R08,20241118,1
24EILIUA_R09,20241118,1
24EILIUA_R10,20241118,1
24EILIUA_R11,20241118,1
24EILIUA_R12,20241118,1
24EILIUA_R14,20241118,1
24EILIUA_0107,20241119,1
24EILIUA_9911,20241119,1
24EILIUA_R01,20241119,1
24EILIUA_R02,20241119,1
24EILIUA_R03,20241119,1
24EILIUA_R04,20241119,1
24EILIUA_R05,20241119,1
24EILIUA_R06,20241119,1
24EILIUA_R07,20241119,1
24EILIUA_R08,20241119,1
24EILIUA_R09,20241119,1
24EILIUA_R10,20241119,1
24EILIUA_R11,20241119,1
24EILIUA_R12,20241119,1
24EILIUA_R14,20241119,1
24EILIUA_0107,20241120,1
24EILIUA_9911,20241120,1
24EILIUA_R01,20241120,1
24EILIUA_R02,20241120,1
24EILIUA_R03,20241120,1
24EILIUA_R04,20241120,1
24EILIUA_R05,20241120,1
24EILIUA_R06,20241120,1
24EILIUA_R07,20241120,1
24EILIUA_R08,20241120,1
24EILIUA_R09,20241120,1
24EILIUA_R10,20241120,1
24EILIUA_R11,20241120,1
24EILIUA_R12,20241120,1
24EILIUA_R14,20241120,1
24EILIUA_0107,20241121,1
24EILIUA_9911,20241121,1
24EILIUA_R01,20241121,1
24EILIUA_R02,20241121,1
24EILIUA_R03,20241121,1
24EILIUA_R04,20241121,1
24EILIUA_R05,20241121,1
24EILIUA_R06,20241121,1
24EILIUA_R07,20241121,1
24EILIUA_R08,20241121,1
24EILIUA_R09,20241121,1
24EILIUA_R10,20241121,1
24EILIUA_R11,20241121,1
24EILIUA_R12,20241121,1
24EILIUA_R14,20241121,1
24EILIUA_0107,20241122,1
24EILIUA_9911,20241122,1
24EILIUA_R01,20241122,1
24EILIUA_R02,20241122,1
24EILIUA_R03,20241122,1
24EILIUA_R04,20241122,1
24EILIUA_R05,20241122,1
24EILIUA_R06,20241122,1
24EILIUA_R07,20241122,1
24EILIUA_R08,20241122,1
24EILIUA_R09,20241122,1
24EILIUA_R10,20241122,1
24EILIUA_R11,20241122,1
24EILIUA_R12,20241122,1
24EILIUA_R14,20241122,1
24EILIUA_0107,20241125,1
24EILIUA_9911,20241125,1
24EILIUA_R01,20241125,1
24EILIUA_R02,20241125,1
24EILIUA_R03,20241125,1
24EILIUA_R04,20241125,1
24EILIUA_R05,20241125,1
24EILIUA_R06,20241125,1
24EILIUA_R07,20241125,1
24EILIUA_R08,20241125,1
24EILIUA_R09,20241125,1
24EILIUA_R10,20241125,1
24EILIUA_R11,20241125,1
24EILIUA_R12,20241125,1
24EILIUA_R14,20241125,1
24EILIUA_0107,20241126,1
24EILIUA_9911,20241126,1
24EILIUA_R01,20241126,1
24EILIUA_R02,20241126,1
24EILIUA_R03,20241126,1
24EILIUA_R04,20241126,1
24EILIUA_R05,20241126,1
24EILIUA_R06,20241126,1
24EILIUA_R07,20241126,1
24EILIUA_R08,20241126,1
24EILIUA_R09,20241126,1
24EILIUA_R10,20241126,1
24EILIUA_R11,20241126,1
24EILIUA_R12,20241126,1
24EILIUA_R14,20241126,1
24EILIUA_0107,20241127,1
24EILIUA_9911,20241127,1
24EILIUA_R01,20241127,1
24EILIUA_R02,20241127,1
24EILIUA_R03,20241127,1
24EILIUA_R04,20241127,1
24EILIUA_R05,20241127,1
24EILIUA_R06,20241127,1
24EILIUA_R07,20241127,1
24EILIUA_R08,20241127,1
24EILIUA_R09,20241127,1
24EILIUA_R10,20241127,1
24EILIUA_R11,20241127,1
24EILIUA_R12,20241127,1
24EILIUA_R14,20241127,1
24EILIUA_0107,20241128,1
24EILIUA_9911,20241128,1
24EILIUA_R01,20241128,1
24EILIUA_R02,20241128,1
24EILIUA_R03,20241128,1
24EILIUA_R04,20241128,1
24EILIUA_R05,20241128,1
24EILIUA_R06,20241128,1
24EILIUA_R07,20241128,1
24EILIUA_R08,20241128,1
24EILIUA_R09,20241128,1
24EILIUA_R10,20241128,1
24EILIUA_R11,20241128,1
24EILIUA_R12,20241128,1
24EILIUA_R14,20241128,1
24EILIUA_0107,20241129,1
24EILIUA_9911,20241129,1
24EILIUA_R01,20241129,1
24EILIUA_R02,20241129,1
24EILIUA_R03,20241129,1
24EILIUA_R04,20241129,1
24EILIUA_R05,20241129,1
24EILIUA_R06,20241129,1
24EILIUA_R07,20241129,1
24EILIUA_R08,20241129,1
24EILIUA_R09,20241129,1
24EILIUA_R10,20241129,1
24EILIUA_R11,20241129,1
24EILIUA_R12,20241129,1
24EILIUA_R14,20241129,1
24EILIUA_0107,20241202,1
24EILIUA_9911,20241202,1
24EILIUA_R01,20241202,1
24EILIUA_R02,20241202,1
24EILIUA_R03,20241202,1
24EILIUA_R04,20241202,1
24EILIUA_R05,20241202,1
24EILIUA_R06,20241202,1
24EILIUA_R07,20241202,1
24EILIUA_R08,20241202,1
24EILIUA_R09,20241202,1
24EILIUA_R10,20241202,1
24EILIUA_R11,20241202,1
24EILIUA_R12,20241202,1
24EILIUA_R14,20241202,1
24EILIUA_0107,20241203,1
24EILIUA_9911,20241203,1
24EILIUA_R01,20241203,1
24EILIUA_R02,20241203,1
24EILIUA_R03,20241203,1
24EILIUA_R04,20241203,1
24EILIUA_R05,20241203,1
24EILIUA_R06,20241203,1
24EILIUA_R07,20241203,1
24EILIUA_R08,20241203,1
24EILIUA_R09,20241203,1
24EILIUA_R10,20241203,1
24EILIUA_R11,20241203,1
24EILIUA_R12,20241203,1
24EILIUA_R14,20241203,1
24EILIUA_0107,20241204,1
24EILIUA_9911,20241204,1
24EILIUA_R01,20241204,1
24EILIUA_R02,20241204,1
24EILIUA_R03,20241204,1
24EILIUA_R04,20241204,1
24EILIUA_R05,20241204,1
24EILIUA_R06,20241204,1
24EILIUA_R07,20241204,1
24EILIUA_R08,20241204,1
24EILIUA_R09,20241204,1
24EILIUA_R10,20241204,1
24EILIUA_R11,20241204,1
24EILIUA_R12,20241204,1
24EILIUA_R14,20241204,1
24EILIUA_0107,20241205,1
24EILIUA_9911,20241205,1
24EILIUA_R01,20241205,1
24EILIUA_R02,20241205,1
24EILIUA_R03,20241205,1
24EILIUA_R04,20241205,1
24EILIUA_R05,20241205,1
24EILIUA_R06,20241205,1
24EILIUA_R07,20241205,1
24EILIUA_R08,20241205,1
24EILIUA_R09,20241205,1
24EILIUA_R10,20241205,1
24EILIUA_R11,20241205,1
24EILIUA_R12,20241205,1
24EILIUA_R14,20241205,1
24EILIUA_0107,20241209,1
24EILIUA_9911,20241209,1
24EILIUA_R01,20241209,1
24EILIUA_R02,20241209,1
24EILIUA_R03,20241209,1
24EILIUA_R04,20241209,1
24EILIUA_R05,20241209,1
24EILIUA_R06,20241209,1
24EILIUA_R07,20241209,1
24EILIUA_R08,20241209,1
24EILIUA_R09,20241209,1
24EILIUA_R10,20241209,1
24EILIUA_R11,20241209,1
24EILIUA_R12,20241209,1
24EILIUA_R14,20241209,1
24EILIUA_0107,20241210,1
24EILIUA_9911,20241210,1
24EILIUA_R01,20241210,1
24EILIUA_R02,20241210,1
24EILIUA_R03,20241210,1
24EILIUA_R04,20241210,1
24EILIUA_R05,20241210,1
24EILIUA_R06,20241210,1
24EILIUA_R07,20241210,1
24EILIUA_R08,20241210,1
24EILIUA_R09,20241210,1
24EILIUA_R10,20241210,1
24EILIUA_R11,20241210,1
24EILIUA_R12,20241210,1
24EILIUA_R14,20241210,1
24EILIUA_0107,20241211,1
24EILIUA_9911,20241211,1
24EILIUA_R01,20241211,1
24EILIUA_R02,20241211,1
24EILIUA_R03,20241211,1
24EILIUA_R04,20241211,1
24EILIUA_R05,20241211,1
24EILIUA_R06,20241211,1
24EILIUA_R07,20241211,1
24EILIUA_R08,20241211,1
24EILIUA_R09,20241211,1
24EILIUA_R10,20241211,1
24EILIUA_R11,20241211,1
24EILIUA_R12,20241211,1
24EILIUA_R14,20241211,1
24EILIUA_0107,20241212,1
24EILIUA_9911,20241212,1
24EILIUA_R01,20241212,1
24EILIUA_R02,20241212,1
24EILIUA_R03,20241212,1
24EILIUA_R04,20241212,1
24EILIUA_R05,20241212,1
24EILIUA_R06,20241212,1
24EILIUA_R07,20241212,1
24EILIUA_R08,20241212,1
24EILIUA_R09,20241212,1
24EILIUA_R10,20241212,1
24EILIUA_R11,20241212,1
24EILIUA_R12,20241212,1
24EILIUA_R14,20241212,1
24EILIUA_0107,20241213,1
24EILIUA_9911,20241213,1
24EILIUA_R01,20241213,1
24EILIUA_R02,20241213,1
24EILIUA_R03,20241213,1
24EILIUA_R04,20241213,1
24EILIUA_R05,20241213,1
24EILIUA_R06,20241213,1
24EILIUA_R07,20241213,1
24EILIUA_R08,20241213,1
24EILIUA_R09,20241213,1
24EILIUA_R10,20241213,1
24EILIUA_R11,20241213,1
24EILIUA_R12,20241213,1
24EILIUA_R14,20241213,1
24EILIUA_0107,20241216,1
24EILIUA_9911,20241216,1
24EILIUA_R01,20241216,1
24EILIUA_R02,20241216,1
24EILIUA_R03,20241216,1
24EILIUA_R04,20241216,1
24EILIUA_R05,20241216,1
24EILIUA_R06,20241216,1
24EILIUA_R07,20241216,1
24EILIUA_R08,20241216,1
24EILIUA_R09,20241216,1
24EILIUA_R10,20241216,1
24EILIUA_R11,20241216,1
24EILIUA_R12,20241216,1
24EILIUA_R14,20241216,1
24EILIUA_0107,20241217,1
24EILIUA_9911,20241217,1
24EILIUA_R01,20241217,1
24EILIUA_R02,20241217,1
24EILIUA_R03,20241217,1
24EILIUA_R04,20241217,1
24EILIUA_R05,20241217,1
24EILIUA_R06,20241217,1
24EILIUA_R07,20241217,1
24EILIUA_R08,20241217,1
24EILIUA_R09,20241217,1
24EILIUA_R10,20241217,1
24EILIUA_R11,20241217,1
24EILIUA_R12,20241217,1
24EILIUA_R14,20241217,1
24EILIUA_0107,20241218,1
24EILIUA_9911,20241218,1
24EILIUA_R01,20241218,1
24EILIUA_R02,20241218,1
24EILIUA_R03,20241218,1
24EILIUA_R04,20241218,1
24EILIUA_R05,20241218,1
24EILIUA_R06,20241218,1
24EILIUA_R07,20241218,1
24EILIUA_R08,20241218,1
24EILIUA_R09,20241218,1
24EILIUA_R10,20241218,1
24EILIUA_R11,20241218,1
24EILIUA_R12,20241218,1
24EILIUA_R14,20241218,1
24EILIUA_0107,20241219,1
24EILIUA_9911,20241219,1
24EILIUA_R01,20241219,1
24EILIUA_R02,20241219,1
24EILIUA_R03,20241219,1
24EILIUA_R04,20241219,1
24EILIUA_R05,20241219,1
24EILIUA_R06,20241219,1
24EILIUA_R07,20241219,1
24EILIUA_R08,20241219,1
24EILIUA_R09,20241219,1
24EILIUA_R10,20241219,1
24EILIUA_R11,20241219,1
24EILIUA_R12,20241219,1
24EILIUA_R14,20241219,1
24EILIUA_0107,20241220,1
24EILIUA_9911,20241220,1
24EILIUA_R01,20241220,1
24EILIUA_R02,20241220,1
24EILIUA_R03,20241220,1
24EILIUA_R04,20241220,1
24EILIUA_R05,20241220,1
24EILIUA_R06,20241220,1
24EILIUA_R07,20241220,1
24EILIUA_R08,20241220,1
24EILIUA_R09,20241220,1
24EILIUA_R10,20241220,1
24EILIUA_R11,20241220,1
24EILIUA_R12,20241220,1
24EILIUA_R14,20241220,1
24EILIUA_0107,20250108,1
24EILIUA_9911,20250108,1
24EILIUA_R01,20250108,1
24EILIUA_R02,20250108,1
24EILIUA_R03,20250108,1
24EILIUA_R04,20250108,1
24EILIUA_R05,20250108,1
24EILIUA_R06,20250108,1
24EILIUA_R07,20250108,1
24EILIUA_R08,20250108,1
24EILIUA_R09,20250108,1
24EILIUA_R10,20250108,1
24EILIUA_R11,20250108,1
24EILIUA_R12,20250108,1
24EILIUA_R14,20250108,1
24EILIUA_0107,20250109,1
24EILIUA_9911,20250109,1
24EILIUA_R01,20250109,1
24EILIUA_R02,20250109,1
24EILIUA_R03,20250109,1
24EILIUA_R04,20250109,1
24EILIUA_R05,20250109,1
24EILIUA_R06,20250109,1
24EILIUA_R07,20250109,1
24EILIUA_R08,20250109,1
24EILIUA_R09,20250109,1
24EILIUA_R10,20250109,1
24EILIUA_R11,20250109,1
24EILIUA_R12,20250109,1
24EILIUA_R14,20250109,1
24EILIUA_0107,20250110,1
24EILIUA_9911,20250110,1
24EILIUA_R01,20250110,1
24EILIUA_R02,20250110,1
24EILIUA_R03,20250110,1
24EILIUA_R04,20250110,1
24EILIUA_R05,20250110,1
24EILIUA_R06,20250110,1
24EILIUA_R07,20250110,1
24EILIUA_R08,20250110,1
24EILIUA_R09,20250110,1
24EILIUA_R10,20250110,1
24EILIUA_R11,20250110,1
24EILIUA_R12,20250110,1
24EILIUA_R14,20250110,1
24EILIUA_0107,20250113,1
24EILIUA_9911,20250113,1
24EILIUA_R01,20250113,1
24EILIUA_R02,20250113,1
24EILIUA_R03,20250113,1
24EILIUA_R04,20250113,1
24EILIUA_R05,20250113,1
24EILIUA_R06,20250113,1
24EILIUA_R07,20250113,1
24EILIUA_R08,20250113,1
24EILIUA_R09,20250113,1
24EILIUA_R10,20250113,1
24EILIUA_R11,20250113,1
24EILIUA_R12,20250113,1
24EILIUA_R14,20250113,1
24EILIUA_0107,20250114,1
24EILIUA_9911,20250114,1
24EILIUA_R01,20250114,1
24EILIUA_R02,20250114,1
24EILIUA_R03,20250114,1
24EILIUA_R04,20250114,1
24EILIUA_R05,20250114,1
24EILIUA_R06,20250114,1
24EILIUA_R07,20250114,1
24EILIUA_R08,20250114,1
24EILIUA_R09,20250114,1
24EILIUA_R10,20250114,1
24EILIUA_R11,20250114,1
24EILIUA_R12,20250114,1
24EILIUA_R14,20250114,1
24EILIUA_0107,20250128,1
24EILIUA_9911,20250128,1
24EILIUA_R01,20250128,1
24EILIUA_R02,20250128,1
24EILIUA_R03,20250128,1
24EILIUA_R04,20250128,1
24EILIUA_R05,20250128,1
24EILIUA_R06,20250128,1
24EILIUA_R07,20250128,1
24EILIUA_R08,20250128,1
24EILIUA_R09,20250128,1
24EILIUA_R10,20250128,1
24EILIUA_R11,20250128,1
24EILIUA_R12,20250128,1
24EILIUA_R14,20250128,1
24EILIUA_0107,20250129,1
24EILIUA_9911,20250129,1
24EILIUA_R01,20250129,1
24EILIUA_R02,20250129,1
24EILIUA_R03,20250129,1
24EILIUA_R04,20250129,1
24EILIUA_R05,20250129,1
24EILIUA_R06,20250129,1
24EILIUA_R07,20250129,1
24EILIUA_R08,20250129,1
24EILIUA_R09,20250129,1
24EILIUA_R10,20250129,1
24EILIUA_R11,20250129,1
24EILIUA_R12,20250129,1
24EILIUA_R14,20250129,1
24EILIUA_0107,20250130,1
24EILIUA_9911,20250130,1
24EILIUA_R01,20250130,1
24EILIUA_R02,20250130,1
24EILIUA_R03,20250130,1
24EILIUA_R04,20250130,1
24EILIUA_R05,20250130,1
24EILIUA_R06,20250130,1
24EILIUA_R07,20250130,1
24EILIUA_R08,20250130,1
24EILIUA_R09,20250130,1
24EILIUA_R10,20250130,1
24EILIUA_R11,20250130,1
24EILIUA_R12,20250130,1
24EILIUA_R14,20250130,1
24EILIUA_0107,20250131,1
24EILIUA_9911,20250131,1
24EILIUA_R01,20250131,1
24EILIUA_R02,20250131,1
24EILIUA_R03,20250131,1
24EILIUA_R04,20250131,1
24EILIUA_R05,20250131,1
24EILIUA_R06,20250131,1
24EILIUA_R07,20250131,1
24EILIUA_R08,20250131,1
24EILIUA_R09,20250131,1
24EILIUA_R10,20250131,1
24EILIUA_R11,20250131,1
24EILIUA_R12,20250131,1
24EILIUA_R14,20250131,1
24EILIUA_0107,20250203,1
24EILIUA_9911,20250203,1
24EILIUA_R01,20250203,1
24EILIUA_R02,20250203,1
24EILIUA_R03,20250203,1
24EILIUA_R04,20250203,1
24EILIUA_R05,20250203,1
24EILIUA_R06,20250203,1
24EILIUA_R07,20250203,1
24EILIUA_R08,20250203,1
24EILIUA_R09,20250203,1
24EILIUA_R10,20250203,1
24EILIUA_R11,20250203,1
24EILIUA_R12,20250203,1
24EILIUA_R14,20250203,1
24EILIUA_0107,20250204,1
24EILIUA_9911,20250204,1
24EILIUA_R01,20250204,1
24EILIUA_R02,20250204,1
24EILIUA_R03,20250204,1
24EILIUA_R04,20250204,1
24EILIUA_R05,20250204,1
24EILIUA_R06,20250204,1
24EILIUA_R07,20250204,1
24EILIUA_R08,20250204,1
24EILIUA_R09,20250204,1
24EILIUA_R10,20250204,1
24EILIUA_R11,20250204,1
24EILIUA_R12,20250204,1
24EILIUA_R14,20250204,1
24EILIUA_0107,20250205,1
24EILIUA_9911,20250205,1
24EILIUA_R01,20250205,1
24EILIUA_R02,20250205,1
24EILIUA_R03,20250205,1
24EILIUA_R04,20250205,1
24EILIUA_R05,20250205,1
24EILIUA_R06,20250205,1
24EILIUA_R07,20250205,1
24EILIUA_R08,20250205,1
24EILIUA_R09,20250205,1
24EILIUA_R10,20250205,1
24EILIUA_R11,20250205,1
24EILIUA_R12,20250205,1
24EILIUA_R14,20250205,1
24EILIUA_0107,20250206,1
24EILIUA_9911,20250206,1
24EILIUA_R01,20250206,1
24EILIUA_R02,20250206,1
24EILIUA_R03,20250206,1
24EILIUA_R04,20250206,1
24EILIUA_R05,20250206,1
24EILIUA_R06,20250206,1
24EILIUA_R07,20250206,1
24EILIUA_R08,20250206,1
24EILIUA_R09,20250206,1
24EILIUA_R10,20250206,1
24EILIUA_R11,20250206,1
24EILIUA_R12,20250206,1
24EILIUA_R14,20250206,1
24EILIUA_0107,20250207,1
24EILIUA_9911,20250207,1
24EILIUA_R01,20250207,1
24EILIUA_R02,20250207,1
24EILIUA_R03,20250207,1
24EILIUA_R04,20250207,1
24EILIUA_R05,20250207,1
24EILIUA_R06,20250207,1
24EILIUA_R07,20250207,1
24EILIUA_R08,20250207,1
24EILIUA_R09,20250207,1
24EILIUA_R10,20250207,1
24EILIUA_R11,20250207,1
24EILIUA_R12,20250207,1
24EILIUA_R14,20250207,1
24EILIUA_0107,20250210,1
24EILIUA_9911,20250210,1
24EILIUA_R01,20250210,1
24EILIUA_R02,20250210,1
24EILIUA_R03,20250210,1
24EILIUA_R04,20250210,1
24EILIUA_R05,20250210,1
24EILIUA_R06,20250210,1
24EILIUA_R07,20250210,1
24EILIUA_R08,20250210,1
24EILIUA_R09,20250210,1
24EILIUA_R10,20250210,1
24EILIUA_R11,20250210,1
24EILIUA_R12,20250210,1
24EILIUA_R14,20250210,1
24EILIUA_0107,20250211,1
24EILIUA_9911,20250211,1
24EILIUA_R01,20250211,1
24EILIUA_R02,20250211,1
24EILIUA_R03,20250211,1
24EILIUA_R04,20250211,1
24EILIUA_R05,20250211,1
24EILIUA_R06,20250211,1
24EILIUA_R07,20250211,1
24EILIUA_R08,20250211,1
24EILIUA_R09,20250211,1
24EILIUA_R10,20250211,1
24EILIUA_R11,20250211,1
24EILIUA_R12,20250211,1
24EILIUA_R14,20250211,1
24EILIUA_0107,20250212,1
24EILIUA_9911,20250212,1
24EILIUA_R01,20250212,1
24EILIUA_R02,20250212,1
24EILIUA_R03,20250212,1
24EILIUA_R04,20250212,1
24EILIUA_R05,20250212,1
24EILIUA_R06,20250212,1
24EILIUA_R07,20250212,1
24EILIUA_R08,20250212,1
24EILIUA_R09,20250212,1
24EILIUA_R10,20250212,1
24EILIUA_R11,20250212,1
24EILIUA_R12,20250212,1
24EILIUA_R14,20250212,1
24EILIUA_0107,20250213,1
24EILIUA_9911,20250213,1
24EILIUA_R01,20250213,1
24EILIUA_R02,20250213,1
24EILIUA_R03,20250213,1
24EILIUA_R04,20250213,1
24EILIUA_R05,20250213,1
24EILIUA_R06,20250213,1
24EILIUA_R07,20250213,1
24EILIUA_R08,20250213,1
24EILIUA_R09,20250213,1
24EILIUA_R10,20250213,1
24EILIUA_R11,20250213,1
24EILIUA_R12,20250213,1
24EILIUA_R14,20250213,1
24EILIUA_0107,20250214,1
24EILIUA_9911,20250214,1
24EILIUA_R01,20250214,1
24EILIUA_R02,20250214,1
24EILIUA_R03,20250214,1
24EILIUA_R04,20250214,1
24EILIUA_R05,20250214,1
24EILIUA_R06,20250214,1
24EILIUA_R07,20250214,1
24EILIUA_R08,20250214,1
24EILIUA_R09,20250214,1
24EILIUA_R10,20250214,1
24EILIUA_R11,20250214,1
24EILIUA_R12,20250214,1
24EILIUA_R14,20250214,1
24EILIUA_0107,20250217,1
24EILIUA_9911,20250217,1
24EILIUA_R01,20250217,1
24EILIUA_R02,20250217,1
24EILIUA_R03,20250217,1
24EILIUA_R04,20250217,1
24EILIUA_R05,20250217,1
24EILIUA_R06,20250217,1
24EILIUA_R07,20250217,1
24EILIUA_R08,20250217,1
24EILIUA_R09,20250217,1
24EILIUA_R10,20250217,1
24EILIUA_R11,20250217,1
24EILIUA_R12,20250217,1
24EILIUA_R14,20250217,1
24EILIUA_0107,20250218,1
24EILIUA_9911,20250218,1
24EILIUA_R01,20250218,1
24EILIUA_R02,20250218,1
24EILIUA_R03,20250218,1
24EILIUA_R04,20250218,1
24EILIUA_R05,20250218,1
24EILIUA_R06,20250218,1
24EILIUA_R07,20250218,1
24EILIUA_R08,20250218,1
24EILIUA_R09,20250218,1
24EILIUA_R10,20250218,1
24EILIUA_R11,20250218,1
24EILIUA_R12,20250218,1
24EILIUA_R14,20250218,1
24EILIUA_0107,20250219,1
24EILIUA_9911,20250219,1
24EILIUA_R01,20250219,1
24EILIUA_R02,20250219,1
24EILIUA_R03,20250219,1
24EILIUA_R04,20250219,1
24EILIUA_R05,20250219,1
24EILIUA_R06,20250219,1
24EILIUA_R07,20250219,1
24EILIUA_R08,20250219,1
24EILIUA_R09,20250219,1
24EILIUA_R10,20250219,1
24EILIUA_R11,20250219,1
24EILIUA_R12,20250219,1
24EILIUA_R14,20250219,1
24EILIUA_0107,20250220,1
24EILIUA_9911,20250220,1
24EILIUA_R01,20250220,1
24EILIUA_R02,20250220,1
24EILIUA_R03,20250220,1
24EILIUA_R04,20250220,1
24EILIUA_R05,20250220,1
24EILIUA_R06,20250220,1
24EILIUA_R07,20250220,1
24EILIUA_R08,20250220,1
24EILIUA_R09,20250220,1
24EILIUA_R10,20250220,1
24EILIUA_R11,20250220,1
24EILIUA_R12,20250220,1
24EILIUA_R14,20250220,1
24EILIUA_0107,20250221,1
24EILIUA_9911,20250221,1
24EILIUA_R01,20250221,1
24EILIUA_R02,20250221,1
24EILIUA_R03,20250221,1
24EILIUA_R04,20250221,1
24EILIUA_R05,20250221,1
24EILIUA_R06,20250221,1
24EILIUA_R07,20250221,1
24EILIUA_R08,20250221,1
24EILIUA_R09,20250221,1
24EILIUA_R10,20250221,1
24EILIUA_R11,20250221,1
24EILIUA_R12,20250221,1
24EILIUA_R14,20250221,1
24EILIUA_0107,20250303,1
24EILIUA_9911,20250303,1
24EILIUA_R01,20250303,1
24EILIUA_R02,20250303,1
24EILIUA_R03,20250303,1
24EILIUA_R04,20250303,1
24EILIUA_R05,20250303,1
24EILIUA_R06,20250303,1
24EILIUA_R07,20250303,1
24EILIUA_R08,20250303,1
24EILIUA_R09,20250303,1
24EILIUA_R10,20250303,1
24EILIUA_R11,20250303,1
24EILIUA_R12,20250303,1
24EILIUA_R14,20250303,1
24EILIUA_0107,20250304,1
24EILIUA_9911,20250304,1
24EILIUA_R01,20250304,1
24EILIUA_R02,20250304,1
24EILIUA_R03,20250304,1
24EILIUA_R04,20250304,1
24EILIUA_R05,20250304,1
24EILIUA_R06,20250304,1
24EILIUA_R07,20250304,1
24EILIUA_R08,20250304,1
24EILIUA_R09,20250304,1
24EILIUA_R10,20250304,1
24EILIUA_R11,20250304,1
24EILIUA_R12,20250304,1
24EILIUA_R14,20250304,1
24EILIUA_0107,20250305,1
24EILIUA_9911,20250305,1
24EILIUA_R01,20250305,1
24EILIUA_R02,20250305,1
24EILIUA_R03,20250305,1
24EILIUA_R04,20250305,1
24EILIUA_R05,20250305,1
24EILIUA_R06,20250305,1
24EILIUA_R07,20250305,1
24EILIUA_R08,20250305,1
24EILIUA_R09,20250305,1
24EILIUA_R10,20250305,1
24EILIUA_R11,20250305,1
24EILIUA_R12,20250305,1
24EILIUA_R14,20250305,1
24EILIUA_0107,20250306,1
24EILIUA_9911,20250306,1
24EILIUA_R01,20250306,1
24EILIUA_R02,20250306,1
24EILIUA_R03,20250306,1
24EILIUA_R04,20250306,1
24EILIUA_R05,20250306,1
24EILIUA_R06,20250306,1
24EILIUA_R07,20250306,1
24EILIUA_R08,20250306,1
24EILIUA_R09,20250306,1
24EILIUA_R10,20250306,1
24EILIUA_R11,20250306,1
24EILIUA_R12,20250306,1
24EILIUA_R14,20250306,1
24EILIUA_0107,20250307,1
24EILIUA_9911,20250307,1
24EILIUA_R01,20250307,1
24EILIUA_R02,20250307,1
24EILIUA_R03,20250307,1
24EILIUA_R04,20250307,1
24EILIUA_R05,20250307,1
24EILIUA_R06,20250307,1
24EILIUA_R07,20250307,1
24EILIUA_R08,20250307,1
24EILIUA_R09,20250307,1
24EILIUA_R10,20250307,1
24EILIUA_R11,20250307,1
24EILIUA_R12,20250307,1
24EILIUA_R14,20250307,1
24EILIUA_0107,20250310,1
24EILIUA_9911,20250310,1
24EILIUA_R01,20250310,1
24EILIUA_R02,20250310,1
24EILIUA_R03,20250310,1
24EILIUA_R04,20250310,1
24EILIUA_R05,20250310,1
24EILIUA_R06,20250310,1
24EILIUA_R07,20250310,1
24EILIUA_R08,20250310,1
24EILIUA_R09,20250310,1
24EILIUA_R10,20250310,1
24EILIUA_R11,20250310,1
24EILIUA_R12,20250310,1
24EILIUA_R14,20250310,1
24EILIUA_0107,20250311,1
24EILIUA_9911,20250311,1
24EILIUA_R01,20250311,1
24EILIUA_R02,20250311,1
24EILIUA_R03,20250311,1
24EILIUA_R04,20250311,1
24EILIUA_R05,20250311,1
24EILIUA_R06,20250311,1
24EILIUA_R07,20250311,1
24EILIUA_R08,20250311,1
24EILIUA_R09,20250311,1
24EILIUA_R10,20250311,1
24EILIUA_R11,20250311,1
24EILIUA_R12,20250311,1
24EILIUA_R14,20250311,1
24EILIUA_0107,20250312,1
24EILIUA_9911,20250312,1
24EILIUA_R01,20250312,1
24EILIUA_R02,20250312,1
24EILIUA_R03,20250312,1
24EILIUA_R04,20250312,1
24EILIUA_R05,20250312,1
24EILIUA_R06,20250312,1
24EILIUA_R07,20250312,1
24EILIUA_R08,20250312,1
24EILIUA_R09,20250312,1
24EILIUA_R10,20250312,1
24EILIUA_R11,20250312,1
24EILIUA_R12,20250312,1
24EILIUA_R14,20250312,1
24EILIUA_0107,20250313,1
24EILIUA_9911,20250313,1
24EILIUA_R01,20250313,1
24EILIUA_R02,20250313,1
24EILIUA_R03,20250313,1
24EILIUA_R04,20250313,1
24EILIUA_R05,20250313,1
24EILIUA_R06,20250313,1
24EILIUA_R07,20250313,1
24EILIUA_R08,20250313,1
24EILIUA_R09,20250313,1
24EILIUA_R10,20250313,1
24EILIUA_R11,20250313,1
24EILIUA_R12,20250313,1
24EILIUA_R14,20250313,1
24EILIUA_0107,20250314,1
24EILIUA_9911,20250314,1
24EILIUA_R01,20250314,1
24EILIUA_R02,20250314,1
24EILIUA_R03,20250314,1
24EILIUA_R04,20250314,1
24EILIUA_R05,20250314,1
24EILIUA_R06,20250314,1
24EILIUA_R07,20250314,1
24EILIUA_R08,20250314,1
24EILIUA_R09,20250314,1
24EILIUA_R10,20250314,1
24EILIUA_R11,20250314,1
24EILIUA_R12,20250314,1
24EILIUA_R14,20250314,1
24EILIUA_0107,20250317,1
24EILIUA_9911,20250317,1
24EILIUA_R01,20250317,1
24EILIUA_R02,20250317,1
24EILIUA_R03,20250317,1
24EILIUA_R04,20250317,1
24EILIUA_R05,20250317,1
24EILIUA_R06,20250317,1
24EILIUA_R07,20250317,1
24EILIUA_R08,20250317,1
24EILIUA_R09,20250317,1
24EILIUA_R10,20250317,1
24EILIUA_R11,20250317,1
24EILIUA_R12,20250317,1
24EILIUA_R14,20250317,1
24EILIUA_0107,20250318,1
24EILIUA_9911,20250318,1
24EILIUA_R01,20250318,1
24EILIUA_R02,20250318,1
24EILIUA_R03,20250318,1
24EILIUA_R04,20250318,1
24EILIUA_R05,20250318,1
24EILIUA_R06,20250318,1
24EILIUA_R07,20250318,1
24EILIUA_R08,20250318,1
24EILIUA_R09,20250318,1
24EILIUA_R10,20250318,1
24EILIUA_R11,20250318,1
24EILIUA_R12,20250318,1
24EILIUA_R14,20250318,1
24EILIUA_0107,20250319,1
24EILIUA_9911,20250319,1
24EILIUA_R01,20250319,1
24EILIUA_R02,20250319,1
24EILIUA_R03,20250319,1
24EILIUA_R04,20250319,1
24EILIUA_R05,20250319,1
24EILIUA_R06,20250319,1
24EILIUA_R07,20250319,1
24EILIUA_R08,20250319,1
24EILIUA_R09,20250319,1
24EILIUA_R10,20250319,1
24EILIUA_R11,20250319,1
24EILIUA_R12,20250319,1
24EILIUA_R14,20250319,1
24EILIUA_0107,20250320,1
24EILIUA_9911,20250320,1
24EILIUA_R01,20250320,1
24EILIUA_R02,20250320,1
24EILIUA_R03,20250320,1
24EILIUA_R04,20250320,1
24EILIUA_R05,20250320,1
24EILIUA_R06,20250320,1
24EILIUA_R07,20250320,1
24EILIUA_R08,20250320,1
24EILIUA_R09,20250320,1
24EILIUA_R10,20250320,1
24EILIUA_R11,20250320,1
24EILIUA_R12,20250320,1
24EILIUA_R14,20250320,1
24EILIUA_0107,20250321,1
24EILIUA_9911,20250321,1
24EILIUA_R01,20250321,1
24EILIUA_R02,20250321,1
24EILIUA_R03,20250321,1
24EILIUA_R04,20250321,1
24EILIUA_R05,20250321,1
24EILIUA_R06,20250321,1
24EILIUA_R07,20250321,1
24EILIUA_R08,20250321,1
24EILIUA_R09,20250321,1
24EILIUA_R10,20250321,1
24EILIUA_R11,20250321,1
24EILIUA_R12,20250321,1
24EILIUA_R14,20250321,1
24EILIUA_0107,20250324,1
24EILIUA_9911,20250324,1
24EILIUA_R01,20250324,1
24EILIUA_R02,20250324,1
24EILIUA_R03,20250324,1
24EILIUA_R04,20250324,1
24EILIUA_R05,20250324,1
24EILIUA_R06,20250324,1
24EILIUA_R07,20250324,1
24EILIUA_R08,20250324,1
24EILIUA_R09,20250324,1
24EILIUA_R10,20250324,1
24EILIUA_R11,20250324,1
24EILIUA_R12,20250324,1
24EILIUA_R14,20250324,1
24EILIUA_0107,20250325,1
24EILIUA_9911,20250325,1
24EILIUA_R01,20250325,1
24EILIUA_R02,20250325,1
24EILIUA_R03,20250325,1
24EILIUA_R04,20250325,1
24EILIUA_R05,20250325,1
24EILIUA_R06,20250325,1
24EILIUA_R07,20250325,1
24EILIUA_R08,20250325,1
24EILIUA_R09,20250325,1
24EILIUA_R10,20250325,1
24EILIUA_R11,20250325,1
24EILIUA_R12,20250325,1
24EILIUA_R14,20250325,1
24EILIUA_0107,20250326,1
24EILIUA_9911,20250326,1
24EILIUA_R01,20250326,1
24EILIUA_R02,20250326,1
24EILIUA_R03,20250326,1
24EILIUA_R04,20250326,1
24EILIUA_R05,20250326,1
24EILIUA_R06,20250326,1
24EILIUA_R07,20250326,1
24EILIUA_R08,20250326,1
24EILIUA_R09,20250326,1
24EILIUA_R10,20250326,1
24EILIUA_R11,20250326,1
24EILIUA_R12,20250326,1
24EILIUA_R14,20250326,1
24EILIUA_0107,20250327,1
24EILIUA_9911,20250327,1
24EILIUA_R01,20250327,1
24EILIUA_R02,20250327,1
24EILIUA_R03,20250327,1
24EILIUA_R04,20250327,1
24EILIUA_R05,20250327,1
24EILIUA_R06,20250327,1
24EILIUA_R07,20250327,1
24EILIUA_R08,20250327,1
24EILIUA_R09,20250327,1
24EILIUA_R10,20250327,1
24EILIUA_R11,20250327,1
24EILIUA_R12,20250327,1
24EILIUA_R14,20250327,1
24EILIUA_0107,20250328,1
24EILIUA_9911,20250328,1
24EILIUA_R01,20250328,1
24EILIUA_R02,20250328,1
24EILIUA_R03,20250328,1
24EILIUA_R04,20250328,1
24EILIUA_R05,20250328,1
24EILIUA_R06,20250328,1
24EILIUA_R07,20250328,1
24EILIUA_R08,20250328,1
24EILIUA_R09,20250328,1
24EILIUA_R10,20250328,1
24EILIUA_R11,20250328,1
24EILIUA_R12,20250328,1
24EILIUA_R14,20250328,1
24EILIUA_0107,20250331,1
24EILIUA_9911,20250331,1
24EILIUA_R01,20250331,1
24EILIUA_R02,20250331,1
24EILIUA_R03,20250331,1
24EILIUA_R04,20250331,1
24EILIUA_R05,20250331,1
24EILIUA_R06,20250331,1
24EILIUA_R07,20250331,1
24EILIUA_R08,20250331,1
24EILIUA_R09,20250331,1
24EILIUA_R10,20250331,1
24EILIUA_R11,20250331,1
24EILIUA_R12,20250331,1
24EILIUA_R14,20250331,1
24EILIUA_0107,20250401,1
24EILIUA_9911,20250401,1
24EILIUA_R01,20250401,1
24EILIUA_R02,20250401,1
24EILIUA_R03,20250401,1
24EILIUA_R04,20250401,1
24EILIUA_R05,20250401,1
24EILIUA_R06,20250401,1
24EILIUA_R07,20250401,1
24EILIUA_R08,20250401,1
24EILIUA_R09,20250401,1
24EILIUA_R10,20250401,1
24EILIUA_R11,20250401,1
24EILIUA_R12,20250401,1
24EILIUA_R14,20250401,1
24EILIUA_0107,20250402,1
24EILIUA_9911,20250402,1
24EILIUA_R01,20250402,1
24EILIUA_R02,20250402,1
24EILIUA_R03,20250402,1
24EILIUA_R04,20250402,1
24EILIUA_R05,20250402,1
24EILIUA_R06,20250402,1
24EILIUA_R07,20250402,1
24EILIUA_R08,20250402,1
24EILIUA_R09,20250402,1
24EILIUA_R10,20250402,1
24EILIUA_R11,20250402,1
24EILIUA_R12,20250402,1
24EILIUA_R14,20250402,1
24EILIUA_0107,20250403,1
24EILIUA_9911,20250403,1
24EILIUA_R01,20250403,1
24EILIUA_R02,20250403,1
24EILIUA_R03,20250403,1
24EILIUA_R04,20250403,1
24EILIUA_R05,20250403,1
24EILIUA_R06,20250403,1
24EILIUA_R07,20250403,1
24EILIUA_R08,20250403,1
24EILIUA_R09,20250403,1
24EILIUA_R10,20250403,1
24EILIUA_R11,20250403,1
24EILIUA_R12,20250403,1
24EILIUA_R14,20250403,1
24EILIUA_0107,20250404,1
24EILIUA_9911,20250404,1
24EILIUA_R01,20250404,1
24EILIUA_R02,20250404,1
24EILIUA_R03,20250404,1
24EILIUA_R04,20250404,1
24EILIUA_R05,20250404,1
24EILIUA_R06,20250404,1
24EILIUA_R07,20250404,1
24EILIUA_R08,20250404,1
24EILIUA_R09,20250404,1
24EILIUA_R10,20250404,1
24EILIUA_R11,20250404,1
24EILIUA_R12,20250404,1
24EILIUA_R14,20250404,1
24EILIUA_0107,20250407,1
24EILIUA_9911,20250407,1
24EILIUA_R01,20250407,1
24EILIUA_R02,20250407,1
24EILIUA_R03,20250407,1
24EILIUA_R04,20250407,1
24EILIUA_R05,20250407,1
24EILIUA_R06,20250407,1
24EILIUA_R07,20250407,1
24EILIUA_R08,20250407,1
24EILIUA_R09,20250407,1
24EILIUA_R10,20250407,1
24EILIUA_R11,20250407,1
24EILIUA_R12,20250407,1
24EILIUA_R14,20250407,1
24EILIUA_0107,20250408,1
24EILIUA_9911,20250408,1
24EILIUA_R01,20250408,1
24EILIUA_R02,20250408,1
24EILIUA_R03,20250408,1
24EILIUA_R04,20250408,1
24EILIUA_R05,20250408,1
24EILIUA_R06,20250408,1
24EILIUA_R07,20250408,1
24EILIUA_R08,20250408,1
24EILIUA_R09,20250408,1
24EILIUA_R10,20250408,1
24EILIUA_R11,20250408,1
24EILIUA_R12,20250408,1
24EILIUA_R14,20250408,1
24EILIUA_0107,20250409,1
24EILIUA_9911,20250409,1
24EILIUA_R01,20250409,1
24EILIUA_R02,20250409,1
24EILIUA_R03,20250409,1
24EILIUA_R04,20250409,1
24EILIUA_R05,20250409,1
24EILIUA_R06,20250409,1
24EILIUA_R07,20250409,1
24EILIUA_R08,20250409,1
24EILIUA_R09,20250409,1
24EILIUA_R10,20250409,1
24EILIUA_R11,20250409,1
24EILIUA_R12,20250409,1
24EILIUA_R14,20250409,1
24EILIUA_0107,20250410,1
24EILIUA_9911,20250410,1
24EILIUA_R01,20250410,1
24EILIUA_R02,20250410,1
24EILIUA_R03,20250410,1
24EILIUA_R04,20250410,1
24EILIUA_R05,20250410,1
24EILIUA_R06,20250410,1
24EILIUA_R07,20250410,1
24EILIUA_R08,20250410,1
24EILIUA_R09,20250410,1
24EILIUA_R10,20250410,1
24EILIUA_R11,20250410,1
24EILIUA_R12,20250410,1
24EILIUA_R14,20250410,1
24EILIUA_0107,20250411,1
24EILIUA_9911,20250411,1
24EILIUA_R01,20250411,1
24EILIUA_R02,20250411,1
24EILIUA_R03,20250411,1
24EILIUA_R04,20250411,1
24EILIUA_R05,20250411,1
24EILIUA_R06,20250411,1
24EILIUA_R07,20250411,1
24EILIUA_R08,20250411,1
24EILIUA_R09,20250411,1
24EILIUA_R10,20250411,1
24EILIUA_R11,20250411,1
24EILIUA_R12,20250411,1
24EILIUA_R14,20250411,1
24EILIUA_0107,20250414,1
24EILIUA_9911,20250414,1
24EILIUA_R01,20250414,1
24EILIUA_R02,20250414,1
24EILIUA_R03,20250414,1
24EILIUA_R04,20250414,1
24EILIUA_R05,20250414,1
24EILIUA_R06,20250414,1
24EILIUA_R07,20250414,1
24EILIUA_R08,20250414,1
24EILIUA_R09,20250414,1
24EILIUA_R10,20250414,1
24EILIUA_R11,20250414,1
24EILIUA_R12,20250414,1
24EILIUA_R14,20250414,1
24EILIUA_0107,20250415,1
24EILIUA_9911,20250415,1
24EILIUA_R01,20250415,1
24EILIUA_R02,20250415,1
24EILIUA_R03,20250415,1
24EILIUA_R04,20250415,1
24EILIUA_R05,20250415,1
24EILIUA_R06,20250415,1
24EILIUA_R07,20250415,1
24EILIUA_R08,20250415,1
24EILIUA_R09,20250415,1
24EILIUA_R10,20250415,1
24EILIUA_R11,20250415,1
24EILIUA_R12,20250415,1
24EILIUA_R14,20250415,1
24EILIUA_0107,20250416,1
24EILIUA_9911,20250416,1
24EILIUA_R01,20250416,1
24EILIUA_R02,20250416,1
24EILIUA_R03,20250416,1
24EILIUA_R04,20250416,1
24EILIUA_R05,20250416,1
24EILIUA_R06,20250416,1
24EILIUA_R07,20250416,1
24EILIUA_R08,20250416,1
24EILIUA_R09,20250416,1
24EILIUA_R10,20250416,1
24EILIUA_R11,20250416,1
24EILIUA_R12,20250416,1
24EILIUA_R14,20250416,1
24EILIUA_0107,20250428,1
24EILIUA_9911,20250428,1
24EILIUA_R01,20250428,1
24EILIUA_R02,20250428,1
24EILIUA_R03,20250428,1
24EILIUA_R04,20250428,1
24EILIUA_R05,20250428,1
24EILIUA_R06,20250428,1
24EILIUA_R07,20250428,1
24EILIUA_R08,20250428,1
24EILIUA_R09,20250428,1
24EILIUA_R10,20250428,1
24EILIUA_R11,20250428,1
24EILIUA_R12,20250428,1
24EILIUA_R14,20250428,1
24EILIUA_0107,20250429,1
24EILIUA_9911,20250429,1
24EILIUA_R01,20250429,1
24EILIUA_R02,20250429,1
24EILIUA_R03,20250429,1
24EILIUA_R04,20250429,1
24EILIUA_R05,20250429,1
24EILIUA_R06,20250429,1
24EILIUA_R07,20250429,1
24EILIUA_R08,20250429,1
24EILIUA_R09,20250429,1
24EILIUA_R10,20250429,1
24EILIUA_R11,20250429,1
24EILIUA_R12,20250429,1
24EILIUA_R14,20250429,1
24EILIUA_0107,20250430,1
24EILIUA_9911,20250430,1
24EILIUA_R01,20250430,1
24EILIUA_R02,20250430,1
24EILIUA_R03,20250430,1
24EILIUA_R04,20250430,1
24EILIUA_R05,20250430,1
24EILIUA_R06,20250430,1
24EILIUA_R07,20250430,1
24EILIUA_R08,20250430,1
24EILIUA_R09,20250430,1
24EILIUA_R10,20250430,1
24EILIUA_R11,20250430,1
24EILIUA_R12,20250430,1
24EILIUA_R14,20250430,1
24EILIUA_0107,20250502,1
24EILIUA_9911,20250502,1
24EILIUA_R01,20250502,1
24EILIUA_R02,20250502,1
24EILIUA_R03,20250502,1
24EILIUA_R04,20250502,1
24EILIUA_R05,20250502,1
24EILIUA_R06,20250502,1
24EILIUA_R07,20250502,1
24EILIUA_R08,20250502,1
24EILIUA_R09,20250502,1
24EILIUA_R10,20250502,1
24EILIUA_R11,20250502,1
24EILIUA_R12,20250502,1
24EILIUA_R14,20250502,1
24EILIUA_0107,20250505,1
24EILIUA_9911,20250505,1
24EILIUA_R01,20250505,1
24EILIUA_R02,20250505,1
24EILIUA_R03,20250505,1
24EILIUA_R04,20250505,1
24EILIUA_R05,20250505,1
24EILIUA_R06,20250505,1
24EILIUA_R07,20250505,1
24EILIUA_R08,20250505,1
24EILIUA_R09,20250505,1
24EILIUA_R10,20250505,1
24EILIUA_R11,20250505,1
24EILIUA_R12,20250505,1
24EILIUA_R14,20250505,1
24EILIUA_0107,20250506,1
24EILIUA_9911,20250506,1
24EILIUA_R01,20250506,1
24EILIUA_R02,20250506,1
24EILIUA_R03,20250506,1
24EILIUA_R04,20250506,1
24EILIUA_R05,20250506,1
24EILIUA_R06,20250506,1
24EILIUA_R07,20250506,1
24EILIUA_R08,20250506,1
24EILIUA_R09,20250506,1
24EILIUA_R10,20250506,1
24EILIUA_R11,20250506,1
24EILIUA_R12,20250506,1
24EILIUA_R14,20250506,1
24EILIUA_0107,20250507,1
24EILIUA_9911,20250507,1
24EILIUA_R01,20250507,1
24EILIUA_R02,20250507,1
24EILIUA_R03,20250507,1
24EILIUA_R04,20250507,1
24EILIUA_R05,20250507,1
24EILIUA_R06,20250507,1
24EILIUA_R07,20250507,1
24EILIUA_R08,20250507,1
24EILIUA_R09,20250507,1
24EILIUA_R10,20250507,1
24EILIUA_R11,20250507,1
24EILIUA_R12,20250507,1
24EILIUA_R14,20250507,1
24EILIUA_0107,20250508,1
24EILIUA_9911,20250508,1
24EILIUA_R01,20250508,1
24EILIUA_R02,20250508,1
24EILIUA_R03,20250508,1
24EILIUA_R04,20250508,1
24EILIUA_R05,20250508,1
24EILIUA_R06,20250508,1
24EILIUA_R07,20250508,1
24EILIUA_R08,20250508,1
24EILIUA_R09,20250508,1
24EILIUA_R10,20250508,1
24EILIUA_R11,20250508,1
24EILIUA_R12,20250508,1
24EILIUA_R14,20250508,1
24EILIUA_0107,20250509,1
24EILIUA_9911,20250509,1
24EILIUA_R01,20250509,1
24EILIUA_R02,20250509,1
24EILIUA_R03,20250509,1
24EILIUA_R04,20250509,1
24EILIUA_R05,20250509,1
24EILIUA_R06,20250509,1
24EILIUA_R07,20250509,1
24EILIUA_R08,20250509,1
24EILIUA_R09,20250509,1
24EILIUA_R10,20250509,1
24EILIUA_R11,20250509,1
24EILIUA_R12,20250509,1
24EILIUA_R14,20250509,1
24EILIUA_0107,20250512,1
24EILIUA_9911,20250512,1
24EILIUA_R01,20250512,1
24EILIUA_R02,20250512,1
24EILIUA_R03,20250512,1
24EILIUA_R04,20250512,1
24EILIUA_R05,20250512,1
24EILIUA_R06,20250512,1
24EILIUA_R07,20250512,1
24EILIUA_R08,20250512,1
24EILIUA_R09,20250512,1
24EILIUA_R10,20250512,1
24EILIUA_R11,20250512,1
24EILIUA_R12,20250512,1
24EILIUA_R14,20250512,1
24EILIUA_0107,20250513,1
24EILIUA_9911,20250513,1
24EILIUA_R01,20250513,1
24EILIUA_R02,20250513,1
24EILIUA_R03,20250513,1
24EILIUA_R04,20250513,1
24EILIUA_R05,20250513,1
24EILIUA_R06,20250513,1
24EILIUA_R07,20250513,1
24EILIUA_R08,20250513,1
24EILIUA_R09,20250513,1
24EILIUA_R10,20250513,1
24EILIUA_R11,20250513,1
24EILIUA_R12,20250513,1
24EILIUA_R14,20250513,1
24EILIUA_0107,20250514,1
24EILIUA_9911,20250514,1
24EILIUA_R01,20250514,1
24EILIUA_R02,20250514,1
24EILIUA_R03,20250514,1
24EILIUA_R04,20250514,1
24EILIUA_R05,20250514,1
24EILIUA_R06,20250514,1
24EILIUA_R07,20250514,1
24EILIUA_R08,20250514,1
24EILIUA_R09,20250514,1
24EILIUA_R10,20250514,1
24EILIUA_R11,20250514,1
24EILIUA_R12,20250514,1
24EILIUA_R14,20250514,1
24EILIUA_0107,20250515,1
24EILIUA_9911,20250515,1
24EILIUA_R01,20250515,1
24EILIUA_R02,20250515,1
24EILIUA_R03,20250515,1
24EILIUA_R04,20250515,1
24EILIUA_R05,20250515,1
24EILIUA_R06,20250515,1
24EILIUA_R07,20250515,1
24EILIUA_R08,20250515,1
24EILIUA_R09,20250515,1
24EILIUA_R10,20250515,1
24EILIUA_R11,20250515,1
24EILIUA_R12,20250515,1
24EILIUA_R14,20250515,1
24EILIUA_0107,20250516,1
24EILIUA_9911,20250516,1
24EILIUA_R01,20250516,1
24EILIUA_R02,20250516,1
24EILIUA_R03,20250516,1
24EILIUA_R04,20250516,1
24EILIUA_R05,20250516,1
24EILIUA_R06,20250516,1
24EILIUA_R07,20250516,1
24EILIUA_R08,20250516,1
24EILIUA_R09,20250516,1
24EILIUA_R10,20250516,1
24EILIUA_R11,20250516,1
24EILIUA_R12,20250516,1
24EILIUA_R14,20250516,1
24EILIUA_0107,20250519,1
24EILIUA_9911,20250519,1
24EILIUA_R01,20250519,1
24EILIUA_R02,20250519,1
24EILIUA_R03,20250519,1
24EILIUA_R04,20250519,1
24EILIUA_R05,20250519,1
24EILIUA_R06,20250519,1
24EILIUA_R07,20250519,1
24EILIUA_R08,20250519,1
24EILIUA_R09,20250519,1
24EILIUA_R10,20250519,1
24EILIUA_R11,20250519,1
24EILIUA_R12,20250519,1
24EILIUA_R14,20250519,1
24EILIUA_0107,20250520,1
24EILIUA_9911,20250520,1
24EILIUA_R01,20250520,1
24EILIUA_R02,20250520,1
24EILIUA_R03,20250520,1
24EILIUA_R04,20250520,1
24EILIUA_R05,20250520,1
24EILIUA_R06,20250520,1
24EILIUA_R07,20250520,1
24EILIUA_R08,20250520,1
24EILIUA_R09,20250520,1
24EILIUA_R10,20250520,1
24EILIUA_R11,20250520,1
24EILIUA_R12,20250520,1
24EILIUA_R14,20250520,1
24EILIUA_0107,20250521,1
24EILIUA_9911,20250521,1
24EILIUA_R01,20250521,1
24EILIUA_R02,20250521,1
24EILIUA_R03,20250521,1
24EILIUA_R04,20250521,1
24EILIUA_R05,20250521,1
24EILIUA_R06,20250521,1
24EILIUA_R07,20250521,1
24EILIUA_R08,20250521,1
24EILIUA_R09,20250521,1
24EILIUA_R10,20250521,1
24EILIUA_R11,20250521,1
24EILIUA_R12,20250521,1
24EILIUA_R14,20250521,1
24EILIUA_0107,20250522,1
24EILIUA_9911,20250522,1
24EILIUA_R01,20250522,1
24EILIUA_R02,20250522,1
24EILIUA_R03,20250522,1
24EILIUA_R04,20250522,1
24EILIUA_R05,20250522,1
24EILIUA_R06,20250522,1
24EILIUA_R07,20250522,1
24EILIUA_R08,20250522,1
24EILIUA_R09,20250522,1
24EILIUA_R10,20250522,1
24EILIUA_R11,20250522,1
24EILIUA_R12,20250522,1
24EILIUA_R14,20250522,1
24EILIUA_0107,20250523,1
24EILIUA_9911,20250523,1
24EILIUA_R01,20250523,1
24EILIUA_R02,20250523,1
24EILIUA_R03,20250523,1
24EILIUA_R04,20250523,1
24EILIUA_R05,20250523,1
24EILIUA_R06,20250523,1
24EILIUA_R07,20250523,1
24EILIUA_R08,20250523,1
24EILIUA_R09,20250523,1
24EILIUA_R10,20250523,1
24EILIUA_R11,20250523,1
24EILIUA_R12,20250523,1
24EILIUA_R14,20250523,1
24EILIUA_0107,20250526,1
24EILIUA_9911,20250526,1
24EILIUA_R01,20250526,1
24EILIUA_R02,20250526,1
24EILIUA_R03,20250526,1
24EILIUA_R04,20250526,1
24EILIUA_R05,20250526,1
24EILIUA_R06,20250526,1
24EILIUA_R07,20250526,1
24EILIUA_R08,20250526,1
24EILIUA_R09,20250526,1
24EILIUA_R10,20250526,1
24EILIUA_R11,20250526,1
24EILIUA_R12,20250526,1
24EILIUA_R14,20250526,1
24EILIUA_0107,20250527,1
24EILIUA_9911,20250527,1
24EILIUA_R01,20250527,1
24EILIUA_R02,20250527,1
24EILIUA_R03,20250527,1
24EILIUA_R04,20250527,1
24EILIUA_R05,20250527,1
24EILIUA_R06,20250527,1
24EILIUA_R07,20250527,1
24EILIUA_R08,20250527,1
24EILIUA_R09,20250527,1
24EILIUA_R10,20250527,1
24EILIUA_R11,20250527,1
24EILIUA_R12,20250527,1
24EILIUA_R14,20250527,1
24EILIUA_0107,20250528,1
24EILIUA_9911,20250528,1
24EILIUA_R01,20250528,1
24EILIUA_R02,20250528,1
24EILIUA_R03,20250528,1
24EILIUA_R04,20250528,1
24EILIUA_R05,20250528,1
24EILIUA_R06,20250528,1
24EILIUA_R07,20250528,1
24EILIUA_R08,20250528,1
24EILIUA_R09,20250528,1
24EILIUA_R10,20250528,1
24EILIUA_R11,20250528,1
24EILIUA_R12,20250528,1
24EILIUA_R14,20250528,1
24EILIUA_0107,20250529,1
24EILIUA_9911,20250529,1
24EILIUA_R01,20250529,1
24EILIUA_R02,20250529,1
24EILIUA_R03,20250529,1
24EILIUA_R04,20250529,1
24EILIUA_R05,20250529,1
24EILIUA_R06,20250529,1
24EILIUA_R07,20250529,1
24EILIUA_R08,20250529,1
24EILIUA_R09,20250529,1
24EILIUA_R10,20250529,1
24EILIUA_R11,20250529,1
24EILIUA_R12,20250529,1
24EILIUA_R14,20250529,1
24EILIUA_0107,20250530,1
24EILIUA_9911,20250530,1
24EILIUA_R01,20250530,1
24EILIUA_R02,20250530,1
24EILIUA_R03,20250530,1
24EILIUA_R04,20250530,1
24EILIUA_R05,20250530,1
24EILIUA_R06,20250530,1
24EILIUA_R07,20250530,1
24EILIUA_R08,20250530,1
24EILIUA_R09,20250530,1
24EILIUA_R10,20250530,1
24EILIUA_R11,20250530,1
24EILIUA_R12,20250530,1
24EILIUA_R14,20250530,1
24EILIUA_0107,20250602,1
24EILIUA_9911,20250602,1
24EILIUA_R01,20250602,1
24EILIUA_R02,20250602,1
24EILIUA_R03,20250602,1
24EILIUA_R04,20250602,1
24EILIUA_R05,20250602,1
24EILIUA_R06,20250602,1
24EILIUA_R07,20250602,1
24EILIUA_R08,20250602,1
24EILIUA_R09,20250602,1
24EILIUA_R10,20250602,1
24EILIUA_R11,20250602,1
24EILIUA_R12,20250602,1
24EILIUA_R14,20250602,1
24EILIUA_0107,20250603,1
24EILIUA_9911,20250603,1
24EILIUA_R01,20250603,1
24EILIUA_R02,20250603,1
24EILIUA_R03,20250603,1
24EILIUA_R04,20250603,1
24EILIUA_R05,20250603,1
24EILIUA_R06,20250603,1
24EILIUA_R07,20250603,1
24EILIUA_R08,20250603,1
24EILIUA_R09,20250603,1
24EILIUA_R10,20250603,1
24EILIUA_R11,20250603,1
24EILIUA_R12,20250603,1
24EILIUA_R14,20250603,1
24EILIUA_0107,20250604,1
24EILIUA_9911,20250604,1
24EILIUA_R01,20250604,1
24EILIUA_R02,20250604,1
24EILIUA_R03,20250604,1
24EILIUA_R04,20250604,1
24EILIUA_R05,20250604,1
24EILIUA_R06,20250604,1
24EILIUA_R07,20250604,1
24EILIUA_R08,20250604,1
24EILIUA_R09,20250604,1
24EILIUA_R10,20250604,1
24EILIUA_R11,20250604,1
24EILIUA_R12,20250604,1
24EILIUA_R14,20250604,1
24EILIUA_0107,20250605,1
24EILIUA_9911,20250605,1
24EILIUA_R01,20250605,1
24EILIUA_R02,20250605,1
24EILIUA_R03,20250605,1
24EILIUA_R04,20250605,1
24EILIUA_R05,20250605,1
24EILIUA_R06,20250605,1
24EILIUA_R07,20250605,1
24EILIUA_R08,20250605,1
24EILIUA_R09,20250605,1
24EILIUA_R10,20250605,1
24EILIUA_R11,20250605,1
24EILIUA_R12,20250605,1
24EILIUA_R14,20250605,1
24EILIUA_0107,20250606,1
24EILIUA_9911,20250606,1
24EILIUA_R01,20250606,1
24EILIUA_R02,20250606,1
24EILIUA_R03,20250606,1
24EILIUA_R04,20250606,1
24EILIUA_R05,20250606,1
24EILIUA_R06,20250606,1
24EILIUA_R07,20250606,1
24EILIUA_R08,20250606,1
24EILIUA_R09,20250606,1
24EILIUA_R10,20250606,1
24EILIUA_R11,20250606,1
24EILIUA_R12,20250606,1
24EILIUA_R14,20250606,1
24EILIUA_0107,20250620,1
24EILIUA_9911,20250620,1
24EILIUA_R01,20250620,1
24EILIUA_R02,20250620,1
24EILIUA_R03,20250620,1
24EILIUA_R04,20250620,1
24EILIUA_R05,20250620,1
24EILIUA_R06,20250620,1
24EILIUA_R07,20250620,1
24EILIUA_R08,20250620,1
24EILIUA_R09,20250620,1
24EILIUA_R10,20250620,1
24EILIUA_R11,20250620,1
24EILIUA_R12,20250620,1
24EILIUA_R14,20250620,1
24EILIUA_0107,20250623,1
24EILIUA_9911,20250623,1
24EILIUA_R01,20250623,1
24EILIUA_R02,20250623,1
24EILIUA_R03,20250623,1
24EILIUA_R04,20250623,1
24EILIUA_R05,20250623,1
24EILIUA_R06,20250623,1
24EILIUA_R07,20250623,1
24EILIUA_R08,20250623,1
24EILIUA_R09,20250623,1
24EILIUA_R10,20250623,1
24EILIUA_R11,20250623,1
24EILIUA_R12,20250623,1
24EILIUA_R14,20250623,1
24EILIUA_0107,20250624,1
24EILIUA_9911,20250624,1
24EILIUA_R01,20250624,1
24EILIUA_R02,20250624,1
24EILIUA_R03,20250624,1
24EILIUA_R04,20250624,1
24EILIUA_R05,20250624,1
24EILIUA_R06,20250624,1
24EILIUA_R07,20250624,1
24EILIUA_R08,20250624,1
24EILIUA_R09,20250624,1
24EILIUA_R10,20250624,1
24EILIUA_R11,20250624,1
24EILIUA_R12,20250624,1
24EILIUA_R14,20250624,1
24EILUA_0107,20240904,1
24EILUA_9911,20240904,1
24EILUA_R01,20240904,1
24EILUA_R02,20240904,1
24EILUA_R03,20240904,1
24EILUA_R04,20240904,1
24EILUA_R05,20240904,1
24EILUA_R06,20240904,1
24EILUA_R07,20240904,1
24EILUA_R08,20240904,1
24EILUA_R09,20240904,1
24EILUA_R10,20240904,1
24EILUA_R11,20240904,1
24EILUA_R12,20240904,1
24EILUA_R14,20240904,1
24EILUA_0107,20240905,1
24EILUA_9911,20240905,1
24EILUA_R01,20240905,1
24EILUA_R02,20240905,1
24EILUA_R03,20240905,1
24EILUA_R04,20240905,1
24EILUA_R05,20240905,1
24EILUA_R06,20240905,1
24EILUA_R07,20240905,1
24EILUA_R08,20240905,1
24EILUA_R09,20240905,1
24EILUA_R10,20240905,1
24EILUA_R11,20240905,1
24EILUA_R12,20240905,1
24EILUA_R14,20240905,1
24EILUA_0107,20240906,1
24EILUA_9911,20240906,1
24EILUA_R01,20240906,1
24EILUA_R02,20240906,1
24EILUA_R03,20240906,1
24EILUA_R04,20240906,1
24EILUA_R05,20240906,1
24EILUA_R06,20240906,1
24EILUA_R07,20240906,1
24EILUA_R08,20240906,1
24EILUA_R09,20240906,1
24EILUA_R10,20240906,1
24EILUA_R11,20240906,1
24EILUA_R12,20240906,1
24EILUA_R14,20240906,1
24EILUA_0107,20240909,1
24EILUA_9911,20240909,1
24EILUA_R01,20240909,1
24EILUA_R02,20240909,1
24EILUA_R03,20240909,1
24EILUA_R04,20240909,1
24EILUA_R05,20240909,1
24EILUA_R06,20240909,1
24EILUA_R07,20240909,1
24EILUA_R08,20240909,1
24EILUA_R09,20240909,1
24EILUA_R10,20240909,1
24EILUA_R11,20240909,1
24EILUA_R12,20240909,1
24EILUA_R14,20240909,1
24EILUA_0107,20241028,1
24EILUA_9911,20241028,1
24EILUA_R01,20241028,1
24EILUA_R02,20241028,1
24EILUA_R03,20241028,1
24EILUA_R04,20241028,1
24EILUA_R05,20241028,1
24EILUA_R06,20241028,1
24EILUA_R07,20241028,1
24EILUA_R08,20241028,1
24EILUA_R09,20241028,1
24EILUA_R10,20241028,1
24EILUA_R11,20241028,1
24EILUA_R12,20241028,1
24EILUA_R14,20241028,1
24EILUA_0107,20241029,1
24EILUA_9911,20241029,1
24EILUA_R01,20241029,1
24EILUA_R02,20241029,1
24EILUA_R03,20241029,1
24EILUA_R04,20241029,1
24EILUA_R05,20241029,1
24EILUA_R06,20241029,1
24EILUA_R07,20241029,1
24EILUA_R08,20241029,1
24EILUA_R09,20241029,1
24EILUA_R10,20241029,1
24EILUA_R11,20241029,1
24EILUA_R12,20241029,1
24EILUA_R14,20241029,1
24EILUA_0107,20241030,1
24EILUA_9911,20241030,1
24EILUA_R01,20241030,1
24EILUA_R02,20241030,1
24EILUA_R03,20241030,1
24EILUA_R04,20241030,1
24EILUA_R05,20241030,1
24EILUA_R06,20241030,1
24EILUA_R07,20241030,1
24EILUA_R08,20241030,1
24EILUA_R09,20241030,1
24EILUA_R10,20241030,1
24EILUA_R11,20241030,1
24EILUA_R12,20241030,1
24EILUA_R14,20241030,1
24EILUA_0107,20241031,1
24EILUA_9911,20241031,1
24EILUA_R01,20241031,1
24EILUA_R02,20241031,1
24EILUA_R03,20241031,1
24EILUA_R04,20241031,1
24EILUA_R05,20241031,1
24EILUA_R06,20241031,1
24EILUA_R07,20241031,1
24EILUA_R08,20241031,1
24EILUA_R09,20241031,1
24EILUA_R10,20241031,1
24EILUA_R11,20241031,1
24EILUA_R12,20241031,1
24EILUA_R14,20241031,1
24EILUA_0107,20250107,1
24EILUA_9911,20250107,1
24EILUA_R01,20250107,1
24EILUA_R02,20250107,1
24EILUA_R03,20250107,1
24EILUA_R04,20250107,1
24EILUA_R05,20250107,1
24EILUA_R06,20250107,1
24EILUA_R07,20250107,1
24EILUA_R08,20250107,1
24EILUA_R09,20250107,1
24EILUA_R10,20250107,1
24EILUA_R11,20250107,1
24EILUA_R12,20250107,1
24EILUA_R14,20250107,1
24EILUA_0107,20250224,1
24EILUA_9911,20250224,1
24EILUA_R01,20250224,1
24EILUA_R02,20250224,1
24EILUA_R03,20250224,1
24EILUA_R04,20250224,1
24EILUA_R05,20250224,1
24EILUA_R06,20250224,1
24EILUA_R07,20250224,1
24EILUA_R08,20250224,1
24EILUA_R09,20250224,1
24EILUA_R10,20250224,1
24EILUA_R11,20250224,1
24EILUA_R12,20250224,1
24EILUA_R14,20250224,1
24EILUA_0107,20250225,1
24EILUA_9911,20250225,1
24EILUA_R01,20250225,1
24EILUA_R02,20250225,1
24EILUA_R03,20250225,1
24EILUA_R04,20250225,1
24EILUA_R05,20250225,1
24EILUA_R06,20250225,1
24EILUA_R07,20250225,1
24EILUA_R08,20250225,1
24EILUA_R09,20250225,1
24EILUA_R10,20250225,1
24EILUA_R11,20250225,1
24EILUA_R12,20250225,1
24EILUA_R14,20250225,1
24EILUA_0107,20250226,1
24EILUA_9911,20250226,1
24EILUA_R01,20250226,1
24EILUA_R02,20250226,1
24EILUA_R03,20250226,1
24EILUA_R04,20250226,1
24EILUA_R05,20250226,1
24EILUA_R06,20250226,1
24EILUA_R07,20250226,1
24EILUA_R08,20250226,1
24EILUA_R09,20250226,1
24EILUA_R10,20250226,1
24EILUA_R11,20250226,1
24EILUA_R12,20250226,1
24EILUA_R14,20250226,1
24EILUA_0107,20250227,1
24EILUA_9911,20250227,1
24EILUA_R01,20250227,1
24EILUA_R02,20250227,1
24EILUA_R03,20250227,1
24EILUA_R04,20250227,1
24EILUA_R05,20250227,1
24EILUA_R06,20250227,1
24EILUA_R07,20250227,1
24EILUA_R08,20250227,1
24EILUA_R09,20250227,1
24EILUA_R10,20250227,1
24EILUA_R11,20250227,1
24EILUA_R12,20250227,1
24EILUA_R14,20250227,1
24EILUA_0107,20250228,1
24EILUA_9911,20250228,1
24EILUA_R01,20250228,1
24EILUA_R02,20250228,1
24EILUA_R03,20250228,1
24EILUA_R04,20250228,1
24EILUA_R05,20250228,1
24EILUA_R06,20250228,1
24EILUA_R07,20250228,1
24EILUA_R08,20250228,1
24EILUA_R09,20250228,1
24EILUA_R10,20250228,1
24EILUA_R11,20250228,1
24EILUA_R12,20250228,1
24EILUA_R14,20250228,1
24EILUA_0107,20250625,1
24EILUA_9911,20250625,1
24EILUA_R01,20250625,1
24EILUA_R02,20250625,1
24EILUA_R03,20250625,1
24EILUA_R04,20250625,1
24EILUA_R05,20250625,1
24EILUA_R06,20250625,1
24EILUA_R07,20250625,1
24EILUA_R08,20250625,1
24EILUA_R09,20250625,1
24EILUA_R10,20250625,1
24EILUA_R11,20250625,1
24EILUA_R12,20250625,1
24EILUA_R14,20250625,1
24EILUA_0107,20250626,1
24EILUA_9911,20250626,1
24EILUA_R01,20250626,1
24EILUA_R02,20250626,1
24EILUA_R03,20250626,1
24EILUA_R04,20250626,1
24EILUA_R05,20250626,1
24EILUA_R06,20250626,1
24EILUA_R07,20250626,1
24EILUA_R08,20250626,1
24EILUA_R09,20250626,1
24EILUA_R10,20250626,1
24EILUA_R11,20250626,1
24EILUA_R12,20250626,1
24EILUA_R14,20250626,1
24EILUA_0107,20250627,1
24EILUA_9911,20250627,1
24EILUA_R01,20250627,1
24EILUA_R02,20250627,1
24EILUA_R03,20250627,1
24EILUA_R04,20250627,1
24EILUA_R05,20250627,1
24EILUA_R06,20250627,1
24EILUA_R07,20250627,1
24EILUA_R08,20250627,1
24EILUA_R09,20250627,1
24EILUA_R10,20250627,1
24EILUA_R11,20250627,1
24EILUA_R12,20250627,1
24EILUA_R14,20250627,1
24EISA_9911,20240907,1
24EISA_R01,20240907,1
24EISA_R02,20240907,1
24EISA_R03,20240907,1
24EISA_R04,20240907,1
24EISA_R05,20240907,1
24EISA_R06,20240907,1
24EISA_R08,20240907,1
24EISA_R10,20240907,1
24EISA_R12,20240907,1
24EISA_9911,20240914,1
24EISA_R01,20240914,1
24EISA_R02,20240914,1
24EISA_R03,20240914,1
24EISA_R04,20240914,1
24EISA_R05,20240914,1
24EISA_R06,20240914,1
24EISA_R08,20240914,1
24EISA_R10,20240914,1
24EISA_R12,20240914,1
24EISA_9911,20240921,1
24EISA_R01,20240921,1
24EISA_R02,20240921,1
24EISA_R03,20240921,1
24EISA_R04,20240921,1
24EISA_R05,20240921,1
24EISA_R06,20240921,1
24EISA_R08,20240921,1
24EISA_R10,20240921,1
24EISA_R12,20240921,1
24EISA_9911,20240928,1
24EISA_R01,20240928,1
24EISA_R02,20240928,1
24EISA_R03,20240928,1
24EISA_R04,20240928,1
24EISA_R05,20240928,1
24EISA_R06,20240928,1
24EISA_R08,20240928,1
24EISA_R10,20240928,1
24EISA_R12,20240928,1
24EISA_9911,20241005,1
24EISA_R01,20241005,1
24EISA_R02,20241005,1
24EISA_R03,20241005,1
24EISA_R04,20241005,1
24EISA_R05,20241005,1
24EISA_R06,20241005,1
24EISA_R08,20241005,1
24EISA_R10,20241005,1
24EISA_R12,20241005,1
24EISA_9911,20241019,1
24EISA_R01,20241019,1
24EISA_R02,20241019,1
24EISA_R03,20241019,1
24EISA_R04,20241019,1
24EISA_R05,20241019,1
24EISA_R06,20241019,1
24EISA_R08,20241019,1
24EISA_R10,20241019,1
24EISA_R12,20241019,1
24EISA_9911,20241026,1
24EISA_R01,20241026,1
24EISA_R02,20241026,1
24EISA_R03,20241026,1
24EISA_R04,20241026,1
24EISA_R05,20241026,1
24EISA_R06,20241026,1
24EISA_R08,20241026,1
24EISA_R10,20241026,1
24EISA_R12,20241026,1
24EISA_9911,20241102,1
24EISA_R01,20241102,1
24EISA_R02,20241102,1
24EISA_R03,20241102,1
24EISA_R04,20241102,1
24EISA_R05,20241102,1
24EISA_R06,20241102,1
24EISA_R08,20241102,1
24EISA_R10,20241102,1
24EISA_R12,20241102,1
24EISA_9911,20241109,1
24EISA_R01,20241109,1
24EISA_R02,20241109,1
24EISA_R03,20241109,1
24EISA_R04,20241109,1
24EISA_R05,20241109,1
24EISA_R06,20241109,1
24EISA_R08,20241109,1
24EISA_R10,20241109,1
24EISA_R12,20241109,1
24EISA_9911,20241116,1
24EISA_R01,20241116,1
24EISA_R02,20241116,1
24EISA_R03,20241116,1
24EISA_R04,20241116,1
24EISA_R05,20241116,1
24EISA_R06,20241116,1
24EISA_R08,20241116,1
24EISA_R10,20241116,1
24EISA_R12,20241116,1
24EISA_9911,20241123,1
24EISA_R01,20241123,1
24EISA_R02,20241123,1
24EISA_R03,20241123,1
24EISA_R04,20241123,1
24EISA_R05,20241123,1
24EISA_R06,20241123,1
24EISA_R08,20241123,1
24EISA_R10,20241123,1
24EISA_R12,20241123,1
24EISA_9911,20241130,1
24EISA_R01,20241130,1
24EISA_R02,20241130,1
24EISA_R03,20241130,1
24EISA_R04,20241130,1
24EISA_R05,20241130,1
24EISA_R06,20241130,1
24EISA_R08,20241130,1
24EISA_R10,20241130,1
24EISA_R12,20241130,1
24EISA_9911,20241207,1
24EISA_R01,20241207,1
24EISA_R02,20241207,1
24EISA_R03,20241207,1
24EISA_R04,20241207,1
24EISA_R05,20241207,1
24EISA_R06,20241207,1
24EISA_R08,20241207,1
24EISA_R10,20241207,1
24EISA_R12,20241207,1
24EISA_9911,20241214,1
24EISA_R01,20241214,1
24EISA_R02,20241214,1
24EISA_R03,20241214,1
24EISA_R04,20241214,1
24EISA_R05,20241214,1
24EISA_R06,20241214,1
24EISA_R08,20241214,1
24EISA_R10,20241214,1
24EISA_R12,20241214,1
24EISA_9911,20241221,1
24EISA_R01,20241221,1
24EISA_R02,20241221,1
24EISA_R03,20241221,1
24EISA_R04,20241221,1
24EISA_R05,20241221,1
24EISA_R06,20241221,1
24EISA_R08,20241221,1
24EISA_R10,20241221,1
24EISA_R12,20241221,1
24EISA_9911,20241228,1
24EISA_R01,20241228,1
24EISA_R02,20241228,1
24EISA_R03,20241228,1
24EISA_R04,20241228,1
24EISA_R05,20241228,1
24EISA_R06,20241228,1
24EISA_R08,20241228,1
24EISA_R10,20241228,1
24EISA_R12,20241228,1
24EISA_9911,20250104,1
24EISA_R01,20250104,1
24EISA_R02,20250104,1
24EISA_R03,20250104,1
24EISA_R04,20250104,1
24EISA_R05,20250104,1
24EISA_R06,20250104,1
24EISA_R08,20250104,1
24EISA_R10,20250104,1
24EISA_R12,20250104,1
24EISA_9911,20250111,1
24EISA_R01,20250111,1
24EISA_R02,20250111,1
24EISA_R03,20250111,1
24EISA_R04,20250111,1
24EISA_R05,20250111,1
24EISA_R06,20250111,1
24EISA_R08,20250111,1
24EISA_R10,20250111,1
24EISA_R12,20250111,1
24EISA_9911,20250118,1
24EISA_R01,20250118,1
24EISA_R02,20250118,1
24EISA_R03,20250118,1
24EISA_R04,20250118,1
24EISA_R05,20250118,1
24EISA_R06,20250118,1
24EISA_R08,20250118,1
24EISA_R10,20250118,1
24EISA_R12,20250118,1
24EISA_9911,20250125,1
24EISA_R01,20250125,1
24EISA_R02,20250125,1
24EISA_R03,20250125,1
24EISA_R04,20250125,1
24EISA_R05,20250125,1
24EISA_R06,20250125,1
24EISA_R08,20250125,1
24EISA_R10,20250125,1
24EISA_R12,20250125,1
24EISA_9911,20250201,1
24EISA_R01,20250201,1
24EISA_R02,20250201,1
24EISA_R03,20250201,1
24EISA_R04,20250201,1
24EISA_R05,20250201,1
24EISA_R06,20250201,1
24EISA_R08,20250201,1
24EISA_R10,20250201,1
24EISA_R12,20250201,1
24EISA_9911,20250208,1
24EISA_R01,20250208,1
24EISA_R02,20250208,1
24EISA_R03,20250208,1
24EISA_R04,20250208,1
24EISA_R05,20250208,1
24EISA_R06,20250208,1
24EISA_R08,20250208,1
24EISA_R10,20250208,1
24EISA_R12,20250208,1
24EISA_9911,20250215,1
24EISA_R01,20250215,1
24EISA_R02,20250215,1
24EISA_R03,20250215,1
24EISA_R04,20250215,1
24EISA_R05,20250215,1
24EISA_R06,20250215,1
24EISA_R08,20250215,1
24EISA_R10,20250215,1
24EISA_R12,20250215,1
24EISA_9911,20250222,1
24EISA_R01,20250222,1
24EISA_R02,20250222,1
24EISA_R03,20250222,1
24EISA_R04,20250222,1
24EISA_R05,20250222,1
24EISA_R06,20250222,1
24EISA_R08,20250222,1
24EISA_R10,20250222,1
24EISA_R12,20250222,1
24EISA_9911,20250301,1
24EISA_R01,20250301,1
24EISA_R02,20250301,1
24EISA_R03,20250301,1
24EISA_R04,20250301,1
24EISA_R05,20250301,1
24EISA_R06,20250301,1
24EISA_R08,20250301,1
24EISA_R10,20250301,1
24EISA_R12,20250301,1
24EISA_9911,20250308,1
24EISA_R01,20250308,1
24EISA_R02,20250308,1
24EISA_R03,20250308,1
24EISA_R04,20250308,1
24EISA_R05,20250308,1
24EISA_R06,20250308,1
24EISA_R08,20250308,1
24EISA_R10,20250308,1
24EISA_R12,20250308,1
24EISA_9911,20250315,1
24EISA_R01,20250315,1
24EISA_R02,20250315,1
24EISA_R03,20250315,1
24EISA_R04,20250315,1
24EISA_R05,20250315,1
24EISA_R06,20250315,1
24EISA_R08,20250315,1
24EISA_R10,20250315,1
24EISA_R12,20250315,1
24EISA_9911,20250322,1
24EISA_R01,20250322,1
24EISA_R02,20250322,1
24EISA_R03,20250322,1
24EISA_R04,20250322,1
24EISA_R05,20250322,1
24EISA_R06,20250322,1
24EISA_R08,20250322,1
24EISA_R10,20250322,1
24EISA_R12,20250322,1
24EISA_9911,20250329,1
24EISA_R01,20250329,1
24EISA_R02,20250329,1
24EISA_R03,20250329,1
24EISA_R04,20250329,1
24EISA_R05,20250329,1
24EISA_R06,20250329,1
24EISA_R08,20250329,1
24EISA_R10,20250329,1
24EISA_R12,20250329,1
24EISA_9911,20250405,1
24EISA_R01,20250405,1
24EISA_R02,20250405,1
24EISA_R03,20250405,1
24EISA_R04,20250405,1
24EISA_R05,20250405,1
24EISA_R06,20250405,1
24EISA_R08,20250405,1
24EISA_R10,20250405,1
24EISA_R12,20250405,1
24EISA_9911,20250412,1
24EISA_R01,20250412,1
24EISA_R02,20250412,1
24EISA_R03,20250412,1
24EISA_R04,20250412,1
24EISA_R05,20250412,1
24EISA_R06,20250412,1
24EISA_R08,20250412,1
24EISA_R10,20250412,1
24EISA_R12,20250412,1
24EISA_9911,20250419,1
24EISA_R01,20250419,1
24EISA_R02,20250419,1
24EISA_R03,20250419,1
24EISA_R04,20250419,1
24EISA_R05,20250419,1
24EISA_R06,20250419,1
24EISA_R08,20250419,1
24EISA_R10,20250419,1
24EISA_R12,20250419,1
24EISA_9911,20250426,1
24EISA_R01,20250426,1
24EISA_R02,20250426,1
24EISA_R03,20250426,1
24EISA_R04,20250426,1
24EISA_R05,20250426,1
24EISA_R06,20250426,1
24EISA_R08,20250426,1
24EISA_R10,20250426,1
24EISA_R12,20250426,1
24EISA_9911,20250503,1
24EISA_R01,20250503,1
24EISA_R02,20250503,1
24EISA_R03,20250503,1
24EISA_R04,20250503,1
24EISA_R05,20250503,1
24EISA_R06,20250503,1
24EISA_R08,20250503,1
24EISA_R10,20250503,1
24EISA_R12,20250503,1
24EISA_9911,20250510,1
24EISA_R01,20250510,1
24EISA_R02,20250510,1
24EISA_R03,20250510,1
24EISA_R04,20250510,1
24EISA_R05,20250510,1
24EISA_R06,20250510,1
24EISA_R08,20250510,1
24EISA_R10,20250510,1
24EISA_R12,20250510,1
24EISA_9911,20250517,1
24EISA_R01,20250517,1
24EISA_R02,20250517,1
24EISA_R03,20250517,1
24EISA_R04,20250517,1
24EISA_R05,20250517,1
24EISA_R06,20250517,1
24EISA_R08,20250517,1
24EISA_R10,20250517,1
24EISA_R12,20250517,1
24EISA_9911,20250524,1
24EISA_R01,20250524,1
24EISA_R02,20250524,1
24EISA_R03,20250524,1
24EISA_R04,20250524,1
24EISA_R05,20250524,1
24EISA_R06,20250524,1
24EISA_R08,20250524,1
24EISA_R10,20250524,1
24EISA_R12,20250524,1
24EISA_9911,20250531,1
24EISA_R01,20250531,1
24EISA_R02,20250531,1
24EISA_R03,20250531,1
24EISA_R04,20250531,1
24EISA_R05,20250531,1
24EISA_R06,20250531,1
24EISA_R08,20250531,1
24EISA_R10,20250531,1
24EISA_R12,20250531,1
24EISA_9911,20250607,1
24EISA_R01,20250607,1
24EISA_R02,20250607,1
24EISA_R03,20250607,1
24EISA_R04,20250607,1
24EISA_R05,20250607,1
24EISA_R06,20250607,1
24EISA_R08,20250607,1
24EISA_R10,20250607,1
24EISA_R12,20250607,1
24EISA_9911,20250614,1
24EISA_R01,20250614,1
24EISA_R02,20250614,1
24EISA_R03,20250614,1
24EISA_R04,20250614,1
24EISA_R05,20250614,1
24EISA_R06,20250614,1
24EISA_R08,20250614,1
24EISA_R10,20250614,1
24EISA_R12,20250614,1
24EISA_9911,20250621,1
24EISA_R01,20250621,1
24EISA_R02,20250621,1
24EISA_R03,20250621,1
24EISA_R04,20250621,1
24EISA_R05,20250621,1
24EISA_R06,20250621,1
24EISA_R08,20250621,1
24EISA_R10,20250621,1
24EISA_R12,20250621,1
24EISA_9911,20250628,1
24EISA_R01,20250628,1
24EISA_R02,20250628,1
24EISA_R03,20250628,1
24EISA_R04,20250628,1
24EISA_R05,20250628,1
24EISA_R06,20250628,1
24EISA_R08,20250628,1
24EISA_R10,20250628,1
24EISA_R12,20250628,1
MINUS_MINUSV,20240903,1
MINUS_MINUSV,20240904,1
MINUS_MINUSV,20240905,1
MINUS_MINUSV,20240906,1
MINUS_MINUSV,20240907,1
MINUS_MINUSV,20240908,1
MINUS_MINUSV,20240909,1
MINUS_MINUSV,20240910,1
MINUS_MINUSV,20240911,1
MINUS_MINUSV,20240912,1
MINUS_MINUSV,20240913,1
MINUS_MINUSV,20240914,1
MINUS_MINUSV,20240915,1
MINUS_MINUSV,20240916,1
MINUS_MINUSV,20240917,1
MINUS_MINUSV,20240918,1
MINUS_MINUSV,20240919,1
MINUS_MINUSV,20240920,1
MINUS_MINUSV,20240921,1
MINUS_MINUSV,20240922,1
MINUS_MINUSV,20240923,1
MINUS_MINUSV,20240924,1
MINUS_MINUSV,20240925,1
MINUS_MINUSV,20240926,1
MINUS_MINUSV,20240927,1
MINUS_MINUSV,20240928,1
MINUS_MINUSV,20240929,1
MINUS_MINUSV,20240930,1
MINUS_MINUSV,20241001,1
MINUS_MINUSV,20241002,1
MINUS_MINUSV,20241003,1
MINUS_MINUSV,20241004,1
MINUS_MINUSV,20241005,1
MINUS_MINUSV,20241006,1
MINUS_MINUSV,20241007,1
MINUS_MINUSV,20241008,1
MINUS_MINUSV,20241009,1
MINUS_MINUSV,20241010,1
MINUS_MINUSV,20241011,1
MINUS_MINUSV,20241012,1
MINUS_MINUSV,20241013,1
MINUS_MINUSV,20241014,1
MINUS_MINUSV,20241015,1
MINUS_MINUSV,20241016,1
MINUS_MINUSV,20241017,1
MINUS_MINUSV,20241018,1
MINUS_MINUSV,20241019,1
MINUS_MINUSV,20241020,1
MINUS_MINUSV,20241021,1
MINUS_MINUSV,20241022,1
MINUS_MINUSV,20241023,1
MINUS_MINUSV,20241024,1
MINUS_MINUSV,20241025,1
MINUS_MINUSV,20241026,1
MINUS_MINUSV,20241027,1
MINUS_MINUSV,20241028,1
MINUS_MINUSV,20241029,1
MINUS_MINUSV,20241030,1
MINUS_MINUSV,20241031,1
MINUS_MINUSV,20241101,1
MINUS_MINUSV,20241102,1
MINUS_MINUSV,20241103,1
MINUS_MINUSV,20241104,1
MINUS_MINUSV,20241105,1
MINUS_MINUSV,20241106,1
MINUS_MINUSV,20241107,1
MINUS_MINUSV,20241108,1
MINUS_MINUSV,20241109,1
MINUS_MINUSV,20241110,1
MINUS_MINUSV,20241111,1
MINUS_MINUSV,20241112,1
MINUS_MINUSV,20241113,1
MINUS_MINUSV,20241114,1
MINUS_MINUSV,20241115,1
MINUS_MINUSV,20241116,1
MINUS_MINUSV,20241117,1
MINUS_MINUSV,20241118,1
MINUS_MINUSV,20241119,1
MINUS_MINUSV,20241120,1
MINUS_MINUSV,20241121,1
MINUS_MINUSV,20241122,1
MINUS_MINUSV,20241123,1
MINUS_MINUSV,20241124,1
MINUS_MINUSV,20241125,1
MINUS_MINUSV,20241126,1
MINUS_MINUSV,20241127,1
MINUS_MINUSV,20241128,1
MINUS_MINUSV,20241129,1
MINUS_MINUSV,20241130,1
MINUS_MINUSV,20241201,1
MINUS_MINUSV,20241202,1
MINUS_MINUSV,20241203,1
MINUS_MINUSV,20241204,1
MINUS_MINUSV,20241205,1
MINUS_MINUSV,20241206,1
MINUS_MINUSV,20241207,1
MINUS_MINUSV,20241208,1
MINUS_MINUSV,20241209,1
MINUS_MINUSV,20241210,1
MINUS_MINUSV,20241211,1
MINUS_MINUSV,20241212,1
MINUS_MINUSV,20241213,1
MINUS_MINUSV,20241214,1
MINUS_MINUSV,20241215,1
MINUS_MINUSV,20241216,1
MINUS_MINUSV,20241217,1
MINUS_MINUSV,20241218,1
MINUS_MINUSV,20241219,1
MINUS_MINUSV,20241220,1
MINUS_MINUSV,20241221,1
MINUS_MINUSV,20241222,1
MINUS_MINUSV,20241223,1
MINUS_MINUSV,20241224,1
MINUS_MINUSV,20241225,1
MINUS_MINUSV,20241226,1
MINUS_MINUSV,20241228,1
MINUS_MINUSV,20241229,1
MINUS_MINUSV,20241230,1
MINUS_MINUSV,20241231,1
MINUS_MINUSV,20250101,1
MINUS_MINUSV,20250102,1
MINUS_MINUSV,20250104,1
MINUS_MINUSV,20250105,1
MINUS_MINUSV,20250106,1
MINUS_MINUSV,20250107,1
MINUS_MINUSV,20250108,1
MINUS_MINUSV,20250109,1
MINUS_MINUSV,20250110,1
MINUS_MINUSV,20250111,1
MINUS_MINUSV,20250112,1
MINUS_MINUSV,20250113,1
MINUS_MINUSV,20250114,1
MINUS_MINUSV,20250115,1
MINUS_MINUSV,20250116,1
MINUS_MINUSV,20250117,1
MINUS_MINUSV,20250118,1
MINUS_MINUSV,20250119,1
MINUS_MINUSV,20250120,1
MINUS_MINUSV,20250121,1
MINUS_MINUSV,20250122,1
MINUS_MINUSV,20250123,1
MINUS_MINUSV,20250124,1
MINUS_MINUSV,20250125,1
MINUS_MINUSV,20250126,1
MINUS_MINUSV,20250127,1
MINUS_MINUSV,20250128,1
MINUS_MINUSV,20250129,1
MINUS_MINUSV,20250130,1
MINUS_MINUSV,20250131,1
MINUS_MINUSV,20250201,1
MINUS_MINUSV,20250202,1
MINUS_MINUSV,20250203,1
MINUS_MINUSV,20250204,1
MINUS_MINUSV,20250205,1
MINUS_MINUSV,20250206,1
MINUS_MINUSV,20250207,1
MINUS_MINUSV,20250208,1
MINUS_MINUSV,20250209,1
MINUS_MINUSV,20250210,1
MINUS_MINUSV,20250211,1
MINUS_MINUSV,20250212,1
MINUS_MINUSV,20250213,1
MINUS_MINUSV,20250214,1
MINUS_MINUSV,20250215,1
MINUS_MINUSV,20250216,1
MINUS_MINUSV,20250217,1
MINUS_MINUSV,20250218,1
MINUS_MINUSV,20250219,1
MINUS_MINUSV,20250220,1
MINUS_MINUSV,20250221,1
MINUS_MINUSV,20250222,1
MINUS_MINUSV,20250223,1
MINUS_MINUSV,20250224,1
MINUS_MINUSV,20250225,1
MINUS_MINUSV,20250226,1
MINUS_MINUSV,20250227,1
MINUS_MINUSV,20250228,1
MINUS_MINUSV,20250301,1
MINUS_MINUSV,20250302,1
MINUS_MINUSV,20250303,1
MINUS_MINUSV,20250304,1
MINUS_MINUSV,20250305,1
MINUS_MINUSV,20250306,1
MINUS_MINUSV,20250307,1
MINUS_MINUSV,20250308,1
MINUS_MINUSV,20250309,1
MINUS_MINUSV,20250310,1
MINUS_MINUSV,20250311,1
MINUS_MINUSV,20250312,1
MINUS_MINUSV,20250313,1
MINUS_MINUSV,20250314,1
MINUS_MINUSV,20250315,1
MINUS_MINUSV,20250316,1
MINUS_MINUSV,20250317,1
MINUS_MINUSV,20250318,1
MINUS_MINUSV,20250319,1
MINUS_MINUSV,20250320,1
MINUS_MINUSV,20250321,1
MINUS_MINUSV,20250322,1
MINUS_MINUSV,20250323,1
MINUS_MINUSV,20250324,1
MINUS_MINUSV,20250325,1
MINUS_MINUSV,20250326,1
MINUS_MINUSV,20250327,1
MINUS_MINUSV,20250328,1
MINUS_MINUSV,20250329,1
MINUS_MINUSV,20250330,1
MINUS_MINUSV,20250331,1
MINUS_MINUSV,20250401,1
MINUS_MINUSV,20250402,1
MINUS_MINUSV,20250403,1
MINUS_MINUSV,20250404,1
MINUS_MINUSV,20250405,1
MINUS_MINUSV,20250406,1
MINUS_MINUSV,20250407,1
MINUS_MINUSV,20250408,1
MINUS_MINUSV,20250409,1
MINUS_MINUSV,20250410,1
MINUS_MINUSV,20250411,1
MINUS_MINUSV,20250412,1
MINUS_MINUSV,20250413,1
MINUS_MINUSV,20250414,1
MINUS_MINUSV,20250415,1
MINUS_MINUSV,20250416,1
MINUS_MINUSV,20250417,1
MINUS_MINUSV,20250418,1
MINUS_MINUSV,20250419,1
MINUS_MINUSV,20250420,1
MINUS_MINUSV,20250421,1
MINUS_MINUSV,20250422,1
MINUS_MINUSV,20250423,1
MINUS_MINUSV,20250424,1
MINUS_MINUSV,20250426,1
MINUS_MINUSV,20250427,1
MINUS_MINUSV,20250428,1
MINUS_MINUSV,20250429,1
MINUS_MINUSV,20250430,1
MINUS_MINUSV,20250501,1
MINUS_MINUSV,20250502,1
MINUS_MINUSV,20250503,1
MINUS_MINUSV,20250504,1
MINUS_MINUSV,20250505,1
MINUS_MINUSV,20250506,1
MINUS_MINUSV,20250507,1
MINUS_MINUSV,20250508,1
MINUS_MINUSV,20250509,1
MINUS_MINUSV,20250510,1
MINUS_MINUSV,20250511,1
MINUS_MINUSV,20250512,1
MINUS_MINUSV,20250513,1
MINUS_MINUSV,20250514,1
MINUS_MINUSV,20250515,1
MINUS_MINUSV,20250516,1
MINUS_MINUSV,20250517,1
MINUS_MINUSV,20250518,1
MINUS_MINUSV,20250519,1
MINUS_MINUSV,20250520,1
MINUS_MINUSV,20250521,1
MINUS_MINUSV,20250522,1
MINUS_MINUSV,20250523,1
MINUS_MINUSV,20250524,1
MINUS_MINUSV,20250525,1
MINUS_MINUSV,20250526,1
MINUS_MINUSV,20250527,1
MINUS_MINUSV,20250528,1
MINUS_MINUSV,20250529,1
MINUS_MINUSV,20250530,1
MINUS_MINUSV,20250531,1
MINUS_MINUSV,20250601,1
MINUS_MINUSV,20250602,1
MINUS_MINUSV,20250603,1
MINUS_MINUSV,20250604,1
MINUS_MINUSV,20250605,1
MINUS_MINUSV,20250606,1
MINUS_MINUSV,20250607,1
MINUS_MINUSV,20250608,1
MINUS_MINUSV,20250609,1
MINUS_MINUSV,20250610,1
MINUS_MINUSV,20250611,1
MINUS_MINUSV,20250612,1
MINUS_MINUSV,20250613,1
MINUS_MINUSV,20250614,1
MINUS_MINUSV,20250615,1
MINUS_MINUSV,20250616,1
MINUS_MINUSV,20250617,1
MINUS_MINUSV,20250618,1
MINUS_MINUSV,20250619,1
MINUS_MINUSV,20250620,1
MINUS_MINUSV,20250621,1
MINUS_MINUSV,20250622,1
MINUS_MINUSV,20250623,1
MINUS_MINUSV,20250624,1
MINUS_MINUSV,20250625,1
MINUS_MINUSV,20250626,1
MINUS_MINUSV,20250627,1
MINUS_MINUSV,20250628,1
MINUS_MINUSV,20250629,1
MINUS_MINUSV,20250630,1
R_EVENTO_3101A,20250623,1
R_EVENTO_3102A,20250623,1
R_EVENTO_3103A,20250623,1
R_EVENTO_3104A,20250623,1
R_EVENTO_3105A,20250623,1
R_EVENTO_3106A,20250623,1
TALLER_5001A,20240903,1
TALLER_5002A,20240903,1
TALLER_5003A,20240903,1
TALLER_5001A,20240904,1
TALLER_5002A,20240904,1
TALLER_5003A,20240904,1
TALLER_5001A,20240905,1
TALLER_5002A,20240905,1
TALLER_5003A,20240905,1
TALLER_5001A,20240906,1
TALLER_5002A,20240906,1
TALLER_5003A,20240906,1
TALLER_5001A,20240907,1
TALLER_5002A,20240907,1
TALLER_5003A,20240907,1
TALLER_5001A,20240908,1
TALLER_5002A,20240908,1
TALLER_5003A,20240908,1
TALLER_5001A,20240909,1
TALLER_5002A,20240909,1
TALLER_5003A,20240909,1
TALLER_5001A,20240910,1
TALLER_5002A,20240910,1
TALLER_5003A,20240910,1
TALLER_5001A,20240911,1
TALLER_5002A,20240911,1
TALLER_5003A,20240911,1
TALLER_5001A,20240912,1
TALLER_5002A,20240912,1
TALLER_5003A,20240912,1
TALLER_5001A,20240913,1
TALLER_5002A,20240913,1
TALLER_5003A,20240913,1
TALLER_5001A,20240914,1
TALLER_5002A,20240914,1
TALLER_5003A,20240914,1
TALLER_5001A,20240915,1
TALLER_5002A,20240915,1
TALLER_5003A,20240915,1
TALLER_5001A,20240916,1
TALLER_5002A,20240916,1
TALLER_5003A,20240916,1
TALLER_5001A,20240917,1
TALLER_5002A,20240917,1
TALLER_5003A,20240917,1
TALLER_5001A,20240918,1
TALLER_5002A,20240918,1
TALLER_5003A,20240918,1
TALLER_5001A,20240919,1
TALLER_5002A,20240919,1
TALLER_5003A,20240919,1
TALLER_5001A,20240920,1
TALLER_5002A,20240920,1
TALLER_5003A,20240920,1
TALLER_5001A,20240921,1
TALLER_5002A,20240921,1
TALLER_5003A,20240921,1
TALLER_5001A,20240922,1
TALLER_5002A,20240922,1
TALLER_5003A,20240922,1
TALLER_5001A,20240923,1
TALLER_5002A,20240923,1
TALLER_5003A,20240923,1
TALLER_5001A,20240924,1
TALLER_5002A,20240924,1
TALLER_5003A,20240924,1
TALLER_5001A,20240925,1
TALLER_5002A,20240925,1
TALLER_5003A,20240925,1
TALLER_5001A,20240926,1
TALLER_5002A,20240926,1
TALLER_5003A,20240926,1
TALLER_5001A,20240927,1
TALLER_5002A,20240927,1
TALLER_5003A,20240927,1
TALLER_5001A,20240928,1
TALLER_5002A,20240928,1
TALLER_5003A,20240928,1
TALLER_5001A,20240929,1
TALLER_5002A,20240929,1
TALLER_5003A,20240929,1
TALLER_5001A,20240930,1
TALLER_5002A,20240930,1
TALLER_5003A,20240930,1
TALLER_5001A,20241001,1
TALLER_5002A,20241001,1
TALLER_5003A,20241001,1
TALLER_5001A,20241002,1
TALLER_5002A,20241002,1
TALLER_5003A,20241002,1
TALLER_5001A,20241003,1
TALLER_5002A,20241003,1
TALLER_5003A,20241003,1
TALLER_5001A,20241004,1
TALLER_5002A,20241004,1
TALLER_5003A,20241004,1
TALLER_5001A,20241005,1
TALLER_5002A,20241005,1
TALLER_5003A,20241005,1
TALLER_5001A,20241006,1
TALLER_5002A,20241006,1
TALLER_5003A,20241006,1
TALLER_5001A,20241007,1
TALLER_5002A,20241007,1
TALLER_5003A,20241007,1
TALLER_5001A,20241008,1
TALLER_5002A,20241008,1
TALLER_5003A,20241008,1
TALLER_5001A,20241009,1
TALLER_5002A,20241009,1
TALLER_5003A,20241009,1
TALLER_5001A,20241010,1
TALLER_5002A,20241010,1
TALLER_5003A,20241010,1
TALLER_5001A,20241011,1
TALLER_5002A,20241011,1
TALLER_5003A,20241011,1
TALLER_5001A,20241012,1
TALLER_5002A,20241012,1
TALLER_5003A,20241012,1
TALLER_5001A,20241013,1
TALLER_5002A,20241013,1
TALLER_5003A,20241013,1
TALLER_5001A,20241014,1
TALLER_5002A,20241014,1
TALLER_5003A,20241014,1
TALLER_5001A,20241015,1
TALLER_5002A,20241015,1
TALLER_5003A,20241015,1
TALLER_5001A,20241016,1
TALLER_5002A,20241016,1
TALLER_5003A,20241016,1
TALLER_5001A,20241017,1
TALLER_5002A,20241017,1
TALLER_5003A,20241017,1
TALLER_5001A,20241018,1
TALLER_5002A,20241018,1
TALLER_5003A,20241018,1
TALLER_5001A,20241019,1
TALLER_5002A,20241019,1
TALLER_5003A,20241019,1
TALLER_5001A,20241020,1
TALLER_5002A,20241020,1
TALLER_5003A,20241020,1
TALLER_5001A,20241021,1
TALLER_5002A,20241021,1
TALLER_5003A,20241021,1
TALLER_5001A,20241022,1
TALLER_5002A,20241022,1
TALLER_5003A,20241022,1
TALLER_5001A,20241023,1
TALLER_5002A,20241023,1
TALLER_5003A,20241023,1
TALLER_5001A,20241024,1
TALLER_5002A,20241024,1
TALLER_5003A,20241024,1
TALLER_5001A,20241025,1
TALLER_5002A,20241025,1
TALLER_5003A,20241025,1
TALLER_5001A,20241026,1
TALLER_5002A,20241026,1
TALLER_5003A,20241026,1
TALLER_5001A,20241027,1
TALLER_5002A,20241027,1
TALLER_5003A,20241027,1
TALLER_5001A,20241028,1
TALLER_5002A,20241028,1
TALLER_5003A,20241028,1
TALLER_5001A,20241029,1
TALLER_5002A,20241029,1
TALLER_5003A,20241029,1
TALLER_5001A,20241030,1
TALLER_5002A,20241030,1
TALLER_5003A,20241030,1
TALLER_5001A,20241031,1
TALLER_5002A,20241031,1
TALLER_5003A,20241031,1
TALLER_5001A,20241101,1
TALLER_5002A,20241101,1
TALLER_5003A,20241101,1
TALLER_5001A,20241102,1
TALLER_5002A,20241102,1
TALLER_5003A,20241102,1
TALLER_5001A,20241103,1
TALLER_5002A,20241103,1
TALLER_5003A,20241103,1
TALLER_5001A,20241104,1
TALLER_5002A,20241104,1
TALLER_5003A,20241104,1
TALLER_5001A,20241105,1
TALLER_5002A,20241105,1
TALLER_5003A,20241105,1
TALLER_5001A,20241106,1
TALLER_5002A,20241106,1
TALLER_5003A,20241106,1
TALLER_5001A,20241107,1
TALLER_5002A,20241107,1
TALLER_5003A,20241107,1
TALLER_5001A,20241108,1
TALLER_5002A,20241108,1
TALLER_5003A,20241108,1
TALLER_5001A,20241109,1
TALLER_5002A,20241109,1
TALLER_5003A,20241109,1
TALLER_5001A,20241110,1
TALLER_5002A,20241110,1
TALLER_5003A,20241110,1
TALLER_5001A,20241111,1
TALLER_5002A,20241111,1
TALLER_5003A,20241111,1
TALLER_5001A,20241112,1
TALLER_5002A,20241112,1
TALLER_5003A,20241112,1
TALLER_5001A,20241113,1
TALLER_5002A,20241113,1
TALLER_5003A,20241113,1
TALLER_5001A,20241114,1
TALLER_5002A,20241114,1
TALLER_5003A,20241114,1
TALLER_5001A,20241115,1
TALLER_5002A,20241115,1
TALLER_5003A,20241115,1
TALLER_5001A,20241116,1
TALLER_5002A,20241116,1
TALLER_5003A,20241116,1
TALLER_5001A,20241117,1
TALLER_5002A,20241117,1
TALLER_5003A,20241117,1
TALLER_5001A,20241118,1
TALLER_5002A,20241118,1
TALLER_5003A,20241118,1
TALLER_5001A,20241119,1
TALLER_5002A,20241119,1
TALLER_5003A,20241119,1
TALLER_5001A,20241120,1
TALLER_5002A,20241120,1
TALLER_5003A,20241120,1
TALLER_5001A,20241121,1
TALLER_5002A,20241121,1
TALLER_5003A,20241121,1
TALLER_5001A,20241122,1
TALLER_5002A,20241122,1
TALLER_5003A,20241122,1
TALLER_5001A,20241123,1
TALLER_5002A,20241123,1
TALLER_5003A,20241123,1
TALLER_5001A,20241124,1
TALLER_5002A,20241124,1
TALLER_5003A,20241124,1
TALLER_5001A,20241125,1
TALLER_5002A,20241125,1
TALLER_5003A,20241125,1
TALLER_5001A,20241126,1
TALLER_5002A,20241126,1
TALLER_5003A,20241126,1
TALLER_5001A,20241127,1
TALLER_5002A,20241127,1
TALLER_5003A,20241127,1
TALLER_5001A,20241128,1
TALLER_5002A,20241128,1
TALLER_5003A,20241128,1
TALLER_5001A,20241129,1
TALLER_5002A,20241129,1
TALLER_5003A,20241129,1
TALLER_5001A,20241130,1
TALLER_5002A,20241130,1
TALLER_5003A,20241130,1
TALLER_5001A,20241201,1
TALLER_5002A,20241201,1
TALLER_5003A,20241201,1
TALLER_5001A,20241202,1
TALLER_5002A,20241202,1
TALLER_5003A,20241202,1
TALLER_5001A,20241203,1
TALLER_5002A,20241203,1
TALLER_5003A,20241203,1
TALLER_5001A,20241204,1
TALLER_5002A,20241204,1
TALLER_5003A,20241204,1
TALLER_5001A,20241205,1
TALLER_5002A,20241205,1
TALLER_5003A,20241205,1
TALLER_5001A,20241206,1
TALLER_5002A,20241206,1
TALLER_5003A,20241206,1
TALLER_5001A,20241207,1
TALLER_5002A,20241207,1
TALLER_5003A,20241207,1
TALLER_5001A,20241208,1
TALLER_5002A,20241208,1
TALLER_5003A,20241208,1
TALLER_5001A,20241209,1
TALLER_5002A,20241209,1
TALLER_5003A,20241209,1
TALLER_5001A,20241210,1
TALLER_5002A,20241210,1
TALLER_5003A,20241210,1
TALLER_5001A,20241211,1
TALLER_5002A,20241211,1
TALLER_5003A,20241211,1
TALLER_5001A,20241212,1
TALLER_5002A,20241212,1
TALLER_5003A,20241212,1
TALLER_5001A,20241213,1
TALLER_5002A,20241213,1
TALLER_5003A,20241213,1
TALLER_5001A,20241214,1
TALLER_5002A,20241214,1
TALLER_5003A,20241214,1
TALLER_5001A,20241215,1
TALLER_5002A,20241215,1
TALLER_5003A,20241215,1
TALLER_5001A,20241216,1
TALLER_5002A,20241216,1
TALLER_5003A,20241216,1
TALLER_5001A,20241217,1
TALLER_5002A,20241217,1
TALLER_5003A,20241217,1
TALLER_5001A,20241218,1
TALLER_5002A,20241218,1
TALLER_5003A,20241218,1
TALLER_5001A,20241219,1
TALLER_5002A,20241219,1
TALLER_5003A,20241219,1
TALLER_5001A,20241220,1
TALLER_5002A,20241220,1
TALLER_5003A,20241220,1
TALLER_5001A,20241221,1
TALLER_5002A,20241221,1
TALLER_5003A,20241221,1
TALLER_5001A,20241222,1
TALLER_5002A,20241222,1
TALLER_5003A,20241222,1
TALLER_5001A,20241223,1
TALLER_5002A,20241223,1
TALLER_5003A,20241223,1
TALLER_5001A,20241224,1
TALLER_5002A,20241224,1
TALLER_5003A,20241224,1
TALLER_5001A,20241225,1
TALLER_5002A,20241225,1
TALLER_5003A,20241225,1
TALLER_5001A,20241226,1
TALLER_5002A,20241226,1
TALLER_5003A,20241226,1
TALLER_5001A,20241227,1
TALLER_5002A,20241227,1
TALLER_5003A,20241227,1
TALLER_5001A,20241228,1
TALLER_5002A,20241228,1
TALLER_5003A,20241228,1
TALLER_5001A,20241229,1
TALLER_5002A,20241229,1
TALLER_5003A,20241229,1
TALLER_5001A,20241230,1
TALLER_5002A,20241230,1
TALLER_5003A,20241230,1
TALLER_5001A,20241231,1
TALLER_5002A,20241231,1
TALLER_5003A,20241231,1
TALLER_5001A,20250101,1
TALLER_5002A,20250101,1
TALLER_5003A,20250101,1
TALLER_5001A,20250102,1
TALLER_5002A,20250102,1
TALLER_5003A,20250102,1
TALLER_5001A,20250103,1
TALLER_5002A,20250103,1
TALLER_5003A,20250103,1
TALLER_5001A,20250104,1
TALLER_5002A,20250104,1
TALLER_5003A,20250104,1
TALLER_5001A,20250105,1
TALLER_5002A,20250105,1
TALLER_5003A,20250105,1
TALLER_5001A,20250106,1
TALLER_5002A,20250106,1
TALLER_5003A,20250106,1
TALLER_5001A,20250107,1
TALLER_5002A,20250107,1
TALLER_5003A,20250107,1
TALLER_5001A,20250108,1
TALLER_5002A,20250108,1
TALLER_5003A,20250108,1
TALLER_5001A,20250109,1
TALLER_5002A,20250109,1
TALLER_5003A,20250109,1
TALLER_5001A,20250110,1
TALLER_5002A,20250110,1
TALLER_5003A,20250110,1
TALLER_5001A,20250111,1
TALLER_5002A,20250111,1
TALLER_5003A,20250111,1
TALLER_5001A,20250112,1
TALLER_5002A,20250112,1
TALLER_5003A,20250112,1
TALLER_5001A,20250113,1
TALLER_5002A,20250113,1
TALLER_5003A,20250113,1
TALLER_5001A,20250114,1
TALLER_5002A,20250114,1
TALLER_5003A,20250114,1
TALLER_5001A,20250115,1
TALLER_5002A,20250115,1
TALLER_5003A,20250115,1
TALLER_5001A,20250116,1
TALLER_5002A,20250116,1
TALLER_5003A,20250116,1
TALLER_5001A,20250117,1
TALLER_5002A,20250117,1
TALLER_5003A,20250117,1
TALLER_5001A,20250118,1
TALLER_5002A,20250118,1
TALLER_5003A,20250118,1
TALLER_5001A,20250119,1
TALLER_5002A,20250119,1
TALLER_5003A,20250119,1
TALLER_5001A,20250120,1
TALLER_5002A,20250120,1
TALLER_5003A,20250120,1
TALLER_5001A,20250121,1
TALLER_5002A,20250121,1
TALLER_5003A,20250121,1
TALLER_5001A,20250122,1
TALLER_5002A,20250122,1
TALLER_5003A,20250122,1
TALLER_5001A,20250123,1
TALLER_5002A,20250123,1
TALLER_5003A,20250123,1
TALLER_5001A,20250124,1
TALLER_5002A,20250124,1
TALLER_5003A,20250124,1
TALLER_5001A,20250125,1
TALLER_5002A,20250125,1
TALLER_5003A,20250125,1
TALLER_5001A,20250126,1
TALLER_5002A,20250126,1
TALLER_5003A,20250126,1
TALLER_5001A,20250127,1
TALLER_5002A,20250127,1
TALLER_5003A,20250127,1
TALLER_5001A,20250128,1
TALLER_5002A,20250128,1
TALLER_5003A,20250128,1
TALLER_5001A,20250129,1
TALLER_5002A,20250129,1
TALLER_5003A,20250129,1
TALLER_5001A,20250130,1
TALLER_5002A,20250130,1
TALLER_5003A,20250130,1
TALLER_5001A,20250131,1
TALLER_5002A,20250131,1
TALLER_5003A,20250131,1
TALLER_5001A,20250201,1
TALLER_5002A,20250201,1
TALLER_5003A,20250201,1
TALLER_5001A,20250202,1
TALLER_5002A,20250202,1
TALLER_5003A,20250202,1
TALLER_5001A,20250203,1
TALLER_5002A,20250203,1
TALLER_5003A,20250203,1
TALLER_5001A,20250204,1
TALLER_5002A,20250204,1
TALLER_5003A,20250204,1
TALLER_5001A,20250205,1
TALLER_5002A,20250205,1
TALLER_5003A,20250205,1
TALLER_5001A,20250206,1
TALLER_5002A,20250206,1
TALLER_5003A,20250206,1
TALLER_5001A,20250207,1
TALLER_5002A,20250207,1
TALLER_5003A,20250207,1
TALLER_5001A,20250208,1
TALLER_5002A,20250208,1
TALLER_5003A,20250208,1
TALLER_5001A,20250209,1
TALLER_5002A,20250209,1
TALLER_5003A,20250209,1
TALLER_5001A,20250210,1
TALLER_5002A,20250210,1
TALLER_5003A,20250210,1
TALLER_5001A,20250211,1
TALLER_5002A,20250211,1
TALLER_5003A,20250211,1
TALLER_5001A,20250212,1
TALLER_5002A,20250212,1
TALLER_5003A,20250212,1
TALLER_5001A,20250213,1
TALLER_5002A,20250213,1
TALLER_5003A,20250213,1
TALLER_5001A,20250214,1
TALLER_5002A,20250214,1
TALLER_5003A,20250214,1
TALLER_5001A,20250215,1
TALLER_5002A,20250215,1
TALLER_5003A,20250215,1
TALLER_5001A,20250216,1
TALLER_5002A,20250216,1
TALLER_5003A,20250216,1
TALLER_5001A,20250217,1
TALLER_5002A,20250217,1
TALLER_5003A,20250217,1
TALLER_5001A,20250218,1
TALLER_5002A,20250218,1
TALLER_5003A,20250218,1
TALLER_5001A,20250219,1
TALLER_5002A,20250219,1
TALLER_5003A,20250219,1
TALLER_5001A,20250220,1
TALLER_5002A,20250220,1
TALLER_5003A,20250220,1
TALLER_5001A,20250221,1
TALLER_5002A,20250221,1
TALLER_5003A,20250221,1
TALLER_5001A,20250222,1
TALLER_5002A,20250222,1
TALLER_5003A,20250222,1
TALLER_5001A,20250223,1
TALLER_5002A,20250223,1
TALLER_5003A,20250223,1
TALLER_5001A,20250224,1
TALLER_5002A,20250224,1
TALLER_5003A,20250224,1
TALLER_5001A,20250225,1
TALLER_5002A,20250225,1
TALLER_5003A,20250225,1
TALLER_5001A,20250226,1
TALLER_5002A,20250226,1
TALLER_5003A,20250226,1
TALLER_5001A,20250227,1
TALLER_5002A,20250227,1
TALLER_5003A,20250227,1
TALLER_5001A,20250228,1
TALLER_5002A,20250228,1
TALLER_5003A,20250228,1
TALLER_5001A,20250301,1
TALLER_5002A,20250301,1
TALLER_5003A,20250301,1
TALLER_5001A,20250302,1
TALLER_5002A,20250302,1
TALLER_5003A,20250302,1
TALLER_5001A,20250303,1
TALLER_5002A,20250303,1
TALLER_5003A,20250303,1
TALLER_5001A,20250304,1
TALLER_5002A,20250304,1
TALLER_5003A,20250304,1
TALLER_5001A,20250305,1
TALLER_5002A,20250305,1
TALLER_5003A,20250305,1
TALLER_5001A,20250306,1
TALLER_5002A,20250306,1
TALLER_5003A,20250306,1
TALLER_5001A,20250307,1
TALLER_5002A,20250307,1
TALLER_5003A,20250307,1
TALLER_5001A,20250308,1
TALLER_5002A,20250308,1
TALLER_5003A,20250308,1
TALLER_5001A,20250309,1
TALLER_5002A,20250309,1
TALLER_5003A,20250309,1
TALLER_5001A,20250310,1
TALLER_5002A,20250310,1
TALLER_5003A,20250310,1
TALLER_5001A,20250311,1
TALLER_5002A,20250311,1
TALLER_5003A,20250311,1
TALLER_5001A,20250312,1
TALLER_5002A,20250312,1
TALLER_5003A,20250312,1
TALLER_5001A,20250313,1
TALLER_5002A,20250313,1
TALLER_5003A,20250313,1
TALLER_5001A,20250314,1
TALLER_5002A,20250314,1
TALLER_5003A,20250314,1
TALLER_5001A,20250315,1
TALLER_5002A,20250315,1
TALLER_5003A,20250315,1
TALLER_5001A,20250316,1
TALLER_5002A,20250316,1
TALLER_5003A,20250316,1
TALLER_5001A,20250317,1
TALLER_5002A,20250317,1
TALLER_5003A,20250317,1
TALLER_5001A,20250318,1
TALLER_5002A,20250318,1
TALLER_5003A,20250318,1
TALLER_5001A,20250319,1
TALLER_5002A,20250319,1
TALLER_5003A,20250319,1
TALLER_5001A,20250320,1
TALLER_5002A,20250320,1
TALLER_5003A,20250320,1
TALLER_5001A,20250321,1
TALLER_5002A,20250321,1
TALLER_5003A,20250321,1
TALLER_5001A,20250322,1
TALLER_5002A,20250322,1
TALLER_5003A,20250322,1
TALLER_5001A,20250323,1
TALLER_5002A,20250323,1
TALLER_5003A,20250323,1
TALLER_5001A,20250324,1
TALLER_5002A,20250324,1
TALLER_5003A,20250324,1
TALLER_5001A,20250325,1
TALLER_5002A,20250325,1
TALLER_5003A,20250325,1
TALLER_5001A,20250326,1
TALLER_5002A,20250326,1
TALLER_5003A,20250326,1
TALLER_5001A,20250327,1
TALLER_5002A,20250327,1
TALLER_5003A,20250327,1
TALLER_5001A,20250328,1
TALLER_5002A,20250328,1
TALLER_5003A,20250328,1
TALLER_5001A,20250329,1
TALLER_5002A,20250329,1
TALLER_5003A,20250329,1
TALLER_5001A,20250330,1
TALLER_5002A,20250330,1
TALLER_5003A,20250330,1
TALLER_5001A,20250331,1
TALLER_5002A,20250331,1
TALLER_5003A,20250331,1
TALLER_5001A,20250401,1
TALLER_5002A,20250401,1
TALLER_5003A,20250401,1
TALLER_5001A,20250402,1
TALLER_5002A,20250402,1
TALLER_5003A,20250402,1
TALLER_5001A,20250403,1
TALLER_5002A,20250403,1
TALLER_5003A,20250403,1
TALLER_5001A,20250404,1
TALLER_5002A,20250404,1
TALLER_5003A,20250404,1
TALLER_5001A,20250405,1
TALLER_5002A,20250405,1
TALLER_5003A,20250405,1
TALLER_5001A,20250406,1
TALLER_5002A,20250406,1
TALLER_5003A,20250406,1
TALLER_5001A,20250407,1
TALLER_5002A,20250407,1
TALLER_5003A,20250407,1
TALLER_5001A,20250408,1
TALLER_5002A,20250408,1
TALLER_5003A,20250408,1
TALLER_5001A,20250409,1
TALLER_5002A,20250409,1
TALLER_5003A,20250409,1
TALLER_5001A,20250410,1
TALLER_5002A,20250410,1
TALLER_5003A,20250410,1
TALLER_5001A,20250411,1
TALLER_5002A,20250411,1
TALLER_5003A,20250411,1
TALLER_5001A,20250412,1
TALLER_5002A,20250412,1
TALLER_5003A,20250412,1
TALLER_5001A,20250413,1
TALLER_5002A,20250413,1
TALLER_5003A,20250413,1
TALLER_5001A,20250414,1
TALLER_5002A,20250414,1
TALLER_5003A,20250414,1
TALLER_5001A,20250415,1
TALLER_5002A,20250415,1
TALLER_5003A,20250415,1
TALLER_5001A,20250416,1
TALLER_5002A,20250416,1
TALLER_5003A,20250416,1
TALLER_5001A,20250417,1
TALLER_5002A,20250417,1
TALLER_5003A,20250417,1
TALLER_5001A,20250418,1
TALLER_5002A,20250418,1
TALLER_5003A,20250418,1
TALLER_5001A,20250419,1
TALLER_5002A,20250419,1
TALLER_5003A,20250419,1
TALLER_5001A,20250420,1
TALLER_5002A,20250420,1
TALLER_5003A,20250420,1
TALLER_5001A,20250421,1
TALLER_5002A,20250421,1
TALLER_5003A,20250421,1
TALLER_5001A,20250422,1
TALLER_5002A,20250422,1
TALLER_5003A,20250422,1
TALLER_5001A,20250423,1
TALLER_5002A,20250423,1
TALLER_5003A,20250423,1
TALLER_5001A,20250424,1
TALLER_5002A,20250424,1
TALLER_5003A,20250424,1
TALLER_5001A,20250425,1
TALLER_5002A,20250425,1
TALLER_5003A,20250425,1
TALLER_5001A,20250426,1
TALLER_5002A,20250426,1
TALLER_5003A,20250426,1
TALLER_5001A,20250427,1
TALLER_5002A,20250427,1
TALLER_5003A,20250427,1
TALLER_5001A,20250428,1
TALLER_5002A,20250428,1
TALLER_5003A,20250428,1
TALLER_5001A,20250429,1
TALLER_5002A,20250429,1
TALLER_5003A,20250429,1
TALLER_5001A,20250430,1
TALLER_5002A,20250430,1
TALLER_5003A,20250430,1
TALLER_5001A,20250501,1
TALLER_5002A,20250501,1
TALLER_5003A,20250501,1
TALLER_5001A,20250502,1
TALLER_5002A,20250502,1
TALLER_5003A,20250502,1
TALLER_5001A,20250503,1
TALLER_5002A,20250503,1
TALLER_5003A,20250503,1
TALLER_5001A,20250504,1
TALLER_5002A,20250504,1
TALLER_5003A,20250504,1
TALLER_5001A,20250505,1
TALLER_5002A,20250505,1
TALLER_5003A,20250505,1
TALLER_5001A,20250506,1
TALLER_5002A,20250506,1
TALLER_5003A,20250506,1
TALLER_5001A,20250507,1
TALLER_5002A,20250507,1
TALLER_5003A,20250507,1
TALLER_5001A,20250508,1
TALLER_5002A,20250508,1
TALLER_5003A,20250508,1
TALLER_5001A,20250509,1
TALLER_5002A,20250509,1
TALLER_5003A,20250509,1
TALLER_5001A,20250510,1
TALLER_5002A,20250510,1
TALLER_5003A,20250510,1
TALLER_5001A,20250511,1
TALLER_5002A,20250511,1
TALLER_5003A,20250511,1
TALLER_5001A,20250512,1
TALLER_5002A,20250512,1
TALLER_5003A,20250512,1
TALLER_5001A,20250513,1
TALLER_5002A,20250513,1
TALLER_5003A,20250513,1
TALLER_5001A,20250514,1
TALLER_5002A,20250514,1
TALLER_5003A,20250514,1
TALLER_5001A,20250515,1
TALLER_5002A,20250515,1
TALLER_5003A,20250515,1
TALLER_5001A,20250516,1
TALLER_5002A,20250516,1
TALLER_5003A,20250516,1
TALLER_5001A,20250517,1
TALLER_5002A,20250517,1
TALLER_5003A,20250517,1
TALLER_5001A,20250518,1
TALLER_5002A,20250518,1
TALLER_5003A,20250518,1
TALLER_5001A,20250519,1
TALLER_5002A,20250519,1
TALLER_5003A,20250519,1
TALLER_5001A,20250520,1
TALLER_5002A,20250520,1
TALLER_5003A,20250520,1
TALLER_5001A,20250521,1
TALLER_5002A,20250521,1
TALLER_5003A,20250521,1
TALLER_5001A,20250522,1
TALLER_5002A,20250522,1
TALLER_5003A,20250522,1
TALLER_5001A,20250523,1
TALLER_5002A,20250523,1
TALLER_5003A,20250523,1
TALLER_5001A,20250524,1
TALLER_5002A,20250524,1
TALLER_5003A,20250524,1
TALLER_5001A,20250525,1
TALLER_5002A,20250525,1
TALLER_5003A,20250525,1
TALLER_5001A,20250526,1
TALLER_5002A,20250526,1
TALLER_5003A,20250526,1
TALLER_5001A,20250527,1
TALLER_5002A,20250527,1
TALLER_5003A,20250527,1
TALLER_5001A,20250528,1
TALLER_5002A,20250528,1
TALLER_5003A,20250528,1
TALLER_5001A,20250529,1
TALLER_5002A,20250529,1
TALLER_5003A,20250529,1
TALLER_5001A,20250530,1
TALLER_5002A,20250530,1
TALLER_5003A,20250530,1
TALLER_5001A,20250531,1
TALLER_5002A,20250531,1
TALLER_5003A,20250531,1
TALLER_5001A,20250601,1
TALLER_5002A,20250601,1
TALLER_5003A,20250601,1
TALLER_5001A,20250602,1
TALLER_5002A,20250602,1
TALLER_5003A,20250602,1
TALLER_5001A,20250603,1
TALLER_5002A,20250603,1
TALLER_5003A,20250603,1
TALLER_5001A,20250604,1
TALLER_5002A,20250604,1
TALLER_5003A,20250604,1
TALLER_5001A,20250605,1
TALLER_5002A,20250605,1
TALLER_5003A,20250605,1
TALLER_5001A,20250606,1
TALLER_5002A,20250606,1
TALLER_5003A,20250606,1
TALLER_5001A,20250607,1
TALLER_5002A,20250607,1
TALLER_5003A,20250607,1
TALLER_5001A,20250608,1
TALLER_5002A,20250608,1
TALLER_5003A,20250608,1
TALLER_5001A,20250609,1
TALLER_5002A,20250609,1
TALLER_5003A,20250609,1
TALLER_5001A,20250610,1
TALLER_5002A,20250610,1
TALLER_5003A,20250610,1
TALLER_5001A,20250611,1
TALLER_5002A,20250611,1
TALLER_5003A,20250611,1
TALLER_5001A,20250612,1
TALLER_5002A,20250612,1
TALLER_5003A,20250612,1
TALLER_5001A,20250613,1
TALLER_5002A,20250613,1
TALLER_5003A,20250613,1
TALLER_5001A,20250614,1
TALLER_5002A,20250614,1
TALLER_5003A,20250614,1
TALLER_5001A,20250615,1
TALLER_5002A,20250615,1
TALLER_5003A,20250615,1
TALLER_5001A,20250616,1
TALLER_5002A,20250616,1
TALLER_5003A,20250616,1
TALLER_5001A,20250617,1
TALLER_5002A,20250617,1
TALLER_5003A,20250617,1
TALLER_5001A,20250618,1
TALLER_5002A,20250618,1
TALLER_5003A,20250618,1
TALLER_5001A,20250619,1
TALLER_5002A,20250619,1
TALLER_5003A,20250619,1
TALLER_5001A,20250620,1
TALLER_5002A,20250620,1
TALLER_5003A,20250620,1
TALLER_5001A,20250621,1
TALLER_5002A,20250621,1
TALLER_5003A,20250621,1
TALLER_5001A,20250622,1
TALLER_5002A,20250622,1
TALLER_5003A,20250622,1
TALLER_5001A,20250623,1
TALLER_5002A,20250623,1
TALLER_5003A,20250623,1
TALLER_5001A,20250624,1
TALLER_5002A,20250624,1
TALLER_5003A,20250624,1
TALLER_5001A,20250625,1
TALLER_5002A,20250625,1
TALLER_5003A,20250625,1
TALLER_5001A,20250626,1
TALLER_5002A,20250626,1
TALLER_5003A,20250626,1
TALLER_5001A,20250627,1
TALLER_5002A,20250627,1
TALLER_5003A,20250627,1
TALLER_5001A,20250628,1
TALLER_5002A,20250628,1
TALLER_5003A,20250628,1
TALLER_5001A,20250629,1
TALLER_5002A,20250629,1
TALLER_5003A,20250629,1
TALLER_5001A,20250630,1
TALLER_5002A,20250630,1
TALLER_5003A,20250630,1
