route_id,service_id,trip_id,trip_headsign,direction_id,block_id,shape_id
1,24001ILA_0101,24001ILA_0101_2,PCTCAN-UNEATLANTICO,1,,Route_372
1,24001ILA_0101,24001ILA_0101_3,GONZALEZ TREVILLA,0,,Route_380
1,24001ILA_0101,24001ILA_0101_4,PCTCAN-UNEATLANTICO,1,,Route_372
1,24001ILA_0101,24001ILA_0101_5,GONZALEZ TREVILLA,0,,Route_380
1,24001ILA_0101,24001ILA_0101_6,PCTCAN-UNEATLANTICO,1,,Route_372
1,24001ILA_0101,24001ILA_0101_7,GONZALEZ TREVILLA,0,,Route_380
1,24001ILA_0102,24001ILA_0102_2,PCTCAN-UNEATLANTICO,1,,Route_372
1,24001ILA_0102,24001ILA_0102_3,GONZALEZ TREVILLA,0,,Route_380
1,24001ILA_0102,24001ILA_0102_4,PCTCAN-UNEATLANTICO,1,,Route_372
1,24001ILA_0102,24001ILA_0102_5,GONZALEZ TREVILLA,0,,Route_380
1,24001ILA_0102,24001ILA_0102_6,PCTCAN-UNEATLANTICO,1,,Route_372
1,24001ILA_0102,24001ILA_0102_7,GONZALEZ TREVILLA,0,,Route_380
1,24001ILA_0102,24001ILA_0102_8,PCTCAN-UNEATLANTICO,1,,Route_372
1,24001ILA_0102,24001ILA_0102_9,GONZALEZ TREVILLA,0,,Route_380
1,24001ILA_0102,24001ILA_0102_10,PCTCAN-UNEATLANTICO,1,,Route_372
1,24001ILA_0102,24001ILA_0102_11,GONZALEZ TREVILLA,0,,Route_380
1,24001ILA_0102,24001ILA_0102_12,PCTCAN-UNEATLANTICO,1,,Route_372
1,24001ILA_0102,24001ILA_0102_13,GONZALEZ TREVILLA,0,,Route_380
1,24001ILA_0102,24001ILA_0102_14,PCTCAN-UNEATLANTICO,1,,Route_372
1,24001ILA_0102,24001ILA_0102_15,GONZALEZ TREVILLA,0,,Route_380
1,24001ILA_0102,24001ILA_0102_16,PCTCAN-UNEATLANTICO,1,,Route_372
1,24001ILA_0103,24001ILA_0103_2,PCTCAN-UNEATLANTICO,1,,Route_372
1,24001ILA_0103,24001ILA_0103_3,GONZALEZ TREVILLA,0,,Route_380
1,24001ILA_0103,24001ILA_0103_4,PCTCAN-UNEATLANTICO,1,,Route_372
1,24001ILA_0103,24001ILA_0103_5,GONZALEZ TREVILLA,0,,Route_380
1,24001ILA_0103,24001ILA_0103_6,PCTCAN-UNEATLANTICO,1,,Route_372
1,24001ILA_0103,24001ILA_0103_7,GONZALEZ TREVILLA,0,,Route_380
1,24001ILA_0103,24001ILA_0103_8,PCTCAN-UNEATLANTICO,1,,Route_372
1,24001ILA_0103,24001ILA_0103_9,GONZALEZ TREVILLA,0,,Route_380
1,24001ILA_0103,24001ILA_0103_10,PCTCAN-UNEATLANTICO,1,,Route_372
1,24001ILA_0103,24001ILA_0103_11,GONZALEZ TREVILLA,0,,Route_380
1,24001ILA_0103,24001ILA_0103_12,PCTCAN-UNEATLANTICO,1,,Route_372
1,24001ILA_0103,24001ILA_0103_13,GONZALEZ TREVILLA,0,,Route_380
1,24001ILA_0103,24001ILA_0103_14,PCTCAN-UNEATLANTICO,1,,Route_372
1,24001ILA_0103,24001ILA_0103_15,GONZALEZ TREVILLA,0,,Route_380
1,24001ILA_0103,24001ILA_0103_16,PCTCAN-UNEATLANTICO,1,,Route_372
1,24001ILA_0103,24001ILA_0103_17,GONZALEZ TREVILLA,0,,Route_380
1,24001ILA_0104,24001ILA_0104_2,PCTCAN-UNEATLANTICO,1,,Route_372
1,24001ILA_0104,24001ILA_0104_3,GONZALEZ TREVILLA,0,,Route_380
1,24001ILA_0104,24001ILA_0104_4,PCTCAN-UNEATLANTICO,1,,Route_372
1,24001ILA_0104,24001ILA_0104_5,GONZALEZ TREVILLA,0,,Route_380
1,24001ILA_0104,24001ILA_0104_6,PCTCAN-UNEATLANTICO,1,,Route_372
1,24001ILA_0104,24001ILA_0104_7,GONZALEZ TREVILLA,0,,Route_380
1,24001ILA_0104,24001ILA_0104_8,PCTCAN-UNEATLANTICO,1,,Route_372
1,24001ILA_0104,24001ILA_0104_9,GONZALEZ TREVILLA,0,,Route_380
1,24001ILA_0104,24001ILA_0104_10,PCTCAN-UNEATLANTICO,1,,Route_372
1,24001ILA_0104,24001ILA_0104_11,GONZALEZ TREVILLA,0,,Route_380
1,24001ILA_0104,24001ILA_0104_12,PCTCAN-UNEATLANTICO,1,,Route_372
1,24001ILA_0104,24001ILA_0104_13,GONZALEZ TREVILLA,0,,Route_380
1,24001ILA_0104,24001ILA_0104_14,PCTCAN-UNEATLANTICO,1,,Route_372
1,24001ILA_0104,24001ILA_0104_15,GONZALEZ TREVILLA,0,,Route_380
1,24001ILA_0104,24001ILA_0104_16,PCTCAN-UNEATLANTICO,1,,Route_372
1,24001ILA_0104,24001ILA_0104_17,GONZALEZ TREVILLA,0,,Route_380
1,24001ILA_0105,24001ILA_0105_2,PCTCAN-UNEATLANTICO,1,,Route_372
1,24001ILA_0105,24001ILA_0105_3,GONZALEZ TREVILLA,0,,Route_380
1,24001ILA_0105,24001ILA_0105_4,PCTCAN-UNEATLANTICO,1,,Route_372
1,24001ILA_0105,24001ILA_0105_5,GONZALEZ TREVILLA,0,,Route_380
1,24001ILA_0105,24001ILA_0105_6,PCTCAN-UNEATLANTICO,1,,Route_372
1,24001ILA_0105,24001ILA_0105_7,GONZALEZ TREVILLA,0,,Route_380
1,24001ILA_0105,24001ILA_0105_8,PCTCAN-UNEATLANTICO,1,,Route_372
1,24001ILA_0105,24001ILA_0105_9,GONZALEZ TREVILLA,0,,Route_380
1,24001ILA_0105,24001ILA_0105_10,PCTCAN-UNEATLANTICO,1,,Route_372
1,24001ILA_0105,24001ILA_0105_11,GONZALEZ TREVILLA,0,,Route_380
1,24001ILA_0105,24001ILA_0105_12,PCTCAN-UNEATLANTICO,1,,Route_372
1,24001ILA_0105,24001ILA_0105_13,GONZALEZ TREVILLA,0,,Route_380
1,24001ILA_0105,24001ILA_0105_14,PCTCAN-UNEATLANTICO,1,,Route_372
1,24001ILA_0105,24001ILA_0105_15,GONZALEZ TREVILLA,0,,Route_380
1,24001ILA_0105,24001ILA_0105_16,PCTCAN-UNEATLANTICO,1,,Route_372
1,24001ILA_0105,24001ILA_0105_17,GONZALEZ TREVILLA,0,,Route_380
1,24001ILA_0106,24001ILA_0106_2,PCTCAN-UNEATLANTICO,1,,Route_372
1,24001ILA_0106,24001ILA_0106_3,GONZALEZ TREVILLA,0,,Route_380
1,24001ILA_0106,24001ILA_0106_4,PCTCAN-UNEATLANTICO,1,,Route_372
1,24001ILA_0106,24001ILA_0106_5,GONZALEZ TREVILLA,0,,Route_380
1,24001ILA_0106,24001ILA_0106_6,PCTCAN-UNEATLANTICO,1,,Route_372
1,24001ILA_0106,24001ILA_0106_7,GONZALEZ TREVILLA,0,,Route_380
1,24001ILA_0106,24001ILA_0106_8,PCTCAN-UNEATLANTICO,1,,Route_372
1,24EILA_0107,24EILA_0107_2,PCTCAN-UNEATLANTICO,1,,Route_372
1,24EILA_0107,24EILA_0107_3,GONZALEZ TREVILLA,0,,Route_380
1,24EILA_0107,24EILA_0107_4,PCTCAN-UNEATLANTICO,1,,Route_372
1,24EILA_0107,24EILA_0107_5,GONZALEZ TREVILLA,0,,Route_380
1,24EILA_0107,24EILA_0107_6,PCTCAN-UNEATLANTICO,1,,Route_372
1,24EILA_0107,24EILA_0107_7,GONZALEZ TREVILLA,0,,Route_380
1,24EILA_0107,24EILA_0107_8,PCTCAN-UNEATLANTICO,1,,Route_372
1,24001ILA_0111,24001ILA_0111_2,GONZALEZ TREVILLA,0,,Route_380
1,24001ILA_0111,24001ILA_0111_3,PCTCAN-UNEATLANTICO,1,,Route_372
1,24001ILA_0111,24001ILA_0111_4,GONZALEZ TREVILLA,0,,Route_380
1,24001ILA_0111,24001ILA_0111_5,PCTCAN-UNEATLANTICO,1,,Route_372
1,24001ILA_0111,24001ILA_0111_6,GONZALEZ TREVILLA,0,,Route_380
1,24001ILA_0111,24001ILA_0111_7,PCTCAN-UNEATLANTICO,1,,Route_372
2,24001ILA_0111,24001ILA_0111_8,CORBAN,1,,Route_180
1,24001ILA_0116,24001ILA_0116_2,GONZALEZ TREVILLA,0,,Route_380
1,24001ILA_0116,24001ILA_0116_3,PCTCAN-UNEATLANTICO,1,,Route_372
1,24001ILA_0116,24001ILA_0116_4,GONZALEZ TREVILLA,0,,Route_380
1,24001ILA_0116,24001ILA_0116_5,PCTCAN-UNEATLANTICO,1,,Route_372
1,24001ILA_0116,24001ILA_0116_6,GONZALEZ TREVILLA,0,,Route_380
1,24001ILA_0116,24001ILA_0116_7,PCTCAN-UNEATLANTICO,1,,Route_372
1,24001ILA_0116,24001ILA_0116_8,GONZALEZ TREVILLA,0,,Route_380
1,24001ILA_0116,24001ILA_0116_9,PCTCAN-UNEATLANTICO,1,,Route_372
12,24001ILA_0116,24001ILA_0116_10,CARREFOUR,0,,Route_388
1,24001ILA_0117,24001ILA_0117_2,GONZALEZ TREVILLA,0,,Route_380
1,24001ILA_0117,24001ILA_0117_3,PCTCAN-UNEATLANTICO,1,,Route_372
1,24001ILA_0117,24001ILA_0117_4,GONZALEZ TREVILLA,0,,Route_380
1,24001ILA_0117,24001ILA_0117_5,PCTCAN-UNEATLANTICO,1,,Route_372
1,24001ILA_0117,24001ILA_0117_6,GONZALEZ TREVILLA,0,,Route_380
1,24001ILA_0117,24001ILA_0117_7,PCTCAN-UNEATLANTICO,1,,Route_372
2,24001ILA_0117,24001ILA_0117_8,CONSUELO BERGES,0,,Route_382
2,24002ILA_0201,24002ILA_0201_2,CORBAN,1,,Route_180
2,24002ILA_0201,24002ILA_0201_3,CONSUELO BERGES,0,,Route_382
2,24002ILA_0201,24002ILA_0201_4,CORBAN,1,,Route_180
2,24002ILA_0201,24002ILA_0201_5,CONSUELO BERGES,0,,Route_382
2,24002ILA_0201,24002ILA_0201_6,CORBAN,1,,Route_180
2,24002ILA_0201,24002ILA_0201_7,CONSUELO BERGES,0,,Route_382
2,24002ILA_0202,24002ILA_0202_2,CONSUELO BERGES,0,,Route_382
2,24002ILA_0202,24002ILA_0202_3,CORBAN,1,,Route_180
2,24002ILA_0202,24002ILA_0202_4,CONSUELO BERGES,0,,Route_382
2,24002ILA_0202,24002ILA_0202_5,CORBAN,1,,Route_180
2,24002ILA_0202,24002ILA_0202_6,CONSUELO BERGES,0,,Route_382
2,24002ILA_0202,24002ILA_0202_7,CORBAN,1,,Route_180
2,24002ILA_0202,24002ILA_0202_8,CONSUELO BERGES,0,,Route_382
2,24002ILA_0202,24002ILA_0202_9,CORBAN,1,,Route_180
2,24002ILA_0202,24002ILA_0202_10,CONSUELO BERGES,0,,Route_382
2,24002ILA_0202,24002ILA_0202_11,CORBAN,1,,Route_180
2,24002ILA_0202,24002ILA_0202_12,CONSUELO BERGES,0,,Route_382
2,24002ILA_0202,24002ILA_0202_13,CORBAN,1,,Route_180
2,24002ILA_0202,24002ILA_0202_14,CONSUELO BERGES,0,,Route_382
2,24002ILA_0202,24002ILA_0202_15,CORBAN,1,,Route_180
2,24002ILA_0202,24002ILA_0202_16,CONSUELO BERGES,0,,Route_382
2,24002ILA_0202,24002ILA_0202_17,CORBAN,1,,Route_180
2,24002ILA_0203,24002ILA_0203_2,CONSUELO BERGES,0,,Route_382
2,24002ILA_0203,24002ILA_0203_3,CORBAN,1,,Route_180
2,24002ILA_0203,24002ILA_0203_4,CONSUELO BERGES,0,,Route_382
2,24002ILA_0203,24002ILA_0203_5,CORBAN,1,,Route_180
2,24002ILA_0203,24002ILA_0203_6,CONSUELO BERGES,0,,Route_382
2,24002ILA_0203,24002ILA_0203_7,CORBAN,1,,Route_180
2,24002ILA_0203,24002ILA_0203_8,CONSUELO BERGES,0,,Route_382
2,24002ILA_0203,24002ILA_0203_9,CORBAN,1,,Route_180
2,24002ILA_0203,24002ILA_0203_10,CONSUELO BERGES,0,,Route_382
2,24002ILA_0203,24002ILA_0203_11,CORBAN,1,,Route_180
2,24002ILA_0203,24002ILA_0203_12,CONSUELO BERGES,0,,Route_382
2,24002ILA_0203,24002ILA_0203_13,CORBAN,1,,Route_180
2,24002ILA_0203,24002ILA_0203_14,CONSUELO BERGES,0,,Route_382
2,24002ILA_0203,24002ILA_0203_15,CORBAN,1,,Route_180
2,24002ILA_0203,24002ILA_0203_16,CONSUELO BERGES,0,,Route_382
2,24002ILA_0203,24002ILA_0203_17,CORBAN,1,,Route_180
2,24002ILA_0204,24002ILA_0204_2,CONSUELO BERGES,0,,Route_382
2,24002ILA_0204,24002ILA_0204_3,CORBAN,1,,Route_180
2,24002ILA_0204,24002ILA_0204_4,CONSUELO BERGES,0,,Route_382
2,24002ILA_0204,24002ILA_0204_5,CORBAN,1,,Route_180
2,24002ILA_0204,24002ILA_0204_6,CONSUELO BERGES,0,,Route_382
2,24002ILA_0204,24002ILA_0204_7,CORBAN,1,,Route_180
2,24002ILA_0204,24002ILA_0204_8,CONSUELO BERGES,0,,Route_382
2,24002ILA_0204,24002ILA_0204_9,CORBAN,1,,Route_180
2,24002ILA_0204,24002ILA_0204_10,CONSUELO BERGES,0,,Route_382
2,24002ILA_0204,24002ILA_0204_11,CORBAN,1,,Route_180
2,24002ILA_0204,24002ILA_0204_12,CONSUELO BERGES,0,,Route_382
2,24002ILA_0204,24002ILA_0204_13,CORBAN,1,,Route_180
2,24002ILA_0204,24002ILA_0204_14,CONSUELO BERGES,0,,Route_382
2,24002ILA_0204,24002ILA_0204_15,CORBAN,1,,Route_180
2,24002ILA_0204,24002ILA_0204_16,CONSUELO BERGES,0,,Route_382
2,24002ILA_0204,24002ILA_0204_17,CORBAN,1,,Route_180
2,24002ILA_0204,24002ILA_0204_18,CONSUELO BERGES,0,,Route_382
2,24002ILA_0205,24002ILA_0205_2,CONSUELO BERGES,0,,Route_382
2,24002ILA_0205,24002ILA_0205_3,CORBAN,1,,Route_180
2,24002ILA_0205,24002ILA_0205_4,CONSUELO BERGES,0,,Route_382
2,24002ILA_0205,24002ILA_0205_5,CORBAN,1,,Route_180
2,24002ILA_0205,24002ILA_0205_6,CONSUELO BERGES,0,,Route_382
2,24002ILA_0205,24002ILA_0205_7,CORBAN,1,,Route_180
2,24002ILA_0205,24002ILA_0205_8,CONSUELO BERGES,0,,Route_382
2,24002ILA_0205,24002ILA_0205_9,CORBAN,1,,Route_180
2,24002ILA_0205,24002ILA_0205_10,CONSUELO BERGES,0,,Route_382
2,24002ILA_0205,24002ILA_0205_11,CORBAN,1,,Route_180
2,24002ILA_0205,24002ILA_0205_12,CONSUELO BERGES,0,,Route_382
2,24002ILA_0205,24002ILA_0205_13,CORBAN,1,,Route_180
2,24002ILA_0205,24002ILA_0205_14,CONSUELO BERGES,0,,Route_382
2,24002ILA_0205,24002ILA_0205_15,CORBAN,1,,Route_180
2,24002ILA_0205,24002ILA_0205_16,CONSUELO BERGES,0,,Route_382
2,24002ILA_0205,24002ILA_0205_17,CORBAN,1,,Route_180
2,24002ILA_0205,24002ILA_0205_18,CONSUELO BERGES,0,,Route_382
2,24002ILA_0206,24002ILA_0206_2,CONSUELO BERGES,0,,Route_382
2,24002ILA_0206,24002ILA_0206_3,CORBAN,1,,Route_180
2,24002ILA_0206,24002ILA_0206_4,CONSUELO BERGES,0,,Route_382
2,24002ILA_0206,24002ILA_0206_5,CORBAN,1,,Route_180
2,24002ILA_0206,24002ILA_0206_6,CONSUELO BERGES,0,,Route_382
2,24002ILA_0206,24002ILA_0206_7,CORBAN,1,,Route_180
2,24002ILA_0206,24002ILA_0206_8,CONSUELO BERGES,0,,Route_382
2,24002ILA_0206,24002ILA_0206_9,CORBAN,1,,Route_180
2,24002ILA_0206,24002ILA_0206_10,CONSUELO BERGES,0,,Route_382
2,24002ILA_0206,24002ILA_0206_11,CORBAN,1,,Route_180
2,24002ILA_0206,24002ILA_0206_12,CONSUELO BERGES,0,,Route_382
2,24002ILA_0206,24002ILA_0206_13,CORBAN,1,,Route_180
2,24002ILA_0206,24002ILA_0206_14,CONSUELO BERGES,0,,Route_382
2,24002ILA_0206,24002ILA_0206_15,CORBAN,1,,Route_180
2,24002ILA_0206,24002ILA_0206_16,CONSUELO BERGES,0,,Route_382
2,24002ILA_0206,24002ILA_0206_17,CORBAN,1,,Route_180
2,24002ILA_0207,24002ILA_0207_2,CONSUELO BERGES,0,,Route_382
2,24002ILA_0207,24002ILA_0207_3,CORBAN,1,,Route_180
2,24002ILA_0207,24002ILA_0207_4,CONSUELO BERGES,0,,Route_382
2,24002ILA_0207,24002ILA_0207_5,CORBAN,1,,Route_180
2,24002ILA_0207,24002ILA_0207_6,CONSUELO BERGES,0,,Route_382
2,24002ILA_0207,24002ILA_0207_7,CORBAN,1,,Route_180
2,24002ILA_0207,24002ILA_0207_8,CONSUELO BERGES,0,,Route_382
2,24002ILA_0207,24002ILA_0207_9,CORBAN,1,,Route_180
2,24002ILA_0207,24002ILA_0207_10,CONSUELO BERGES,0,,Route_382
2,24002ILA_0207,24002ILA_0207_11,CORBAN,1,,Route_180
2,24002ILA_0207,24002ILA_0207_12,CONSUELO BERGES,0,,Route_382
2,24002ILA_0207,24002ILA_0207_13,CORBAN,1,,Route_180
2,24002ILA_0207,24002ILA_0207_14,CONSUELO BERGES,0,,Route_382
2,24002ILA_0207,24002ILA_0207_15,CORBAN,1,,Route_180
2,24002ILA_0211,24002ILA_0211_2,CONSUELO BERGES,0,,Route_382
2,24002ILA_0211,24002ILA_0211_3,CORBAN,1,,Route_180
2,24002ILA_0211,24002ILA_0211_4,CONSUELO BERGES,0,,Route_382
2,24002ILA_0211,24002ILA_0211_5,CORBAN,1,,Route_180
2,24002ILA_0211,24002ILA_0211_6,CONSUELO BERGES,0,,Route_382
2,24002ILA_0211,24002ILA_0211_7,CORBAN,1,,Route_180
2,24002ILA_0211,24002ILA_0211_8,CONSUELO BERGES,0,,Route_382
3,24003ILA_0301,24003ILA_0301_2,OJAIZ,1,,Route_11
3,24003ILA_0301,24003ILA_0301_3,RECTORADO,0,,Route_384
3,24003ILA_0301,24003ILA_0301_4,OJAIZ,1,,Route_13
3,24003ILA_0301,24003ILA_0301_5,RECTORADO,0,,Route_384
3,24003ILA_0301,24003ILA_0301_6,OJAIZ,1,,Route_13
3,24003ILA_0301,24003ILA_0301_7,PASEO DE PEREDA 35,0,,Route_383
3,24003ILA_0301,24003ILA_0301_8,OJAIZ,1,,Route_11
3,24003ILA_0301,24003ILA_0301_9,PASEO DE PEREDA 35,0,,Route_383
3,24003ILA_0301,24003ILA_0301_10,OJAIZ,1,,Route_11
3,24003ILA_0301,24003ILA_0301_11,RECTORADO,0,,Route_384
3,24003ILA_0301,24003ILA_0301_12,OJAIZ,1,,Route_13
3,24003ILA_0301,24003ILA_0301_13,RECTORADO,0,,Route_384
3,24003ILA_0301,24003ILA_0301_14,OJAIZ,1,,Route_13
3,24003ILA_0301,24003ILA_0301_15,PASEO DE PEREDA 35,0,,Route_383
3,24003ILA_0301,24003ILA_0301_16,OJAIZ,1,,Route_11
3,24003ILA_0301,24003ILA_0301_17,PASEO DE PEREDA 35,0,,Route_383
3,24003ILA_0301,24003ILA_0301_18,OJAIZ,1,,Route_11
3,24003ILA_0301,24003ILA_0301_19,RECTORADO,0,,Route_384
3,24003ILA_0301,24003ILA_0301_20,OJAIZ,1,,Route_13
3,24003ILA_0301,24003ILA_0301_21,RECTORADO,0,,Route_384
3,24003ILA_0302,24003ILA_0302_2,OJAIZ,1,,Route_13
3,24003ILA_0302,24003ILA_0302_3,RECTORADO,0,,Route_384
3,24003ILA_0302,24003ILA_0302_4,OJAIZ,1,,Route_13
3,24003ILA_0302,24003ILA_0302_5,RECTORADO,0,,Route_384
3,24003ILA_0302,24003ILA_0302_6,OJAIZ,1,,Route_13
3,24003ILA_0302,24003ILA_0302_7,PASEO DE PEREDA 35,0,,Route_383
3,24003ILA_0302,24003ILA_0302_8,OJAIZ,1,,Route_11
3,24003ILA_0302,24003ILA_0302_9,PASEO DE PEREDA 35,0,,Route_383
3,24003ILA_0302,24003ILA_0302_10,OJAIZ,1,,Route_11
3,24003ILA_0302,24003ILA_0302_11,RECTORADO,0,,Route_384
3,24003ILA_0302,24003ILA_0302_12,OJAIZ,1,,Route_13
3,24003ILA_0302,24003ILA_0302_13,RECTORADO,0,,Route_384
3,24003ILA_0302,24003ILA_0302_14,OJAIZ,1,,Route_13
3,24003ILA_0302,24003ILA_0302_15,PASEO DE PEREDA 35,0,,Route_383
3,24003ILA_0302,24003ILA_0302_16,OJAIZ,1,,Route_11
3,24003ILA_0302,24003ILA_0302_17,PASEO DE PEREDA 35,0,,Route_383
3,24003ILA_0302,24003ILA_0302_18,OJAIZ,1,,Route_11
3,24003ILA_0302,24003ILA_0302_19,RECTORADO,0,,Route_384
3,24003ILA_0302,24003ILA_0302_20,OJAIZ,1,,Route_13
3,24003ILA_0302,24003ILA_0302_21,RECTORADO,0,,Route_384
3,24003ILA_0302,24003ILA_0302_22,OJAIZ,1,,Route_13
3,24003ILA_0302,24003ILA_0302_23,RECTORADO,0,,Route_384
51,24003ILA_0302,24003ILA_0302_24,MIRANDA,0,,Route_189
3,24003ILA_0303,24003ILA_0303_2,OJAIZ,1,,Route_13
3,24003ILA_0303,24003ILA_0303_3,RECTORADO,0,,Route_384
3,24003ILA_0303,24003ILA_0303_4,OJAIZ,1,,Route_13
3,24003ILA_0303,24003ILA_0303_5,PASEO DE PEREDA 35,0,,Route_383
3,24003ILA_0303,24003ILA_0303_6,OJAIZ,1,,Route_11
3,24003ILA_0303,24003ILA_0303_7,PASEO DE PEREDA 35,0,,Route_383
3,24003ILA_0303,24003ILA_0303_8,OJAIZ,1,,Route_11
3,24003ILA_0303,24003ILA_0303_9,RECTORADO,0,,Route_384
3,24003ILA_0303,24003ILA_0303_10,OJAIZ,1,,Route_13
3,24003ILA_0303,24003ILA_0303_11,RECTORADO,0,,Route_384
3,24003ILA_0303,24003ILA_0303_12,OJAIZ,1,,Route_13
3,24003ILA_0303,24003ILA_0303_13,RECTORADO,0,,Route_384
3,24003ILA_0303,24003ILA_0303_14,OJAIZ,1,,Route_13
3,24003ILA_0303,24003ILA_0303_15,PASEO DE PEREDA 35,0,,Route_383
3,24003ILA_0303,24003ILA_0303_16,OJAIZ,1,,Route_11
3,24003ILA_0303,24003ILA_0303_17,PASEO DE PEREDA 35,0,,Route_383
3,24003ILA_0303,24003ILA_0303_18,OJAIZ,1,,Route_11
3,24003ILA_0303,24003ILA_0303_19,RECTORADO,0,,Route_384
3,24003ILA_0303,24003ILA_0303_20,OJAIZ,1,,Route_13
3,24003ILA_0303,24003ILA_0303_21,RECTORADO,0,,Route_384
3,24003ILA_0303,24003ILA_0303_22,OJAIZ,1,,Route_13
3,24003ILA_0303,24003ILA_0303_23,PASEO DE PEREDA 35,0,,Route_383
3,24003ILA_0303,24003ILA_0303_24,OJAIZ,1,,Route_11
3,24003ILA_0304,24003ILA_0304_2,OJAIZ,1,,Route_11
3,24003ILA_0304,24003ILA_0304_3,RECTORADO,0,,Route_384
3,24003ILA_0304,24003ILA_0304_4,OJAIZ,1,,Route_13
3,24003ILA_0304,24003ILA_0304_5,PASEO DE PEREDA 35,0,,Route_383
3,24003ILA_0304,24003ILA_0304_6,OJAIZ,1,,Route_11
3,24003ILA_0304,24003ILA_0304_7,PASEO DE PEREDA 35,0,,Route_383
3,24003ILA_0304,24003ILA_0304_8,OJAIZ,1,,Route_11
3,24003ILA_0304,24003ILA_0304_9,RECTORADO,0,,Route_384
3,24003ILA_0304,24003ILA_0304_10,OJAIZ,1,,Route_13
3,24003ILA_0304,24003ILA_0304_11,RECTORADO,0,,Route_384
3,24003ILA_0304,24003ILA_0304_12,OJAIZ,1,,Route_13
3,24003ILA_0304,24003ILA_0304_13,RECTORADO,0,,Route_384
3,24003ILA_0304,24003ILA_0304_14,OJAIZ,1,,Route_13
3,24003ILA_0304,24003ILA_0304_15,PASEO DE PEREDA 35,0,,Route_383
3,24003ILA_0304,24003ILA_0304_16,OJAIZ,1,,Route_11
3,24003ILA_0304,24003ILA_0304_17,PASEO DE PEREDA 35,0,,Route_383
3,24003ILA_0304,24003ILA_0304_18,OJAIZ,1,,Route_11
3,24003ILA_0304,24003ILA_0304_19,RECTORADO,0,,Route_384
3,24003ILA_0304,24003ILA_0304_20,OJAIZ,1,,Route_13
3,24003ILA_0304,24003ILA_0304_21,PASEO DE PEREDA 35,0,,Route_383
3,24003ILA_0304,24003ILA_0304_22,OJAIZ,1,,Route_11
3,24003ILA_0304,24003ILA_0304_23,PASEO DE PEREDA 35,0,,Route_383
3,24003ILA_0304,24003ILA_0304_24,OJAIZ,1,,Route_11
4,24004ILA_0401,24004ILA_0401_2,BARRIO PESQUERO,0,,Route_187
4,24004ILA_0401,24004ILA_0401_3,RECTORADO,1,,Route_184
4,24004ILA_0401,24004ILA_0401_4,BARRIO PESQUERO,0,,Route_183
4,24004ILA_0401,24004ILA_0401_5,RECTORADO,1,,Route_184
4,24004ILA_0401,24004ILA_0401_6,BARRIO PESQUERO,0,,Route_183
4,24004ILA_0401,24004ILA_0401_7,INTERCAMBIADOR SARDINERO,1,,Route_186
4,24004ILA_0401,24004ILA_0401_8,BARRIO PESQUERO,0,,Route_185
4,24004ILA_0401,24004ILA_0401_9,INTERCAMBIADOR SARDINERO,1,,Route_186
4,24004ILA_0401,24004ILA_0401_10,BARRIO PESQUERO,0,,Route_185
4,24004ILA_0401,24004ILA_0401_11,INTERCAMBIADOR SARDINERO,1,,Route_186
4,24004ILA_0401,24004ILA_0401_12,BARRIO PESQUERO,0,,Route_185
4,24004ILA_0401,24004ILA_0401_13,RECTORADO,1,,Route_184
4,24004ILA_0401,24004ILA_0401_14,BARRIO PESQUERO,0,,Route_183
4,24004ILA_0402,24004ILA_0402_2,BARRIO PESQUERO,0,,Route_183
4,24004ILA_0402,24004ILA_0402_3,RECTORADO,1,,Route_184
4,24004ILA_0402,24004ILA_0402_4,BARRIO PESQUERO,0,,Route_183
4,24004ILA_0402,24004ILA_0402_5,RECTORADO,1,,Route_184
4,24004ILA_0402,24004ILA_0402_6,BARRIO PESQUERO,0,,Route_183
4,24004ILA_0402,24004ILA_0402_7,INTERCAMBIADOR SARDINERO,1,,Route_186
4,24004ILA_0402,24004ILA_0402_8,BARRIO PESQUERO,0,,Route_185
4,24004ILA_0402,24004ILA_0402_9,INTERCAMBIADOR SARDINERO,1,,Route_186
4,24004ILA_0402,24004ILA_0402_10,BARRIO PESQUERO,0,,Route_185
4,24004ILA_0402,24004ILA_0402_11,INTERCAMBIADOR SARDINERO,1,,Route_186
4,24004ILA_0402,24004ILA_0402_12,BARRIO PESQUERO,0,,Route_185
4,24004ILA_0402,24004ILA_0402_13,RECTORADO,1,,Route_184
4,24004ILA_0402,24004ILA_0402_14,BARRIO PESQUERO,0,,Route_183
4,24004ILA_0403,24004ILA_0403_2,BARRIO PESQUERO,0,,Route_187
4,24004ILA_0403,24004ILA_0403_3,RECTORADO,1,,Route_184
4,24004ILA_0403,24004ILA_0403_4,BARRIO PESQUERO,0,,Route_183
4,24004ILA_0403,24004ILA_0403_5,INTERCAMBIADOR SARDINERO,1,,Route_186
4,24004ILA_0403,24004ILA_0403_6,BARRIO PESQUERO,0,,Route_185
4,24004ILA_0403,24004ILA_0403_7,INTERCAMBIADOR SARDINERO,1,,Route_186
4,24004ILA_0403,24004ILA_0403_8,BARRIO PESQUERO,0,,Route_185
4,24004ILA_0403,24004ILA_0403_9,INTERCAMBIADOR SARDINERO,1,,Route_186
4,24004ILA_0403,24004ILA_0403_10,BARRIO PESQUERO,0,,Route_185
4,24004ILA_0403,24004ILA_0403_11,RECTORADO,1,,Route_184
4,24004ILA_0403,24004ILA_0403_12,BARRIO PESQUERO,0,,Route_183
4,24004ILA_0403,24004ILA_0403_13,RECTORADO,1,,Route_184
4,24004ILA_0403,24004ILA_0403_14,BARRIO PESQUERO,0,,Route_183
4,24004ILA_0404,24004ILA_0404_2,BARRIO PESQUERO,0,,Route_183
4,24004ILA_0404,24004ILA_0404_3,RECTORADO,1,,Route_184
4,24004ILA_0404,24004ILA_0404_4,BARRIO PESQUERO,0,,Route_183
4,24004ILA_0404,24004ILA_0404_5,INTERCAMBIADOR SARDINERO,1,,Route_186
4,24004ILA_0404,24004ILA_0404_6,BARRIO PESQUERO,0,,Route_185
4,24004ILA_0404,24004ILA_0404_7,INTERCAMBIADOR SARDINERO,1,,Route_186
4,24004ILA_0404,24004ILA_0404_8,BARRIO PESQUERO,0,,Route_185
4,24004ILA_0404,24004ILA_0404_9,INTERCAMBIADOR SARDINERO,1,,Route_186
4,24004ILA_0404,24004ILA_0404_10,BARRIO PESQUERO,0,,Route_185
4,24004ILA_0404,24004ILA_0404_11,RECTORADO,1,,Route_184
4,24004ILA_0404,24004ILA_0404_12,BARRIO PESQUERO,0,,Route_183
4,24004ILA_0404,24004ILA_0404_13,RECTORADO,1,,Route_184
4,24004ILA_0411,24004ILA_0411_2,RECTORADO,1,,Route_184
4,24004ILA_0411,24004ILA_0411_3,BARRIO PESQUERO,0,,Route_183
4,24004ILA_0411,24004ILA_0411_4,INTERCAMBIADOR SARDINERO,1,,Route_186
4,24004ILA_0411,24004ILA_0411_5,BARRIO PESQUERO,0,,Route_185
4,24004ILA_0411,24004ILA_0411_6,INTERCAMBIADOR SARDINERO,1,,Route_186
4,24004ILA_0411,24004ILA_0411_7,BARRIO PESQUERO,0,,Route_185
4,24004ILA_0411,24004ILA_0411_8,INTERCAMBIADOR SARDINERO,1,,Route_186
4,24004ILA_0411,24004ILA_0411_9,BARRIO PESQUERO,0,,Route_185
4,24004ILA_0411,24004ILA_0411_10,RECTORADO,1,,Route_184
4,24004ILA_0411,24004ILA_0411_11,BARRIO PESQUERO,0,,Route_183
4,24004ILA_0411,24004ILA_0411_12,INTERCAMBIADOR SARDINERO,1,,Route_186
4,24004ILA_0411,24004ILA_0411_13,BARRIO PESQUERO,0,,Route_185
4,24004ILA_0411,24004ILA_0411_14,INTERCAMBIADOR SARDINERO,1,,Route_186
4,24004ILA_0412,24004ILA_0412_2,RECTORADO,1,,Route_184
4,24004ILA_0412,24004ILA_0412_3,BARRIO PESQUERO,0,,Route_183
4,24004ILA_0412,24004ILA_0412_4,INTERCAMBIADOR SARDINERO,1,,Route_186
4,24004ILA_0412,24004ILA_0412_5,BARRIO PESQUERO,0,,Route_185
4,24004ILA_0412,24004ILA_0412_6,INTERCAMBIADOR SARDINERO,1,,Route_186
4,24004ILA_0412,24004ILA_0412_7,BARRIO PESQUERO,0,,Route_185
4,24004ILA_0412,24004ILA_0412_8,INTERCAMBIADOR SARDINERO,1,,Route_186
4,24004ILA_0412,24004ILA_0412_9,BARRIO PESQUERO,0,,Route_185
4,24004ILA_0412,24004ILA_0412_10,RECTORADO,1,,Route_184
4,24004ILA_0412,24004ILA_0412_11,BARRIO PESQUERO,0,,Route_183
4,24004ILA_0412,24004ILA_0412_12,INTERCAMBIADOR SARDINERO,1,,Route_186
4,24004ILA_0412,24004ILA_0412_13,BARRIO PESQUERO,0,,Route_185
4,24004ILA_0412,24004ILA_0412_14,INTERCAMBIADOR SARDINERO,1,,Route_186
4,24004ILA_0413,24004ILA_0413_2,RECTORADO,1,,Route_184
4,24004ILA_0413,24004ILA_0413_3,BARRIO PESQUERO,0,,Route_183
4,24004ILA_0413,24004ILA_0413_4,INTERCAMBIADOR SARDINERO,1,,Route_186
4,24004ILA_0413,24004ILA_0413_5,BARRIO PESQUERO,0,,Route_185
4,24004ILA_0413,24004ILA_0413_6,INTERCAMBIADOR SARDINERO,1,,Route_186
4,24004ILA_0413,24004ILA_0413_7,BARRIO PESQUERO,0,,Route_185
4,24004ILA_0413,24004ILA_0413_8,INTERCAMBIADOR SARDINERO,1,,Route_186
4,24004ILA_0413,24004ILA_0413_9,BARRIO PESQUERO,0,,Route_185
4,24004ILA_0413,24004ILA_0413_10,INTERCAMBIADOR SARDINERO,1,,Route_186
4,24004ILA_0413,24004ILA_0413_11,BARRIO PESQUERO,0,,Route_185
4,24004ILA_0413,24004ILA_0413_12,INTERCAMBIADOR SARDINERO,1,,Route_186
4,24004ILA_0413,24004ILA_0413_13,BARRIO PESQUERO,0,,Route_185
4,24004ILA_0413,24004ILA_0413_14,INTERCAMBIADOR SARDINERO,1,,Route_186
4,24004ILA_0414,24004ILA_0414_2,BARRIO PESQUERO,0,,Route_183
4,24004ILA_0414,24004ILA_0414_3,RECTORADO,1,,Route_184
4,24004ILA_0414,24004ILA_0414_4,BARRIO PESQUERO,0,,Route_183
4,24004ILA_0414,24004ILA_0414_5,INTERCAMBIADOR SARDINERO,1,,Route_186
4,24004ILA_0414,24004ILA_0414_6,BARRIO PESQUERO,0,,Route_185
4,24004ILA_0414,24004ILA_0414_7,INTERCAMBIADOR SARDINERO,1,,Route_186
4,24004ILA_0414,24004ILA_0414_8,BARRIO PESQUERO,0,,Route_185
4,24004ILA_0414,24004ILA_0414_9,RECTORADO,1,,Route_184
4,24004ILA_0414,24004ILA_0414_10,BARRIO PESQUERO,0,,Route_183
4,24004ILA_0414,24004ILA_0414_11,INTERCAMBIADOR SARDINERO,1,,Route_186
4,24004ILA_0414,24004ILA_0414_12,BARRIO PESQUERO,0,,Route_185
4,24004ILA_0414,24004ILA_0414_13,INTERCAMBIADOR SARDINERO,1,,Route_186
4,24004ILA_0414,24004ILA_0414_14,BARRIO PESQUERO,0,,Route_185
100,24100ILA_10001,24100ILA_10001_2,INTERCAMBIADOR SARDINERO,0,,Route_394
100,24100ILA_10001,24100ILA_10001_3,INT. AVDA. VALDECILLA,1,,Route_174
100,24100ILA_10001,24100ILA_10001_4,INTERCAMBIADOR SARDINERO,0,,Route_394
100,24100ILA_10001,24100ILA_10001_5,INT. AVDA. VALDECILLA,1,,Route_174
100,24100ILA_10001,24100ILA_10001_6,INTERCAMBIADOR SARDINERO,0,,Route_394
100,24100ILA_10001,24100ILA_10001_7,INT. AVDA. VALDECILLA,1,,Route_174
100,24100ILA_10001,24100ILA_10001_8,INTERCAMBIADOR SARDINERO,0,,Route_394
100,24100ILA_10001,24100ILA_10001_9,INT. AVDA. VALDECILLA,1,,Route_174
100,24100ILA_10001,24100ILA_10001_10,INTERCAMBIADOR SARDINERO,0,,Route_394
100,24100ILA_10001,24100ILA_10001_11,INT. AVDA. VALDECILLA,1,,Route_174
100,24100ILA_10001,24100ILA_10001_12,INTERCAMBIADOR SARDINERO,0,,Route_394
100,24100ILA_10001,24100ILA_10001_13,INT. AVDA. VALDECILLA,1,,Route_174
100,24100ILA_10001,24100ILA_10001_14,INTERCAMBIADOR SARDINERO,0,,Route_394
100,24100ILA_10001,24100ILA_10001_15,INT. AVDA. VALDECILLA,1,,Route_174
100,24100ILA_10001,24100ILA_10001_16,INTERCAMBIADOR SARDINERO,0,,Route_394
100,24100ILA_10001,24100ILA_10001_17,INT. AVDA. VALDECILLA,1,,Route_174
100,24100ILA_10001,24100ILA_10001_18,INTERCAMBIADOR SARDINERO,0,,Route_394
100,24100ILA_10001,24100ILA_10001_19,INT. AVDA. VALDECILLA,1,,Route_174
100,24100ILA_10002,24100ILA_10002_2,INT. AVDA. VALDECILLA,1,,Route_174
100,24100ILA_10002,24100ILA_10002_3,INTERCAMBIADOR SARDINERO,0,,Route_394
100,24100ILA_10002,24100ILA_10002_4,INT. AVDA. VALDECILLA,1,,Route_174
100,24100ILA_10002,24100ILA_10002_5,INTERCAMBIADOR SARDINERO,0,,Route_394
100,24100ILA_10002,24100ILA_10002_6,INT. AVDA. VALDECILLA,1,,Route_174
100,24100ILA_10002,24100ILA_10002_7,INTERCAMBIADOR SARDINERO,0,,Route_394
100,24100ILA_10002,24100ILA_10002_8,INT. AVDA. VALDECILLA,1,,Route_174
100,24100ILA_10002,24100ILA_10002_9,INTERCAMBIADOR SARDINERO,0,,Route_394
100,24100ILA_10002,24100ILA_10002_10,INT. AVDA. VALDECILLA,1,,Route_174
100,24100ILA_10002,24100ILA_10002_11,INTERCAMBIADOR SARDINERO,0,,Route_394
100,24100ILA_10002,24100ILA_10002_12,INT. AVDA. VALDECILLA,1,,Route_174
100,24100ILA_10002,24100ILA_10002_13,INTERCAMBIADOR SARDINERO,0,,Route_394
100,24100ILA_10002,24100ILA_10002_14,INT. AVDA. VALDECILLA,1,,Route_174
100,24100ILA_10002,24100ILA_10002_15,INTERCAMBIADOR SARDINERO,0,,Route_394
100,24100ILA_10002,24100ILA_10002_16,INT. AVDA. VALDECILLA,1,,Route_174
100,24100ILA_10002,24100ILA_10002_17,INTERCAMBIADOR SARDINERO,0,,Route_394
100,24100ILA_10002,24100ILA_10002_18,INT. AVDA. VALDECILLA,1,,Route_174
100,24100ILA_10002,24100ILA_10002_19,INTERCAMBIADOR SARDINERO,0,,Route_394
100,24100ILA_10002,24100ILA_10002_20,INT. AVDA. VALDECILLA,1,,Route_174
100,24100ILA_10003,24100ILA_10003_2,INTERCAMBIADOR SARDINERO,0,,Route_394
100,24100ILA_10003,24100ILA_10003_3,INT. AVDA. VALDECILLA,1,,Route_174
100,24100ILA_10003,24100ILA_10003_4,INTERCAMBIADOR SARDINERO,0,,Route_394
100,24100ILA_10003,24100ILA_10003_5,INT. AVDA. VALDECILLA,1,,Route_174
100,24100ILA_10003,24100ILA_10003_6,INTERCAMBIADOR SARDINERO,0,,Route_394
100,24100ILA_10003,24100ILA_10003_7,INT. AVDA. VALDECILLA,1,,Route_174
100,24100ILA_10003,24100ILA_10003_8,INTERCAMBIADOR SARDINERO,0,,Route_394
100,24100ILA_10003,24100ILA_10003_9,INT. AVDA. VALDECILLA,1,,Route_174
100,24100ILA_10003,24100ILA_10003_10,INTERCAMBIADOR SARDINERO,0,,Route_394
100,24100ILA_10003,24100ILA_10003_11,INT. AVDA. VALDECILLA,1,,Route_174
100,24100ILA_10003,24100ILA_10003_12,INTERCAMBIADOR SARDINERO,0,,Route_394
100,24100ILA_10003,24100ILA_10003_13,INT. AVDA. VALDECILLA,1,,Route_174
100,24100ILA_10003,24100ILA_10003_14,INTERCAMBIADOR SARDINERO,0,,Route_394
100,24100ILA_10003,24100ILA_10003_15,INT. AVDA. VALDECILLA,1,,Route_174
100,24100ILA_10003,24100ILA_10003_16,INTERCAMBIADOR SARDINERO,0,,Route_394
100,24100ILA_10003,24100ILA_10003_17,INT. AVDA. VALDECILLA,1,,Route_174
100,24100ILA_10003,24100ILA_10003_18,INTERCAMBIADOR SARDINERO,0,,Route_394
100,24100ILA_10003,24100ILA_10003_19,INT. AVDA. VALDECILLA,1,,Route_174
100,24100ILA_10003,24100ILA_10003_20,INTERCAMBIADOR SARDINERO,0,,Route_394
100,24100ILA_10003,24100ILA_10003_21,INT. AVDA. VALDECILLA,1,,Route_174
100,24100ILA_10011,24100ILA_10011_3,INTERCAMBIADOR SARDINERO,0,,Route_394
100,24100ILA_10011,24100ILA_10011_4,INT. AVDA. VALDECILLA,1,,Route_174
100,24100ILA_10011,24100ILA_10011_5,INTERCAMBIADOR SARDINERO,0,,Route_394
100,24100ILA_10011,24100ILA_10011_6,INT. AVDA. VALDECILLA,1,,Route_174
100,24100ILA_10011,24100ILA_10011_7,INTERCAMBIADOR SARDINERO,0,,Route_394
100,24100ILA_10011,24100ILA_10011_8,INT. AVDA. VALDECILLA,1,,Route_174
100,24100ILA_10011,24100ILA_10011_9,INTERCAMBIADOR SARDINERO,0,,Route_394
100,24100ILA_10011,24100ILA_10011_10,INT. AVDA. VALDECILLA,1,,Route_174
100,24100ILA_10011,24100ILA_10011_11,INTERCAMBIADOR SARDINERO,0,,Route_394
100,24100ILA_10011,24100ILA_10011_12,INT. AVDA. VALDECILLA,1,,Route_174
100,24100ILA_10011,24100ILA_10011_13,INTERCAMBIADOR SARDINERO,0,,Route_394
100,24100ILA_10011,24100ILA_10011_14,INT. AVDA. VALDECILLA,1,,Route_174
100,24100ILA_10011,24100ILA_10011_15,INTERCAMBIADOR SARDINERO,0,,Route_394
100,24100ILA_10011,24100ILA_10011_16,INT. AVDA. VALDECILLA,1,,Route_174
100,24100ILA_10011,24100ILA_10011_17,INTERCAMBIADOR SARDINERO,0,,Route_394
100,24100ILA_10011,24100ILA_10011_18,INT. AVDA. VALDECILLA,1,,Route_174
100,24100ILA_10011,24100ILA_10011_19,INTERCAMBIADOR SARDINERO,0,,Route_394
100,24100ILA_10011,24100ILA_10011_20,INT. AVDA. VALDECILLA,1,,Route_174
100,24100ILA_10011,24100ILA_10011_21,INTERCAMBIADOR SARDINERO,0,,Route_394
100,24100ILA_10011,24100ILA_10011_22,INT. AVDA. VALDECILLA,1,,Route_174
100,24100ILA_10012,24100ILA_10012_3,INTERCAMBIADOR SARDINERO,0,,Route_394
100,24100ILA_10012,24100ILA_10012_4,INT. AVDA. VALDECILLA,1,,Route_174
100,24100ILA_10012,24100ILA_10012_5,INTERCAMBIADOR SARDINERO,0,,Route_394
100,24100ILA_10012,24100ILA_10012_6,INT. AVDA. VALDECILLA,1,,Route_174
100,24100ILA_10012,24100ILA_10012_7,INTERCAMBIADOR SARDINERO,0,,Route_394
100,24100ILA_10012,24100ILA_10012_8,INT. AVDA. VALDECILLA,1,,Route_174
100,24100ILA_10012,24100ILA_10012_9,INTERCAMBIADOR SARDINERO,0,,Route_394
100,24100ILA_10012,24100ILA_10012_10,INT. AVDA. VALDECILLA,1,,Route_174
100,24100ILA_10012,24100ILA_10012_11,INTERCAMBIADOR SARDINERO,0,,Route_394
100,24100ILA_10012,24100ILA_10012_12,INT. AVDA. VALDECILLA,1,,Route_174
100,24100ILA_10012,24100ILA_10012_13,INTERCAMBIADOR SARDINERO,0,,Route_394
100,24100ILA_10012,24100ILA_10012_14,INT. AVDA. VALDECILLA,1,,Route_174
100,24100ILA_10012,24100ILA_10012_15,INTERCAMBIADOR SARDINERO,0,,Route_394
100,24100ILA_10012,24100ILA_10012_16,INT. AVDA. VALDECILLA,1,,Route_174
100,24100ILA_10012,24100ILA_10012_17,INTERCAMBIADOR SARDINERO,0,,Route_394
100,24100ILA_10012,24100ILA_10012_18,INT. AVDA. VALDECILLA,1,,Route_174
100,24100ILA_10012,24100ILA_10012_19,INTERCAMBIADOR SARDINERO,0,,Route_394
100,24100ILA_10012,24100ILA_10012_20,INT. AVDA. VALDECILLA,1,,Route_174
100,24100ILA_10012,24100ILA_10012_21,INTERCAMBIADOR SARDINERO,0,,Route_394
100,24100ILA_10012,24100ILA_10012_22,INT. AVDA. VALDECILLA,1,,Route_174
100,24100ILA_10013,24100ILA_10013_5,INTERCAMBIADOR SARDINERO,0,,Route_394
100,24100ILA_10013,24100ILA_10013_6,INT. AVDA. VALDECILLA,1,,Route_174
100,24100ILA_10013,24100ILA_10013_7,INTERCAMBIADOR SARDINERO,0,,Route_394
100,24100ILA_10013,24100ILA_10013_8,INT. AVDA. VALDECILLA,1,,Route_174
100,24100ILA_10013,24100ILA_10013_9,INTERCAMBIADOR SARDINERO,0,,Route_394
100,24100ILA_10013,24100ILA_10013_10,INT. AVDA. VALDECILLA,1,,Route_174
100,24100ILA_10013,24100ILA_10013_11,INTERCAMBIADOR SARDINERO,0,,Route_394
100,24100ILA_10013,24100ILA_10013_12,INT. AVDA. VALDECILLA,1,,Route_174
100,24100ILA_10013,24100ILA_10013_13,INTERCAMBIADOR SARDINERO,0,,Route_394
100,24100ILA_10013,24100ILA_10013_14,INT. AVDA. VALDECILLA,1,,Route_174
100,24100ILA_10013,24100ILA_10013_15,INTERCAMBIADOR SARDINERO,0,,Route_394
100,24100ILA_10013,24100ILA_10013_16,INT. AVDA. VALDECILLA,1,,Route_174
100,24100ILA_10013,24100ILA_10013_17,INTERCAMBIADOR SARDINERO,0,,Route_394
100,24100ILA_10013,24100ILA_10013_18,INT. AVDA. VALDECILLA,1,,Route_174
100,24100ILA_10013,24100ILA_10013_19,INTERCAMBIADOR SARDINERO,0,,Route_394
100,24100ILA_10013,24100ILA_10013_20,INT. AVDA. VALDECILLA,1,,Route_174
100,24100ILA_10013,24100ILA_10013_21,INTERCAMBIADOR SARDINERO,0,,Route_394
100,24100ILA_10013,24100ILA_10013_22,INT. AVDA. VALDECILLA,1,,Route_174
100,24100ILA_10013,24100ILA_10013_23,INTERCAMBIADOR SARDINERO,0,,Route_394
11,24011ILA_1101,24011ILA_1101_2,PLAZA ITALIA,0,,Route_386
11,24011ILA_1101,24011ILA_1101_3,AVDA. VALDECILLA,1,,Route_387
11,24011ILA_1101,24011ILA_1101_4,PLAZA ITALIA,0,,Route_386
11,24011ILA_1101,24011ILA_1101_5,AVDA. VALDECILLA,1,,Route_387
11,24011ILA_1101,24011ILA_1101_6,PLAZA ITALIA,0,,Route_386
11,24011ILA_1101,24011ILA_1101_7,AVDA. VALDECILLA,1,,Route_387
11,24011ILA_1101,24011ILA_1101_8,PLAZA ITALIA,0,,Route_386
11,24011ILA_1101,24011ILA_1101_9,AVDA. VALDECILLA,1,,Route_387
11,24011ILA_1101,24011ILA_1101_10,PLAZA ITALIA,0,,Route_386
11,24011ILA_1101,24011ILA_1101_11,AVDA. VALDECILLA,1,,Route_387
11,24011ILA_1101,24011ILA_1101_12,PLAZA ITALIA,0,,Route_386
11,24011ILA_1101,24011ILA_1101_13,AVDA. VALDECILLA,1,,Route_387
11,24011ILA_1101,24011ILA_1101_14,PLAZA ITALIA,0,,Route_386
11,24011ILA_1101,24011ILA_1101_15,AVDA. VALDECILLA,1,,Route_387
11,24011ILA_1101,24011ILA_1101_16,PLAZA ITALIA,0,,Route_386
11,24011ILA_1101,24011ILA_1101_17,AVDA. VALDECILLA,1,,Route_387
11,24011ILA_1101,24011ILA_1101_18,PLAZA ITALIA,0,,Route_386
11,24011ILA_1101,24011ILA_1101_19,AVDA. VALDECILLA,1,,Route_387
11,24011ILA_1101,24011ILA_1101_20,PLAZA ITALIA,0,,Route_386
11,24011ILA_1101,24011ILA_1101_21,AVDA. VALDECILLA,1,,Route_387
11,24011ILA_1101,24011ILA_1101_22,PLAZA ITALIA,0,,Route_386
11,24011ILA_1101,24011ILA_1101_23,AVDA. VALDECILLA,1,,Route_387
11,24011ILA_1101,24011ILA_1101_24,PLAZA ITALIA,0,,Route_386
11,24011ILA_1101,24011ILA_1101_25,AVDA. VALDECILLA,1,,Route_387
11,24011ILA_1101,24011ILA_1101_26,PLAZA ITALIA,0,,Route_386
11,24011ILA_1101,24011ILA_1101_27,AVDA. VALDECILLA,1,,Route_387
11,24011ILA_1101,24011ILA_1101_28,PLAZA ITALIA,0,,Route_386
11,24011ILA_1101,24011ILA_1101_29,AVDA. VALDECILLA,1,,Route_387
11,24011ILA_1102,24011ILA_1102_2,AVDA. VALDECILLA,1,,Route_387
11,24011ILA_1102,24011ILA_1102_3,PLAZA ITALIA,0,,Route_386
11,24011ILA_1102,24011ILA_1102_4,AVDA. VALDECILLA,1,,Route_387
11,24011ILA_1102,24011ILA_1102_5,PLAZA ITALIA,0,,Route_386
11,24011ILA_1102,24011ILA_1102_6,AVDA. VALDECILLA,1,,Route_387
11,24011ILA_1102,24011ILA_1102_7,PLAZA ITALIA,0,,Route_386
11,24011ILA_1102,24011ILA_1102_8,AVDA. VALDECILLA,1,,Route_387
11,24011ILA_1102,24011ILA_1102_9,PLAZA ITALIA,0,,Route_386
11,24011ILA_1102,24011ILA_1102_10,AVDA. VALDECILLA,1,,Route_387
11,24011ILA_1102,24011ILA_1102_11,PLAZA ITALIA,0,,Route_386
11,24011ILA_1102,24011ILA_1102_12,AVDA. VALDECILLA,1,,Route_387
11,24011ILA_1102,24011ILA_1102_13,PLAZA ITALIA,0,,Route_386
11,24011ILA_1102,24011ILA_1102_14,AVDA. VALDECILLA,1,,Route_387
12,24012ILA_1201,24012ILA_1201_2,CARREFOUR,0,,Route_388
12,24012ILA_1201,24012ILA_1201_3,CARREFOUR,0,,Route_388
12,24012ILA_1201,24012ILA_1201_4,CARREFOUR,0,,Route_388
12,24012ILA_1201,24012ILA_1201_5,CARREFOUR,0,,Route_388
12,24012ILA_1201,24012ILA_1201_6,CARREFOUR,0,,Route_388
12,24012ILA_1201,24012ILA_1201_7,CARREFOUR,0,,Route_388
12,24012ILA_1201,24012ILA_1201_8,CARREFOUR,0,,Route_388
12,24012ILA_1201,24012ILA_1201_9,CARREFOUR,0,,Route_388
12,24012ILA_1201,24012ILA_1201_10,CARREFOUR,0,,Route_388
12,24012ILA_1201,24012ILA_1201_11,CARREFOUR,0,,Route_388
12,24012ILA_1202,24012ILA_1202_2,CARREFOUR,0,,Route_388
12,24012ILA_1202,24012ILA_1202_3,CARREFOUR,0,,Route_388
12,24012ILA_1202,24012ILA_1202_4,CARREFOUR,0,,Route_388
12,24012ILA_1202,24012ILA_1202_5,CARREFOUR,0,,Route_388
12,24012ILA_1203,24012ILA_1203_2,CARREFOUR,0,,Route_388
12,24012ILA_1203,24012ILA_1203_3,CARREFOUR,0,,Route_388
12,24012ILA_1203,24012ILA_1203_4,CARREFOUR,0,,Route_388
12,24012ILA_1203,24012ILA_1203_5,CARREFOUR,0,,Route_388
12,24012ILA_1203,24012ILA_1203_6,CARREFOUR,0,,Route_388
12,24012ILA_1203,24012ILA_1203_7,CARREFOUR,0,,Route_388
12,24012ILA_1203,24012ILA_1203_8,CARREFOUR,0,,Route_388
12,24012ILA_1203,24012ILA_1203_9,CARREFOUR,0,,Route_388
12,24012ILA_1203,24012ILA_1203_10,CARREFOUR,0,,Route_388
62,24012ILA_1203,24012ILA_1203_11,COMPLEJO RUTH BEITIA,0,,Route_367
12,24012ILA_1212,24012ILA_1212_2,CARREFOUR,0,,Route_388
12,24012ILA_1212,24012ILA_1212_3,CARREFOUR,0,,Route_388
12,24012ILA_1212,24012ILA_1212_4,CARREFOUR,0,,Route_388
12,24012ILA_1212,24012ILA_1212_5,CARREFOUR,0,,Route_388
12,24012ILA_1212,24012ILA_1212_6,CARREFOUR,0,,Route_388
13,24013ILA_1301,24013ILA_1301_2,LLUJA,1,,Route_36
13,24013ILA_1301,24013ILA_1301_3,CUETO por el SARDINERO,0,,Route_375
13,24013ILA_1301,24013ILA_1301_4,LLUJA,1,,Route_36
13,24013ILA_1301,24013ILA_1301_5,CUETO por el SARDINERO,0,,Route_375
13,24013ILA_1301,24013ILA_1301_6,LLUJA,1,,Route_36
13,24013ILA_1301,24013ILA_1301_7,CUETO por el SARDINERO,0,,Route_375
13,24013ILA_1301,24013ILA_1301_8,LLUJA,1,,Route_36
13,24013ILA_1301,24013ILA_1301_9,CUETO por el SARDINERO,0,,Route_375
13,24013ILA_1301,24013ILA_1301_10,LLUJA,1,,Route_36
13,24013ILA_1301,24013ILA_1301_11,CUETO por el SARDINERO,0,,Route_375
13,24013ILA_1301,24013ILA_1301_12,LLUJA,1,,Route_36
13,24013ILA_1301,24013ILA_1301_13,CUETO por el SARDINERO,0,,Route_375
13,24013ILA_1301,24013ILA_1301_14,LLUJA,1,,Route_36
13,24013ILA_1301,24013ILA_1301_15,CUETO por el SARDINERO,0,,Route_375
13,24013ILA_1301,24013ILA_1301_16,LLUJA,1,,Route_36
13,24013ILA_1302,24013ILA_1302_2,CUETO por el SARDINERO,0,,Route_375
13,24013ILA_1302,24013ILA_1302_3,LLUJA,1,,Route_36
13,24013ILA_1302,24013ILA_1302_4,CUETO por el SARDINERO,0,,Route_375
13,24013ILA_1302,24013ILA_1302_5,LLUJA,1,,Route_36
13,24013ILA_1302,24013ILA_1302_6,CUETO por el SARDINERO,0,,Route_375
13,24013ILA_1302,24013ILA_1302_7,LLUJA,1,,Route_36
13,24013ILA_1302,24013ILA_1302_8,CUETO por el SARDINERO,0,,Route_375
13,24013ILA_1302,24013ILA_1302_9,LLUJA,1,,Route_36
13,24013ILA_1302,24013ILA_1302_10,CUETO por el SARDINERO,0,,Route_375
13,24013ILA_1302,24013ILA_1302_11,LLUJA,1,,Route_36
13,24013ILA_1302,24013ILA_1302_12,CUETO por el SARDINERO,0,,Route_375
13,24013ILA_1302,24013ILA_1302_13,LLUJA,1,,Route_36
13,24013ILA_1302,24013ILA_1302_14,CUETO por el SARDINERO,0,,Route_375
13,24013ILA_1302,24013ILA_1302_15,LLUJA,1,,Route_36
13,24013ILA_1302,24013ILA_1302_16,CUETO por el SARDINERO,0,,Route_375
13,24013ILA_1302,24013ILA_1302_17,LLUJA,1,,Route_36
13,24013ILA_1303,24013ILA_1303_2,CUETO por el SARDINERO,0,,Route_375
13,24013ILA_1303,24013ILA_1303_3,LLUJA,1,,Route_36
13,24013ILA_1303,24013ILA_1303_4,CUETO por el SARDINERO,0,,Route_375
13,24013ILA_1303,24013ILA_1303_5,LLUJA,1,,Route_36
13,24013ILA_1303,24013ILA_1303_6,CUETO por el SARDINERO,0,,Route_375
13,24013ILA_1303,24013ILA_1303_7,LLUJA,1,,Route_36
13,24013ILA_1303,24013ILA_1303_8,CUETO por el SARDINERO,0,,Route_375
13,24013ILA_1303,24013ILA_1303_9,LLUJA,1,,Route_36
13,24013ILA_1303,24013ILA_1303_10,CUETO por el SARDINERO,0,,Route_375
13,24013ILA_1303,24013ILA_1303_11,LLUJA,1,,Route_36
13,24013ILA_1303,24013ILA_1303_12,CUETO por el SARDINERO,0,,Route_375
13,24013ILA_1303,24013ILA_1303_13,LLUJA,1,,Route_36
13,24013ILA_1303,24013ILA_1303_14,CUETO por el SARDINERO,0,,Route_375
13,24013ILA_1303,24013ILA_1303_15,LLUJA,1,,Route_36
13,24013ILA_1303,24013ILA_1303_16,CUETO por el SARDINERO,0,,Route_375
13,24013ILA_1304,24013ILA_1304_2,CUETO por el SARDINERO,0,,Route_375
13,24013ILA_1304,24013ILA_1304_3,LLUJA,1,,Route_36
13,24013ILA_1304,24013ILA_1304_4,CUETO por el SARDINERO,0,,Route_375
13,24013ILA_1304,24013ILA_1304_5,LLUJA,1,,Route_36
13,24013ILA_1304,24013ILA_1304_6,CUETO por el SARDINERO,0,,Route_375
13,24013ILA_1304,24013ILA_1304_7,LLUJA,1,,Route_36
13,24013ILA_1304,24013ILA_1304_8,CUETO por el SARDINERO,0,,Route_375
13,24013ILA_1304,24013ILA_1304_9,LLUJA,1,,Route_36
13,24013ILA_1304,24013ILA_1304_10,CUETO por el SARDINERO,0,,Route_375
13,24013ILA_1304,24013ILA_1304_11,LLUJA,1,,Route_36
13,24013ILA_1304,24013ILA_1304_12,CUETO por el SARDINERO,0,,Route_375
13,24013ILA_1304,24013ILA_1304_13,LLUJA,1,,Route_36
13,24013ILA_1304,24013ILA_1304_14,CUETO por el SARDINERO,0,,Route_375
13,24013ILA_1304,24013ILA_1304_15,LLUJA,1,,Route_36
13,24013ILA_1304,24013ILA_1304_16,CUETO por el SARDINERO,0,,Route_375
14,24014ILA_1401,24014ILA_1401_2,ESTACIONES,0,,Route_105
14,24014ILA_1401,24014ILA_1401_3,ESTACIONES,0,,Route_105
14,24014ILA_1401,24014ILA_1401_4,ESTACIONES,0,,Route_105
14,24014ILA_1401,24014ILA_1401_5,ESTACIONES,0,,Route_105
14,24014ILA_1401,24014ILA_1401_6,ESTACIONES,0,,Route_105
14,24014ILA_1401,24014ILA_1401_7,ESTACIONES,0,,Route_105
14,24014ILA_1401,24014ILA_1401_8,ESTACIONES,0,,Route_105
14,24014ILA_1401,24014ILA_1401_9,ESTACIONES,0,,Route_105
14,24014ILA_1401,24014ILA_1401_10,ESTACIONES,0,,Route_105
14,24014ILA_1401,24014ILA_1401_11,ESTACIONES,0,,Route_105
14,24014ILA_1401,24014ILA_1401_12,ESTACIONES,0,,Route_105
14,24014ILA_1401,24014ILA_1401_13,ESTACIONES,0,,Route_105
14,24014ILA_1401,24014ILA_1401_14,ESTACIONES,0,,Route_105
14,24014ILA_1401,24014ILA_1401_15,ESTACIONES,0,,Route_105
14,24014ILA_1401,24014ILA_1401_16,ESTACIONES,0,,Route_105
14,24014ILA_1401,24014ILA_1401_17,ESTACIONES,0,,Route_105
14,24014ILA_1401,24014ILA_1401_18,ESTACIONES,0,,Route_105
51,24014ILA_1401,24014ILA_1401_19,MIRANDA,0,,Route_189
14,24014ILA_1402,24014ILA_1402_2,ESTACIONES,0,,Route_105
14,24014ILA_1402,24014ILA_1402_3,ESTACIONES,0,,Route_105
14,24014ILA_1402,24014ILA_1402_4,ESTACIONES,0,,Route_105
14,24014ILA_1402,24014ILA_1402_5,ESTACIONES,0,,Route_105
14,24014ILA_1402,24014ILA_1402_6,ESTACIONES,0,,Route_105
14,24014ILA_1402,24014ILA_1402_7,ESTACIONES,0,,Route_105
14,24014ILA_1402,24014ILA_1402_8,ESTACIONES,0,,Route_105
14,24014ILA_1402,24014ILA_1402_9,ESTACIONES,0,,Route_105
14,24014ILA_1402,24014ILA_1402_10,ESTACIONES,0,,Route_105
14,24014ILA_1402,24014ILA_1402_11,ESTACIONES,0,,Route_105
14,24014ILA_1402,24014ILA_1402_12,ESTACIONES,0,,Route_105
14,24014ILA_1402,24014ILA_1402_13,ESTACIONES,0,,Route_105
14,24014ILA_1402,24014ILA_1402_14,ESTACIONES,0,,Route_105
14,24014ILA_1402,24014ILA_1402_15,ESTACIONES,0,,Route_105
14,24014ILA_1402,24014ILA_1402_16,ESTACIONES,0,,Route_105
14,24014ILA_1402,24014ILA_1402_17,ESTACIONES,0,,Route_105
14,24014ILA_1402,24014ILA_1402_18,ESTACIONES,0,,Route_105
14,24014ILA_1402,24014ILA_1402_19,ESTACIONES,0,,Route_105
16,24016ILA_1601,24016ILA_1601_2,PLAZA REMEDIOS,0,,Route_213
16,24016ILA_1601,24016ILA_1601_3,PLAZA REMEDIOS,0,,Route_213
16,24016ILA_1601,24016ILA_1601_4,PLAZA REMEDIOS,0,,Route_213
16,24016ILA_1601,24016ILA_1601_5,PLAZA REMEDIOS,0,,Route_213
16,24016ILA_1601,24016ILA_1601_6,PLAZA REMEDIOS,0,,Route_213
16,24016ILA_1601,24016ILA_1601_7,PLAZA REMEDIOS,0,,Route_213
16,24016ILA_1601,24016ILA_1601_8,PLAZA REMEDIOS,0,,Route_213
16,24016ILA_1601,24016ILA_1601_9,PLAZA REMEDIOS,0,,Route_213
16,24016ILA_1601,24016ILA_1601_10,PLAZA REMEDIOS,0,,Route_213
16,24016ILA_1601,24016ILA_1601_11,PLAZA REMEDIOS,0,,Route_213
16,24016ILA_1601,24016ILA_1601_12,PLAZA REMEDIOS,0,,Route_213
16,24016ILA_1601,24016ILA_1601_13,PLAZA REMEDIOS,0,,Route_213
16,24016ILA_1601,24016ILA_1601_14,PLAZA REMEDIOS,0,,Route_213
12,24016ILA_1602,24016ILA_1602_2,CARREFOUR,0,,Route_388
16,24016ILA_1602,24016ILA_1602_3,PLAZA REMEDIOS,0,,Route_213
16,24016ILA_1602,24016ILA_1602_4,PLAZA REMEDIOS,0,,Route_213
16,24016ILA_1602,24016ILA_1602_5,PLAZA REMEDIOS,0,,Route_213
16,24016ILA_1602,24016ILA_1602_6,PLAZA REMEDIOS,0,,Route_213
16,24016ILA_1602,24016ILA_1602_7,PLAZA REMEDIOS,0,,Route_213
16,24016ILA_1611,24016ILA_1611_2,PLAZA REMEDIOS,0,,Route_213
16,24016ILA_1611,24016ILA_1611_3,PLAZA REMEDIOS,0,,Route_213
16,24016ILA_1611,24016ILA_1611_4,PLAZA REMEDIOS,0,,Route_213
16,24016ILA_1611,24016ILA_1611_5,PLAZA REMEDIOS,0,,Route_213
16,24016ILA_1611,24016ILA_1611_6,PLAZA REMEDIOS,0,,Route_213
16,24016ILA_1611,24016ILA_1611_7,PLAZA REMEDIOS,0,,Route_213
16,24016ILA_1611,24016ILA_1611_8,PLAZA REMEDIOS,0,,Route_213
16,24016ILA_1611,24016ILA_1611_9,PLAZA REMEDIOS,0,,Route_213
16,24016ILA_1611,24016ILA_1611_10,PLAZA REMEDIOS,0,,Route_213
16,24016ILA_1611,24016ILA_1611_11,PLAZA REMEDIOS,0,,Route_213
16,24016ILA_1611,24016ILA_1611_12,PLAZA REMEDIOS,0,,Route_213
16,24016ILA_1611,24016ILA_1611_13,PLAZA REMEDIOS,0,,Route_213
16,24016ILA_1611,24016ILA_1611_14,PLAZA REMEDIOS,0,,Route_213
16,24016ILA_1611,24016ILA_1611_15,PLAZA REMEDIOS,0,,Route_213
16,24016ILA_1612,24016ILA_1612_2,PLAZA REMEDIOS,0,,Route_213
16,24016ILA_1612,24016ILA_1612_3,PLAZA REMEDIOS,0,,Route_213
16,24016ILA_1612,24016ILA_1612_4,PLAZA REMEDIOS,0,,Route_213
16,24016ILA_1612,24016ILA_1612_5,PLAZA REMEDIOS,0,,Route_213
16,24016ILA_1612,24016ILA_1612_6,PLAZA REMEDIOS,0,,Route_213
16,24016ILA_1612,24016ILA_1612_7,PLAZA REMEDIOS,0,,Route_213
16,24016ILA_1612,24016ILA_1612_8,PLAZA REMEDIOS,0,,Route_213
16,24016ILA_1612,24016ILA_1612_9,PLAZA REMEDIOS,0,,Route_213
16,24016ILA_1612,24016ILA_1612_10,PLAZA REMEDIOS,0,,Route_213
16,24016ILA_1612,24016ILA_1612_11,PLAZA REMEDIOS,0,,Route_213
16,24016ILA_1612,24016ILA_1612_12,PLAZA REMEDIOS,0,,Route_213
16,24016ILA_1612,24016ILA_1612_13,PLAZA REMEDIOS,0,,Route_213
17,24017ILA_1701,24017ILA_1701_2,ESTACIONES por Avda Deporte,1,,Route_48
17,24017ILA_1701,24017ILA_1701_3,CORBAN por Avda Deporte,0,,Route_47
17,24017ILA_1701,24017ILA_1701_4,ESTACIONES por Avda Deporte,1,,Route_48
17,24017ILA_1701,24017ILA_1701_5,CIRIEGO por Avda Deporte,0,,Route_43
17,24017ILA_1701,24017ILA_1701_6,ESTACIONES por Avda Deporte,1,,Route_44
17,24017ILA_1701,24017ILA_1701_7,CIRIEGO por Avda Deporte,0,,Route_43
17,24017ILA_1701,24017ILA_1701_8,ESTACIONES por Avda Deporte,1,,Route_44
17,24017ILA_1701,24017ILA_1701_9,CIRIEGO por Avda Deporte,0,,Route_43
17,24017ILA_1701,24017ILA_1701_10,ESTACIONES por Avda Deporte,1,,Route_44
17,24017ILA_1701,24017ILA_1701_11,CIRIEGO por Avda Deporte,0,,Route_43
17,24017ILA_1701,24017ILA_1701_12,ESTACIONES por Avda Deporte,1,,Route_44
17,24017ILA_1701,24017ILA_1701_13,CORBAN por Avda Deporte,0,,Route_47
17,24017ILA_1701,24017ILA_1701_14,ESTACIONES por Avda Deporte,1,,Route_48
17,24017ILA_1701,24017ILA_1701_15,CORBAN por Avda Deporte,0,,Route_47
17,24017ILA_1701,24017ILA_1701_16,ESTACIONES por Avda Deporte,1,,Route_48
17,24017ILA_1701,24017ILA_1701_17,CIRIEGO por Avda Deporte,0,,Route_43
17,24017ILA_1701,24017ILA_1701_18,ESTACIONES por Avda Deporte,1,,Route_44
17,24017ILA_1701,24017ILA_1701_19,CIRIEGO por Avda Deporte,0,,Route_43
17,24017ILA_1701,24017ILA_1701_20,ESTACIONES por Avda Deporte,1,,Route_44
17,24017ILA_1701,24017ILA_1701_21,CIRIEGO por Avda Deporte,0,,Route_43
17,24017ILA_1701,24017ILA_1701_22,ESTACIONES por Avda Deporte,1,,Route_44
17,24017ILA_1701,24017ILA_1701_23,CIRIEGO por Avda Deporte,0,,Route_43
17,24017ILA_1701,24017ILA_1701_24,ESTACIONES por Avda Deporte,1,,Route_44
17,24017ILA_1701,24017ILA_1701_25,CORBAN por Avda Deporte,0,,Route_47
17,24017ILA_1701,24017ILA_1701_26,ESTACIONES por Avda Deporte,1,,Route_48
17,24017ILA_1701,24017ILA_1701_27,CORBAN por Avda Deporte,0,,Route_47
17,24017ILA_1701,24017ILA_1701_28,ESTACIONES por Avda Deporte,1,,Route_48
17,24017ILA_1701,24017ILA_1701_29,CORBAN por Avda Deporte,0,,Route_47
17,24017ILA_1701,24017ILA_1701_30,ESTACIONES por Avda Deporte,1,,Route_48
17,24017ILA_1701,24017ILA_1701_31,CORBAN por Avda Deporte,0,,Route_47
17,24017ILA_1701,24017ILA_1701_32,ESTACIONES por Avda Deporte,1,,Route_48
17,24017ILA_1702,24017ILA_1702_2,CORBAN por Bº La Torre,0,,Route_49
17,24017ILA_1702,24017ILA_1702_3,ESTACIONES por Bº La Torre,1,,Route_50
17,24017ILA_1702,24017ILA_1702_4,CIRIEGO por Bº La Torre,0,,Route_45
17,24017ILA_1702,24017ILA_1702_5,ESTACIONES por Bº La Torre,1,,Route_46
17,24017ILA_1702,24017ILA_1702_6,CORBAN por Bº La Torre,0,,Route_49
17,24017ILA_1702,24017ILA_1702_7,ESTACIONES por Bº La Torre,1,,Route_50
17,24017ILA_1702,24017ILA_1702_8,CORBAN por Bº La Torre,0,,Route_49
17,24017ILA_1702,24017ILA_1702_9,ESTACIONES por Bº La Torre,1,,Route_50
17,24017ILA_1702,24017ILA_1702_10,CORBAN por Bº La Torre,0,,Route_49
17,24017ILA_1702,24017ILA_1702_11,ESTACIONES por Bº La Torre,1,,Route_50
17,24017ILA_1702,24017ILA_1702_12,CORBAN por Bº La Torre,0,,Route_49
17,24017ILA_1702,24017ILA_1702_13,ESTACIONES por Bº La Torre,1,,Route_50
17,24017ILA_1702,24017ILA_1702_14,CORBAN por Bº La Torre,0,,Route_49
17,24017ILA_1702,24017ILA_1702_15,ESTACIONES por Bº La Torre,1,,Route_50
17,24017ILA_1702,24017ILA_1702_16,CORBAN por Bº La Torre,0,,Route_49
17,24017ILA_1702,24017ILA_1702_17,ESTACIONES por Bº La Torre,1,,Route_50
17,24017ILA_1702,24017ILA_1702_18,CORBAN por Bº La Torre,0,,Route_49
17,24017ILA_1702,24017ILA_1702_19,ESTACIONES por Bº La Torre,1,,Route_50
17,24017ILA_1702,24017ILA_1702_20,CORBAN por Bº La Torre,0,,Route_49
17,24017ILA_1702,24017ILA_1702_21,ESTACIONES por Bº La Torre,1,,Route_50
17,24017ILA_1702,24017ILA_1702_22,CORBAN por Bº La Torre,0,,Route_49
17,24017ILA_1702,24017ILA_1702_23,ESTACIONES por Bº La Torre,1,,Route_50
17,24017ILA_1702,24017ILA_1702_24,CORBAN por Bº La Torre,0,,Route_49
17,24017ILA_1702,24017ILA_1702_25,ESTACIONES por Bº La Torre,1,,Route_50
17,24017ILA_1702,24017ILA_1702_26,CORBAN por Bº La Torre,0,,Route_49
17,24017ILA_1702,24017ILA_1702_27,ESTACIONES por Bº La Torre,1,,Route_50
17,24017ILA_1702,24017ILA_1702_28,CORBAN por Bº La Torre,0,,Route_49
17,24017ILA_1702,24017ILA_1702_29,ESTACIONES por Bº La Torre,1,,Route_50
17,24017ILA_1702,24017ILA_1702_30,CORBAN por Bº La Torre,0,,Route_49
17,24017ILA_1702,24017ILA_1702_31,ESTACIONES por Bº La Torre,1,,Route_50
18,24018ILA_1801,24018ILA_1801_2,PUERTOCHICO,1,,Route_52
18,24018ILA_1801,24018ILA_1801_3,MONTE por Corbanera,0,,Route_51
18,24018ILA_1801,24018ILA_1801_4,PUERTOCHICO,1,,Route_52
18,24018ILA_1801,24018ILA_1801_5,MONTE por Corbanera,0,,Route_51
18,24018ILA_1801,24018ILA_1801_6,PUERTOCHICO,1,,Route_52
18,24018ILA_1801,24018ILA_1801_7,MONTE por Corbanera,0,,Route_51
18,24018ILA_1801,24018ILA_1801_8,PUERTOCHICO,1,,Route_52
18,24018ILA_1801,24018ILA_1801_9,MONTE por Corbanera,0,,Route_51
18,24018ILA_1801,24018ILA_1801_10,PUERTOCHICO,1,,Route_52
18,24018ILA_1801,24018ILA_1801_11,MONTE por Corbanera,0,,Route_51
18,24018ILA_1801,24018ILA_1801_12,PUERTOCHICO,1,,Route_52
18,24018ILA_1801,24018ILA_1801_13,MONTE por Corbanera,0,,Route_51
18,24018ILA_1801,24018ILA_1801_14,PUERTOCHICO,1,,Route_52
18,24018ILA_1801,24018ILA_1801_15,MONTE por Corbanera,0,,Route_51
18,24018ILA_1801,24018ILA_1801_16,PUERTOCHICO,1,,Route_52
18,24018ILA_1801,24018ILA_1801_17,MONTE por Corbanera,0,,Route_51
18,24018ILA_1801,24018ILA_1801_18,PUERTOCHICO,1,,Route_52
18,24018ILA_1801,24018ILA_1801_19,MONTE por Corbanera,0,,Route_51
18,24018ILA_1801,24018ILA_1801_20,PUERTOCHICO,1,,Route_52
18,24018ILA_1801,24018ILA_1801_21,MONTE por Corbanera,0,,Route_51
18,24018ILA_1801,24018ILA_1801_22,PUERTOCHICO,1,,Route_52
18,24018ILA_1801,24018ILA_1801_23,MONTE por Corbanera,0,,Route_51
18,24018ILA_1801,24018ILA_1801_24,PUERTOCHICO,1,,Route_52
18,24018ILA_1801,24018ILA_1801_25,MONTE por Corbanera,0,,Route_51
18,24018ILA_1801,24018ILA_1801_26,PUERTOCHICO,1,,Route_52
18,24018ILA_1801,24018ILA_1801_27,MONTE por Corbanera,0,,Route_51
18,24018ILA_1801,24018ILA_1801_28,PUERTOCHICO,1,,Route_52
18,24018ILA_1801,24018ILA_1801_29,MONTE por Corbanera,0,,Route_51
18,24018ILA_1801,24018ILA_1801_30,PUERTOCHICO,1,,Route_52
18,24018ILA_1801,24018ILA_1801_31,MONTE por Corbanera,0,,Route_51
18,24018ILA_1801,24018ILA_1801_32,PUERTOCHICO,1,,Route_52
18,24018ILA_1802,24018ILA_1802_2,PUERTOCHICO,1,,Route_55
18,24018ILA_1802,24018ILA_1802_3,MONTE por El Castillo,0,,Route_54
18,24018ILA_1802,24018ILA_1802_4,PUERTOCHICO,1,,Route_55
18,24018ILA_1802,24018ILA_1802_5,MONTE por El Castillo,0,,Route_54
18,24018ILA_1802,24018ILA_1802_6,PUERTOCHICO,1,,Route_55
18,24018ILA_1802,24018ILA_1802_7,MONTE por El Castillo,0,,Route_54
18,24018ILA_1802,24018ILA_1802_8,PUERTOCHICO,1,,Route_55
18,24018ILA_1802,24018ILA_1802_9,MONTE por El Castillo,0,,Route_54
18,24018ILA_1802,24018ILA_1802_10,PUERTOCHICO,1,,Route_55
18,24018ILA_1802,24018ILA_1802_11,MONTE por El Castillo,0,,Route_54
18,24018ILA_1802,24018ILA_1802_12,PUERTOCHICO,1,,Route_55
18,24018ILA_1802,24018ILA_1802_13,MONTE por El Castillo,0,,Route_54
18,24018ILA_1802,24018ILA_1802_14,PUERTOCHICO,1,,Route_55
18,24018ILA_1802,24018ILA_1802_15,MONTE por El Castillo,0,,Route_54
18,24018ILA_1802,24018ILA_1802_16,PUERTOCHICO,1,,Route_55
18,24018ILA_1802,24018ILA_1802_17,MONTE por El Castillo,0,,Route_54
18,24018ILA_1802,24018ILA_1802_18,PUERTOCHICO,1,,Route_55
18,24018ILA_1802,24018ILA_1802_19,MONTE por El Castillo,0,,Route_54
18,24018ILA_1802,24018ILA_1802_20,PUERTOCHICO,1,,Route_55
18,24018ILA_1802,24018ILA_1802_21,MONTE por El Castillo,0,,Route_54
18,24018ILA_1802,24018ILA_1802_22,PUERTOCHICO,1,,Route_55
18,24018ILA_1802,24018ILA_1802_23,MONTE por El Castillo,0,,Route_54
18,24018ILA_1802,24018ILA_1802_24,PUERTOCHICO,1,,Route_55
18,24018ILA_1802,24018ILA_1802_25,MONTE por El Castillo,0,,Route_54
18,24018ILA_1802,24018ILA_1802_26,PUERTOCHICO,1,,Route_55
18,24018ILA_1802,24018ILA_1802_27,MONTE por El Castillo,0,,Route_54
18,24018ILA_1802,24018ILA_1802_28,PUERTOCHICO,1,,Route_55
18,24018ILA_1802,24018ILA_1802_29,MONTE por El Castillo,0,,Route_54
18,24018ILA_1802,24018ILA_1802_30,PUERTOCHICO,1,,Route_55
18,24018ILA_1802,24018ILA_1802_31,MONTE por El Castillo,0,,Route_54
18,24018ILA_1802,24018ILA_1802_32,PUERTOCHICO,1,,Route_55
17,24241ILA_24101,24241ILA_24101_2,ESTACIONES por Bº La Torre,1,,Route_50
241,24241ILA_24101,24241ILA_24101_3,PCTCAN POR TUNEL TETUAN,0,,Route_363
241,24241ILA_24101,24241ILA_24101_4,PCTCAN POR TUNEL TETUAN,0,,Route_363
241,24241ILA_24101,24241ILA_24101_5,PCTCAN POR TUNEL TETUAN,0,,Route_363
241,24241ILA_24101,24241ILA_24101_6,PCTCAN POR TUNEL TETUAN,0,,Route_363
241,24241ILA_24101,24241ILA_24101_7,PCTCAN POR TUNEL TETUAN,0,,Route_363
241,24241ILA_24101,24241ILA_24101_8,PCTCAN POR TUNEL TETUAN,0,,Route_363
241,24241ILA_24101,24241ILA_24101_9,PCTCAN POR TUNEL TETUAN,0,,Route_363
241,24241ILA_24101,24241ILA_24101_10,PCTCAN POR TUNEL TETUAN,0,,Route_363
241,24241ILA_24101,24241ILA_24101_11,PCTCAN POR TUNEL TETUAN,0,,Route_363
241,24241ILA_24101,24241ILA_24101_12,PCTCAN POR TUNEL TETUAN,0,,Route_363
241,24241ILA_24101,24241ILA_24101_13,PCTCAN POR TUNEL TETUAN,0,,Route_363
241,24241ILA_24102,24241ILA_24102_2,PCTCAN POR TUNEL TETUAN,0,,Route_363
241,24241ILA_24102,24241ILA_24102_3,PCTCAN POR TUNEL TETUAN,0,,Route_363
241,24241ILA_24102,24241ILA_24102_4,PCTCAN POR TUNEL TETUAN,0,,Route_363
241,24241ILA_24102,24241ILA_24102_5,PCTCAN POR TUNEL TETUAN,0,,Route_363
241,24241ILA_24102,24241ILA_24102_6,PCTCAN POR TUNEL TETUAN,0,,Route_363
241,24241ILA_24102,24241ILA_24102_7,PCTCAN POR TUNEL TETUAN,0,,Route_363
241,24241ILA_24102,24241ILA_24102_8,PCTCAN POR TUNEL TETUAN,0,,Route_363
241,24241ILA_24102,24241ILA_24102_9,PCTCAN POR TUNEL TETUAN,0,,Route_363
241,24241ILA_24102,24241ILA_24102_10,PCTCAN POR TUNEL TETUAN,0,,Route_363
241,24241ILA_24102,24241ILA_24102_11,PCTCAN POR TUNEL TETUAN,0,,Route_363
241,24241ILA_24102,24241ILA_24102_12,PCTCAN POR TUNEL TETUAN,0,,Route_363
241,24241ILA_24103,24241ILA_24103_2,PCTCAN POR TUNEL TETUAN,0,,Route_363
241,24241ILA_24103,24241ILA_24103_3,PCTCAN POR TUNEL TETUAN,0,,Route_363
241,24241ILA_24103,24241ILA_24103_4,PCTCAN POR TUNEL TETUAN,0,,Route_363
241,24241ILA_24103,24241ILA_24103_5,PCTCAN POR TUNEL TETUAN,0,,Route_363
241,24241ILA_24103,24241ILA_24103_6,PCTCAN POR TUNEL TETUAN,0,,Route_363
241,24241ILA_24103,24241ILA_24103_7,PCTCAN POR TUNEL TETUAN,0,,Route_363
241,24241ILA_24103,24241ILA_24103_8,PCTCAN POR TUNEL TETUAN,0,,Route_363
241,24241ILA_24103,24241ILA_24103_9,PCTCAN POR TUNEL TETUAN,0,,Route_363
241,24241ILA_24103,24241ILA_24103_10,PCTCAN POR TUNEL TETUAN,0,,Route_363
241,24241ILA_24103,24241ILA_24103_11,PCTCAN POR TUNEL TETUAN,0,,Route_363
241,24241ILA_24103,24241ILA_24103_12,PCTCAN POR TUNEL TETUAN,0,,Route_363
242,24242ILB_24201,24242ILB_24201_2,PCTCAN POR TUNEL TETUAN,0,,Route_391
242,24242ILB_24201,24242ILB_24201_3,PCTCAN POR TUNEL TETUAN,0,,Route_391
242,24242ILB_24201,24242ILB_24201_4,PCTCAN POR TUNEL TETUAN,0,,Route_391
242,24242ILB_24201,24242ILB_24201_5,PCTCAN POR TUNEL TETUAN,0,,Route_391
242,24242ILB_24201,24242ILB_24201_6,PCTCAN POR TUNEL TETUAN,0,,Route_391
242,24242ILB_24201,24242ILB_24201_7,PCTCAN POR TUNEL TETUAN,0,,Route_391
242,24242ILB_24201,24242ILB_24201_8,PCTCAN POR TUNEL TETUAN,0,,Route_391
242,24242ILB_24201,24242ILB_24201_9,PCTCAN POR TUNEL TETUAN,0,,Route_391
242,24242ILB_24201,24242ILB_24201_10,PCTCAN POR TUNEL TETUAN,0,,Route_391
242,24242ILB_24201,24242ILB_24201_11,PCTCAN POR TUNEL TETUAN,0,,Route_391
242,24242ILB_24202,24242ILB_24202_2,PCTCAN POR TUNEL TETUAN,0,,Route_391
242,24242ILB_24202,24242ILB_24202_3,PCTCAN POR TUNEL TETUAN,0,,Route_391
242,24242ILB_24202,24242ILB_24202_4,PCTCAN POR TUNEL TETUAN,0,,Route_391
242,24242ILB_24202,24242ILB_24202_5,PCTCAN POR TUNEL TETUAN,0,,Route_391
242,24242ILB_24202,24242ILB_24202_6,PCTCAN POR TUNEL TETUAN,0,,Route_391
242,24242ILB_24202,24242ILB_24202_7,PCTCAN POR TUNEL TETUAN,0,,Route_391
242,24242ILB_24202,24242ILB_24202_8,PCTCAN POR TUNEL TETUAN,0,,Route_391
242,24242ILB_24202,24242ILB_24202_9,PCTCAN POR TUNEL TETUAN,0,,Route_391
242,24242ILB_24202,24242ILB_24202_10,PCTCAN POR TUNEL TETUAN,0,,Route_391
242,24242ILB_24202,24242ILB_24202_11,PCTCAN POR TUNEL TETUAN,0,,Route_391
242,24242ILB_24202,24242ILB_24202_12,PCTCAN POR TUNEL TETUAN,0,,Route_391
242,24242ILB_24203,24242ILB_24203_2,PCTCAN POR TUNEL TETUAN,0,,Route_391
242,24242ILB_24203,24242ILB_24203_3,PCTCAN POR TUNEL TETUAN,0,,Route_391
242,24242ILB_24203,24242ILB_24203_4,PCTCAN POR TUNEL TETUAN,0,,Route_391
242,24242ILB_24203,24242ILB_24203_5,PCTCAN POR TUNEL TETUAN,0,,Route_391
242,24242ILB_24203,24242ILB_24203_6,PCTCAN POR TUNEL TETUAN,0,,Route_391
242,24242ILB_24203,24242ILB_24203_7,PCTCAN POR TUNEL TETUAN,0,,Route_391
242,24242ILB_24203,24242ILB_24203_8,PCTCAN POR TUNEL TETUAN,0,,Route_391
242,24242ILB_24203,24242ILB_24203_9,PCTCAN POR TUNEL TETUAN,0,,Route_391
242,24242ILB_24203,24242ILB_24203_10,PCTCAN POR TUNEL TETUAN,0,,Route_391
242,24242ILB_24203,24242ILB_24203_11,PCTCAN POR TUNEL TETUAN,0,,Route_391
242,24242ILB_24203,24242ILB_24203_12,PCTCAN POR TUNEL TETUAN,0,,Route_391
51,24051ILA_5101,24051ILA_5101_2,MIRANDA,0,,Route_189
51,24051ILA_5101,24051ILA_5101_3,MIRANDA,0,,Route_189
51,24051ILA_5101,24051ILA_5101_4,MIRANDA,0,,Route_189
51,24051ILA_5101,24051ILA_5101_5,MIRANDA,0,,Route_189
51,24051ILA_5101,24051ILA_5101_6,MIRANDA,0,,Route_189
51,24051ILA_5101,24051ILA_5101_7,MIRANDA,0,,Route_189
51,24051ILA_5101,24051ILA_5101_8,MIRANDA,0,,Route_189
51,24051ILA_5101,24051ILA_5101_9,MIRANDA,0,,Route_189
51,24051ILA_5101,24051ILA_5101_10,MIRANDA,0,,Route_189
51,24051ILA_5101,24051ILA_5101_11,MIRANDA,0,,Route_189
51,24051ILA_5101,24051ILA_5101_12,MIRANDA,0,,Route_189
51,24051ILA_5101,24051ILA_5101_13,MIRANDA,0,,Route_189
51,24051ILA_5101,24051ILA_5101_14,MIRANDA,0,,Route_189
51,24051ILA_5101,24051ILA_5101_15,MIRANDA,0,,Route_189
51,24051ILA_5101,24051ILA_5101_16,MIRANDA,0,,Route_189
51,24051ILA_5101,24051ILA_5101_17,MIRANDA,0,,Route_189
51,24051ILA_5101,24051ILA_5101_18,MIRANDA,0,,Route_189
51,24051ILA_5101,24051ILA_5101_19,MIRANDA,0,,Route_189
51,24051ILA_5101,24051ILA_5101_20,MIRANDA,0,,Route_189
51,24051ILA_5101,24051ILA_5101_21,MIRANDA,0,,Route_189
51,24051ILA_5102,24051ILA_5102_2,MIRANDA,0,,Route_189
51,24051ILA_5102,24051ILA_5102_3,MIRANDA,0,,Route_189
51,24051ILA_5102,24051ILA_5102_4,MIRANDA,0,,Route_189
51,24051ILA_5102,24051ILA_5102_5,MIRANDA,0,,Route_189
51,24051ILA_5102,24051ILA_5102_6,MIRANDA,0,,Route_189
51,24051ILA_5102,24051ILA_5102_7,MIRANDA,0,,Route_189
51,24051ILA_5102,24051ILA_5102_8,MIRANDA,0,,Route_189
51,24051ILA_5102,24051ILA_5102_9,MIRANDA,0,,Route_189
51,24051ILA_5102,24051ILA_5102_10,MIRANDA,0,,Route_189
51,24051ILA_5102,24051ILA_5102_11,MIRANDA,0,,Route_189
51,24051ILA_5102,24051ILA_5102_12,MIRANDA,0,,Route_189
51,24051ILA_5102,24051ILA_5102_13,MIRANDA,0,,Route_189
51,24051ILA_5102,24051ILA_5102_14,MIRANDA,0,,Route_189
51,24051ILA_5102,24051ILA_5102_15,MIRANDA,0,,Route_189
51,24051ILA_5102,24051ILA_5102_16,MIRANDA,0,,Route_189
51,24051ILA_5102,24051ILA_5102_17,MIRANDA,0,,Route_189
51,24051ILA_5102,24051ILA_5102_18,MIRANDA,0,,Route_189
51,24051ILA_5102,24051ILA_5102_19,MIRANDA,0,,Route_189
51,24051ILA_5103,24051ILA_5103_2,MIRANDA,0,,Route_189
51,24051ILA_5103,24051ILA_5103_3,MIRANDA,0,,Route_189
51,24051ILA_5103,24051ILA_5103_4,MIRANDA,0,,Route_189
51,24051ILA_5103,24051ILA_5103_5,MIRANDA,0,,Route_189
51,24051ILA_5103,24051ILA_5103_6,MIRANDA,0,,Route_189
51,24051ILA_5103,24051ILA_5103_7,MIRANDA,0,,Route_189
51,24051ILA_5103,24051ILA_5103_8,MIRANDA,0,,Route_189
51,24051ILA_5103,24051ILA_5103_9,MIRANDA,0,,Route_189
51,24051ILA_5103,24051ILA_5103_10,MIRANDA,0,,Route_189
51,24051ILA_5103,24051ILA_5103_11,MIRANDA,0,,Route_189
51,24051ILA_5103,24051ILA_5103_12,MIRANDA,0,,Route_189
51,24051ILA_5103,24051ILA_5103_13,MIRANDA,0,,Route_189
51,24051ILA_5103,24051ILA_5103_14,MIRANDA,0,,Route_189
51,24051ILA_5103,24051ILA_5103_15,MIRANDA,0,,Route_189
51,24051ILA_5103,24051ILA_5103_16,MIRANDA,0,,Route_189
51,24051ILA_5103,24051ILA_5103_17,MIRANDA,0,,Route_189
51,24051ILA_5103,24051ILA_5103_18,MIRANDA,0,,Route_189
51,24051ILA_5103,24051ILA_5103_19,MIRANDA,0,,Route_189
51,24051ILA_5104,24051ILA_5104_2,MIRANDA,0,,Route_189
51,24051ILA_5104,24051ILA_5104_3,MIRANDA,0,,Route_189
51,24051ILA_5104,24051ILA_5104_4,MIRANDA,0,,Route_189
51,24051ILA_5104,24051ILA_5104_5,MIRANDA,0,,Route_189
51,24051ILA_5104,24051ILA_5104_6,MIRANDA,0,,Route_189
51,24051ILA_5104,24051ILA_5104_7,MIRANDA,0,,Route_189
51,24051ILA_5104,24051ILA_5104_8,MIRANDA,0,,Route_189
51,24051ILA_5104,24051ILA_5104_9,MIRANDA,0,,Route_189
51,24051ILA_5104,24051ILA_5104_10,MIRANDA,0,,Route_189
51,24051ILA_5114,24051ILA_5114_2,MIRANDA,0,,Route_189
51,24051ILA_5114,24051ILA_5114_3,MIRANDA,0,,Route_189
51,24051ILA_5114,24051ILA_5114_4,MIRANDA,0,,Route_189
51,24051ILA_5114,24051ILA_5114_5,MIRANDA,0,,Route_189
51,24051ILA_5114,24051ILA_5114_6,MIRANDA,0,,Route_189
51,24051ILA_5114,24051ILA_5114_7,MIRANDA,0,,Route_189
51,24051ILA_5114,24051ILA_5114_8,MIRANDA,0,,Route_189
51,24051ILA_5114,24051ILA_5114_9,MIRANDA,0,,Route_189
51,24051ILA_5114,24051ILA_5114_10,MIRANDA,0,,Route_189
52,24052ILA_5201,24052ILA_5201_2,MIRANDA,0,,Route_191
52,24052ILA_5201,24052ILA_5201_3,MIRANDA,0,,Route_191
52,24052ILA_5201,24052ILA_5201_4,MIRANDA,0,,Route_191
52,24052ILA_5201,24052ILA_5201_5,MIRANDA,0,,Route_191
52,24052ILA_5201,24052ILA_5201_6,MIRANDA,0,,Route_191
52,24052ILA_5201,24052ILA_5201_7,MIRANDA,0,,Route_191
52,24052ILA_5201,24052ILA_5201_8,MIRANDA,0,,Route_191
52,24052ILA_5201,24052ILA_5201_9,MIRANDA,0,,Route_191
52,24052ILA_5201,24052ILA_5201_10,MIRANDA,0,,Route_191
52,24052ILA_5201,24052ILA_5201_11,MIRANDA,0,,Route_191
52,24052ILA_5201,24052ILA_5201_12,MIRANDA,0,,Route_191
52,24052ILA_5201,24052ILA_5201_13,MIRANDA,0,,Route_191
52,24052ILA_5201,24052ILA_5201_14,MIRANDA,0,,Route_191
52,24052ILA_5201,24052ILA_5201_15,MIRANDA,0,,Route_191
52,24052ILA_5201,24052ILA_5201_16,MIRANDA,0,,Route_191
52,24052ILA_5201,24052ILA_5201_17,MIRANDA,0,,Route_191
52,24052ILA_5201,24052ILA_5201_18,MIRANDA,0,,Route_191
52,24052ILA_5201,24052ILA_5201_19,MIRANDA,0,,Route_191
52,24052ILA_5201,24052ILA_5201_20,MIRANDA,0,,Route_191
52,24052ILA_5201,24052ILA_5201_21,MIRANDA,0,,Route_191
51,24052ILA_5201,24052ILA_5201_22,MIRANDA,0,,Route_189
52,24052ILA_5202,24052ILA_5202_2,MIRANDA,0,,Route_191
52,24052ILA_5202,24052ILA_5202_3,MIRANDA,0,,Route_191
52,24052ILA_5202,24052ILA_5202_4,MIRANDA,0,,Route_191
52,24052ILA_5202,24052ILA_5202_5,MIRANDA,0,,Route_191
52,24052ILA_5202,24052ILA_5202_6,MIRANDA,0,,Route_191
52,24052ILA_5202,24052ILA_5202_7,MIRANDA,0,,Route_191
52,24052ILA_5202,24052ILA_5202_8,MIRANDA,0,,Route_191
52,24052ILA_5202,24052ILA_5202_9,MIRANDA,0,,Route_191
52,24052ILA_5202,24052ILA_5202_10,MIRANDA,0,,Route_191
52,24052ILA_5202,24052ILA_5202_11,MIRANDA,0,,Route_191
52,24052ILA_5202,24052ILA_5202_12,MIRANDA,0,,Route_191
52,24052ILA_5202,24052ILA_5202_13,MIRANDA,0,,Route_191
52,24052ILA_5202,24052ILA_5202_14,MIRANDA,0,,Route_191
52,24052ILA_5202,24052ILA_5202_15,MIRANDA,0,,Route_191
52,24052ILA_5202,24052ILA_5202_16,MIRANDA,0,,Route_191
52,24052ILA_5202,24052ILA_5202_17,MIRANDA,0,,Route_191
52,24052ILA_5202,24052ILA_5202_18,MIRANDA,0,,Route_191
52,24052ILA_5202,24052ILA_5202_19,MIRANDA,0,,Route_191
52,24052ILA_5202,24052ILA_5202_20,MIRANDA,0,,Route_191
52,24052ILA_5203,24052ILA_5203_2,MIRANDA,0,,Route_191
52,24052ILA_5203,24052ILA_5203_3,MIRANDA,0,,Route_191
52,24052ILA_5203,24052ILA_5203_4,MIRANDA,0,,Route_191
52,24052ILA_5203,24052ILA_5203_5,MIRANDA,0,,Route_191
52,24052ILA_5203,24052ILA_5203_6,MIRANDA,0,,Route_191
52,24052ILA_5203,24052ILA_5203_7,MIRANDA,0,,Route_191
52,24052ILA_5203,24052ILA_5203_8,MIRANDA,0,,Route_191
52,24052ILA_5203,24052ILA_5203_9,MIRANDA,0,,Route_191
52,24052ILA_5203,24052ILA_5203_10,MIRANDA,0,,Route_191
52,24052ILA_5203,24052ILA_5203_11,MIRANDA,0,,Route_191
52,24052ILA_5203,24052ILA_5203_12,MIRANDA,0,,Route_191
52,24052ILA_5203,24052ILA_5203_13,MIRANDA,0,,Route_191
52,24052ILA_5203,24052ILA_5203_14,MIRANDA,0,,Route_191
52,24052ILA_5203,24052ILA_5203_15,MIRANDA,0,,Route_191
52,24052ILA_5203,24052ILA_5203_16,MIRANDA,0,,Route_191
52,24052ILA_5203,24052ILA_5203_17,MIRANDA,0,,Route_191
52,24052ILA_5203,24052ILA_5203_18,MIRANDA,0,,Route_191
52,24052ILA_5203,24052ILA_5203_19,MIRANDA,0,,Route_191
52,24052ILA_5203,24052ILA_5203_20,MIRANDA,0,,Route_191
52,24052ILA_5204,24052ILA_5204_2,MIRANDA,0,,Route_191
52,24052ILA_5204,24052ILA_5204_3,MIRANDA,0,,Route_191
52,24052ILA_5204,24052ILA_5204_4,MIRANDA,0,,Route_191
52,24052ILA_5204,24052ILA_5204_5,MIRANDA,0,,Route_191
52,24052ILA_5204,24052ILA_5204_6,MIRANDA,0,,Route_191
52,24052ILA_5204,24052ILA_5204_7,MIRANDA,0,,Route_191
52,24052ILA_5204,24052ILA_5204_8,MIRANDA,0,,Route_191
52,24052ILA_5204,24052ILA_5204_9,MIRANDA,0,,Route_191
52,24052ILA_5204,24052ILA_5204_10,MIRANDA,0,,Route_191
52,24052ILA_5204,24052ILA_5204_11,MIRANDA,0,,Route_191
52,24052ILA_5204,24052ILA_5204_12,MIRANDA,0,,Route_191
52,24052ILA_5204,24052ILA_5204_13,MIRANDA,0,,Route_191
52,24052ILA_5204,24052ILA_5204_14,MIRANDA,0,,Route_191
52,24052ILA_5204,24052ILA_5204_15,MIRANDA,0,,Route_191
52,24052ILA_5204,24052ILA_5204_16,MIRANDA,0,,Route_191
52,24052ILA_5204,24052ILA_5204_17,MIRANDA,0,,Route_191
52,24052ILA_5204,24052ILA_5204_18,MIRANDA,0,,Route_191
52,24052ILA_5204,24052ILA_5204_19,MIRANDA,0,,Route_191
61,24061ILA_6101,24061ILA_6101_2,COMPLEJO DEPORTIVO,0,,Route_366
61,24061ILA_6101,24061ILA_6101_3,COMPLEJO DEPORTIVO,0,,Route_366
61,24061ILA_6101,24061ILA_6101_4,COMPLEJO DEPORTIVO,0,,Route_366
61,24061ILA_6101,24061ILA_6101_5,COMPLEJO DEPORTIVO,0,,Route_366
61,24061ILA_6101,24061ILA_6101_6,COMPLEJO DEPORTIVO,0,,Route_366
61,24061ILA_6101,24061ILA_6101_7,COMPLEJO DEPORTIVO,0,,Route_366
61,24061ILA_6101,24061ILA_6101_8,COMPLEJO DEPORTIVO,0,,Route_366
61,24061ILA_6101,24061ILA_6101_9,COMPLEJO DEPORTIVO,0,,Route_366
61,24061ILA_6101,24061ILA_6101_10,COMPLEJO DEPORTIVO,0,,Route_366
61,24061ILA_6101,24061ILA_6101_11,COMPLEJO DEPORTIVO,0,,Route_366
61,24061ILA_6101,24061ILA_6101_12,COMPLEJO DEPORTIVO,0,,Route_366
61,24061ILA_6101,24061ILA_6101_13,COMPLEJO DEPORTIVO,0,,Route_366
61,24061ILA_6101,24061ILA_6101_14,COMPLEJO DEPORTIVO,0,,Route_366
61,24061ILA_6101,24061ILA_6101_15,COMPLEJO DEPORTIVO,0,,Route_366
61,24061ILA_6101,24061ILA_6101_16,COMPLEJO DEPORTIVO,0,,Route_366
61,24061ILA_6102,24061ILA_6102_2,COMPLEJO DEPORTIVO,0,,Route_366
61,24061ILA_6102,24061ILA_6102_3,COMPLEJO DEPORTIVO,0,,Route_366
61,24061ILA_6102,24061ILA_6102_4,COMPLEJO DEPORTIVO,0,,Route_366
61,24061ILA_6102,24061ILA_6102_5,COMPLEJO DEPORTIVO,0,,Route_366
61,24061ILA_6102,24061ILA_6102_6,COMPLEJO DEPORTIVO,0,,Route_366
61,24061ILA_6102,24061ILA_6102_7,COMPLEJO DEPORTIVO,0,,Route_366
61,24061ILA_6102,24061ILA_6102_8,COMPLEJO DEPORTIVO,0,,Route_366
61,24061ILA_6102,24061ILA_6102_9,COMPLEJO DEPORTIVO,0,,Route_366
61,24061ILA_6102,24061ILA_6102_10,COMPLEJO DEPORTIVO,0,,Route_366
61,24061ILA_6102,24061ILA_6102_11,COMPLEJO DEPORTIVO,0,,Route_366
61,24061ILA_6102,24061ILA_6102_12,COMPLEJO DEPORTIVO,0,,Route_366
61,24061ILA_6102,24061ILA_6102_13,COMPLEJO DEPORTIVO,0,,Route_366
61,24061ILA_6102,24061ILA_6102_14,COMPLEJO DEPORTIVO,0,,Route_366
61,24061ILA_6102,24061ILA_6102_15,COMPLEJO DEPORTIVO,0,,Route_366
61,24061ILA_6102,24061ILA_6102_16,COMPLEJO DEPORTIVO,0,,Route_366
62,24062ILA_6201,24062ILA_6201_2,COMPLEJO RUTH BEITIA,0,,Route_367
62,24062ILA_6201,24062ILA_6201_3,COMPLEJO RUTH BEITIA,0,,Route_367
62,24062ILA_6201,24062ILA_6201_4,COMPLEJO RUTH BEITIA,0,,Route_367
62,24062ILA_6201,24062ILA_6201_5,COMPLEJO RUTH BEITIA,0,,Route_367
62,24062ILA_6201,24062ILA_6201_6,COMPLEJO RUTH BEITIA,0,,Route_367
62,24062ILA_6201,24062ILA_6201_7,COMPLEJO RUTH BEITIA,0,,Route_367
62,24062ILA_6201,24062ILA_6201_8,COMPLEJO RUTH BEITIA,0,,Route_367
62,24062ILA_6201,24062ILA_6201_9,COMPLEJO RUTH BEITIA,0,,Route_367
62,24062ILA_6201,24062ILA_6201_10,COMPLEJO RUTH BEITIA,0,,Route_367
62,24062ILA_6201,24062ILA_6201_11,COMPLEJO RUTH BEITIA,0,,Route_367
62,24062ILA_6201,24062ILA_6201_12,COMPLEJO RUTH BEITIA,0,,Route_367
62,24062ILA_6201,24062ILA_6201_13,COMPLEJO RUTH BEITIA,0,,Route_367
62,24062ILA_6201,24062ILA_6201_14,COMPLEJO RUTH BEITIA,0,,Route_367
62,24062ILA_6202,24062ILA_6202_2,COMPLEJO RUTH BEITIA,0,,Route_367
62,24062ILA_6202,24062ILA_6202_3,COMPLEJO RUTH BEITIA,0,,Route_367
62,24062ILA_6202,24062ILA_6202_4,COMPLEJO RUTH BEITIA,0,,Route_367
62,24062ILA_6202,24062ILA_6202_5,COMPLEJO RUTH BEITIA,0,,Route_367
62,24062ILA_6202,24062ILA_6202_6,COMPLEJO RUTH BEITIA,0,,Route_367
62,24062ILA_6202,24062ILA_6202_7,COMPLEJO RUTH BEITIA,0,,Route_367
62,24062ILA_6202,24062ILA_6202_8,COMPLEJO RUTH BEITIA,0,,Route_367
62,24062ILA_6202,24062ILA_6202_9,COMPLEJO RUTH BEITIA,0,,Route_367
62,24062ILA_6202,24062ILA_6202_10,COMPLEJO RUTH BEITIA,0,,Route_367
62,24062ILA_6202,24062ILA_6202_11,COMPLEJO RUTH BEITIA,0,,Route_367
62,24062ILA_6202,24062ILA_6202_12,COMPLEJO RUTH BEITIA,0,,Route_367
62,24062ILA_6202,24062ILA_6202_13,COMPLEJO RUTH BEITIA,0,,Route_367
62,24062ILA_6202,24062ILA_6202_14,COMPLEJO RUTH BEITIA,0,,Route_367
71,24071ILA_7101,24071ILA_7101_2,L.QUINTANILLA,0,,Route_195
71,24071ILA_7101,24071ILA_7101_3,L.QUINTANILLA,0,,Route_195
71,24071ILA_7101,24071ILA_7101_4,L.QUINTANILLA,0,,Route_195
71,24071ILA_7101,24071ILA_7101_5,L.QUINTANILLA,0,,Route_195
71,24071ILA_7101,24071ILA_7101_6,L.QUINTANILLA,0,,Route_195
71,24071ILA_7101,24071ILA_7101_7,L.QUINTANILLA,0,,Route_195
71,24071ILA_7101,24071ILA_7101_8,L.QUINTANILLA,0,,Route_195
71,24071ILA_7101,24071ILA_7101_9,L.QUINTANILLA,0,,Route_195
71,24071ILA_7101,24071ILA_7101_10,L.QUINTANILLA,0,,Route_195
71,24071ILA_7101,24071ILA_7101_11,L.QUINTANILLA,0,,Route_195
71,24071ILA_7101,24071ILA_7101_12,L.QUINTANILLA,0,,Route_195
71,24071ILA_7101,24071ILA_7101_13,L.QUINTANILLA,0,,Route_195
71,24071ILA_7101,24071ILA_7101_14,L.QUINTANILLA,0,,Route_195
71,24071ILA_7101,24071ILA_7101_15,L.QUINTANILLA,0,,Route_195
71,24071ILA_7101,24071ILA_7101_16,L.QUINTANILLA,0,,Route_195
71,24071ILA_7101,24071ILA_7101_17,L.QUINTANILLA,0,,Route_195
71,24071ILA_7102,24071ILA_7102_2,L.QUINTANILLA,0,,Route_195
71,24071ILA_7102,24071ILA_7102_3,L.QUINTANILLA,0,,Route_195
71,24071ILA_7102,24071ILA_7102_4,L.QUINTANILLA,0,,Route_195
71,24071ILA_7102,24071ILA_7102_5,L.QUINTANILLA,0,,Route_195
71,24071ILA_7102,24071ILA_7102_6,L.QUINTANILLA,0,,Route_195
71,24071ILA_7102,24071ILA_7102_7,L.QUINTANILLA,0,,Route_195
71,24071ILA_7102,24071ILA_7102_8,L.QUINTANILLA,0,,Route_195
71,24071ILA_7102,24071ILA_7102_9,L.QUINTANILLA,0,,Route_195
71,24071ILA_7102,24071ILA_7102_10,L.QUINTANILLA,0,,Route_195
71,24071ILA_7102,24071ILA_7102_11,L.QUINTANILLA,0,,Route_195
71,24071ILA_7102,24071ILA_7102_12,L.QUINTANILLA,0,,Route_195
71,24071ILA_7102,24071ILA_7102_13,L.QUINTANILLA,0,,Route_195
71,24071ILA_7102,24071ILA_7102_14,L.QUINTANILLA,0,,Route_195
71,24071ILA_7102,24071ILA_7102_15,L.QUINTANILLA,0,,Route_195
71,24071ILA_7102,24071ILA_7102_16,L.QUINTANILLA,0,,Route_195
71,24071ILA_7103,24071ILA_7103_2,L.QUINTANILLA,0,,Route_195
71,24071ILA_7103,24071ILA_7103_3,L.QUINTANILLA,0,,Route_195
71,24071ILA_7103,24071ILA_7103_4,L.QUINTANILLA,0,,Route_195
71,24071ILA_7103,24071ILA_7103_5,L.QUINTANILLA,0,,Route_195
71,24071ILA_7103,24071ILA_7103_6,L.QUINTANILLA,0,,Route_195
71,24071ILA_7103,24071ILA_7103_7,L.QUINTANILLA,0,,Route_195
71,24071ILA_7103,24071ILA_7103_8,L.QUINTANILLA,0,,Route_195
71,24071ILA_7103,24071ILA_7103_9,L.QUINTANILLA,0,,Route_195
71,24071ILA_7113,24071ILA_7113_2,L.QUINTANILLA,0,,Route_195
71,24071ILA_7113,24071ILA_7113_3,L.QUINTANILLA,0,,Route_195
71,24071ILA_7113,24071ILA_7113_4,L.QUINTANILLA,0,,Route_195
71,24071ILA_7113,24071ILA_7113_5,L.QUINTANILLA,0,,Route_195
71,24071ILA_7113,24071ILA_7113_6,L.QUINTANILLA,0,,Route_195
71,24071ILA_7113,24071ILA_7113_7,L.QUINTANILLA,0,,Route_195
71,24071ILA_7113,24071ILA_7113_8,L.QUINTANILLA,0,,Route_195
71,24071ILA_7113,24071ILA_7113_9,L.QUINTANILLA,0,,Route_195
72,24072ILA_7201,24072ILA_7201_2,L.QUINTANILLA por TUNEL,0,,Route_197
72,24072ILA_7201,24072ILA_7201_3,L.QUINTANILLA por TUNEL,0,,Route_197
72,24072ILA_7201,24072ILA_7201_4,L.QUINTANILLA por TUNEL,0,,Route_197
72,24072ILA_7201,24072ILA_7201_5,L.QUINTANILLA por SARDINERO,0,,Route_196
72,24072ILA_7201,24072ILA_7201_6,L.QUINTANILLA por SARDINERO,0,,Route_196
72,24072ILA_7201,24072ILA_7201_7,L.QUINTANILLA por SARDINERO,0,,Route_196
72,24072ILA_7201,24072ILA_7201_8,L.QUINTANILLA por SARDINERO,0,,Route_196
72,24072ILA_7201,24072ILA_7201_9,L.QUINTANILLA por SARDINERO,0,,Route_196
72,24072ILA_7201,24072ILA_7201_10,L.QUINTANILLA por SARDINERO,0,,Route_196
72,24072ILA_7201,24072ILA_7201_11,L.QUINTANILLA por SARDINERO,0,,Route_196
72,24072ILA_7201,24072ILA_7201_12,L.QUINTANILLA por SARDINERO,0,,Route_196
72,24072ILA_7201,24072ILA_7201_13,L.QUINTANILLA por SARDINERO,0,,Route_196
72,24072ILA_7201,24072ILA_7201_14,L.QUINTANILLA por SARDINERO,0,,Route_196
72,24072ILA_7201,24072ILA_7201_15,L.QUINTANILLA por SARDINERO,0,,Route_196
72,24072ILA_7201,24072ILA_7201_16,L.QUINTANILLA por SARDINERO,0,,Route_196
72,24072ILA_7201,24072ILA_7201_17,L.QUINTANILLA por SARDINERO,0,,Route_196
4,24072ILA_7201,24072ILA_7201_18,BARRIO PESQUERO,0,,Route_185
4,24072ILA_7201,24072ILA_7201_19,INTERCAMBIADOR SARDINERO,1,,Route_186
72,24072ILA_7202,24072ILA_7202_2,L.QUINTANILLA por TUNEL,0,,Route_197
72,24072ILA_7202,24072ILA_7202_3,L.QUINTANILLA por TUNEL,0,,Route_197
72,24072ILA_7202,24072ILA_7202_4,L.QUINTANILLA por SARDINERO,0,,Route_196
72,24072ILA_7202,24072ILA_7202_5,L.QUINTANILLA por SARDINERO,0,,Route_196
72,24072ILA_7202,24072ILA_7202_6,L.QUINTANILLA por SARDINERO,0,,Route_196
72,24072ILA_7202,24072ILA_7202_7,L.QUINTANILLA por SARDINERO,0,,Route_196
72,24072ILA_7202,24072ILA_7202_8,L.QUINTANILLA por SARDINERO,0,,Route_196
72,24072ILA_7202,24072ILA_7202_9,L.QUINTANILLA por SARDINERO,0,,Route_196
72,24072ILA_7202,24072ILA_7202_10,L.QUINTANILLA por SARDINERO,0,,Route_196
72,24072ILA_7202,24072ILA_7202_11,L.QUINTANILLA por SARDINERO,0,,Route_196
72,24072ILA_7202,24072ILA_7202_12,L.QUINTANILLA por SARDINERO,0,,Route_196
72,24072ILA_7202,24072ILA_7202_13,L.QUINTANILLA por SARDINERO,0,,Route_196
72,24072ILA_7202,24072ILA_7202_14,L.QUINTANILLA por SARDINERO,0,,Route_196
72,24072ILA_7202,24072ILA_7202_15,L.QUINTANILLA por SARDINERO,0,,Route_196
72,24072ILA_7202,24072ILA_7202_16,L.QUINTANILLA por SARDINERO,0,,Route_196
72,24072ILA_7202,24072ILA_7202_17,L.QUINTANILLA por SARDINERO,0,,Route_196
72,24072ILA_7202,24072ILA_7202_18,L.QUINTANILLA por SARDINERO,0,,Route_196
72,24072ILA_7203,24072ILA_7203_2,L.QUINTANILLA por TUNEL,0,,Route_197
72,24072ILA_7203,24072ILA_7203_3,L.QUINTANILLA por TUNEL,0,,Route_197
72,24072ILA_7203,24072ILA_7203_4,L.QUINTANILLA por SARDINERO,0,,Route_196
72,24072ILA_7203,24072ILA_7203_5,L.QUINTANILLA por SARDINERO,0,,Route_196
72,24072ILA_7203,24072ILA_7203_6,L.QUINTANILLA por SARDINERO,0,,Route_196
72,24072ILA_7203,24072ILA_7203_7,L.QUINTANILLA por SARDINERO,0,,Route_196
72,24072ILA_7203,24072ILA_7203_8,L.QUINTANILLA por SARDINERO,0,,Route_196
72,24072ILA_7203,24072ILA_7203_9,L.QUINTANILLA por SARDINERO,0,,Route_196
72,24072ILA_7213,24072ILA_7213_2,L.QUINTANILLA por SARDINERO,0,,Route_196
72,24072ILA_7213,24072ILA_7213_3,L.QUINTANILLA por SARDINERO,0,,Route_196
72,24072ILA_7213,24072ILA_7213_4,L.QUINTANILLA por SARDINERO,0,,Route_196
72,24072ILA_7213,24072ILA_7213_5,L.QUINTANILLA por SARDINERO,0,,Route_196
72,24072ILA_7213,24072ILA_7213_6,L.QUINTANILLA por SARDINERO,0,,Route_196
72,24072ILA_7213,24072ILA_7213_7,L.QUINTANILLA por SARDINERO,0,,Route_196
72,24072ILA_7213,24072ILA_7213_8,L.QUINTANILLA por SARDINERO,0,,Route_196
72,24072ILA_7213,24072ILA_7213_9,L.QUINTANILLA por SARDINERO,0,,Route_196
72,24072ILA_7213,24072ILA_7213_10,L.QUINTANILLA por SARDINERO,0,,Route_196
41,24EILA_R01,24EILA_R01_2,INTERCAMBIADOR SARDINERO,0,,Route_344
41,24EILA_R01,24EILA_R01_3,INTERCAMBIADOR VALDECILLA,1,,Route_345
3,24EILA_R01,24EILA_R01_4,PASEO DE PEREDA 35,0,,Route_383
3,24EILA_R01,24EILA_R01_5,OJAIZ,1,,Route_11
3,24EILA_R01,24EILA_R01_6,PASEO DE PEREDA 35,0,,Route_383
3,24EILA_R01,24EILA_R01_7,OJAIZ,1,,Route_11
3,24EILA_R01,24EILA_R01_8,RECTORADO,0,,Route_384
61,24EILA_R01,24EILA_R01_9,COMPLEJO DEPORTIVO,0,,Route_366
62,24EILA_R01,24EILA_R01_10,COMPLEJO RUTH BEITIA,0,,Route_367
1,24EILA_R02,24EILA_R02_2,GONZALEZ TREVILLA,0,,Route_380
1,24EILA_R02,24EILA_R02_3,PCTCAN-UNEATLANTICO,1,,Route_372
100,24EILA_R02,24EILA_R02_4,INT. AVDA. VALDECILLA,1,,Route_174
100,24EILA_R02,24EILA_R02_5,INTERCAMBIADOR SARDINERO,0,,Route_394
100,24EILA_R02,24EILA_R02_6,INT. AVDA. VALDECILLA,1,,Route_174
100,24EILA_R02,24EILA_R02_7,INTERCAMBIADOR SARDINERO,0,,Route_394
2,24EILA_R02,24EILA_R02_8,CONSUELO BERGES,0,,Route_382
2,24EILA_R02,24EILA_R02_9,CORBAN,1,,Route_180
71,24EILA_R03,24EILA_R03_2,L.QUINTANILLA,0,,Route_195
12,24EILA_R03,24EILA_R03_3,CARREFOUR,0,,Route_388
12,24EILA_R03,24EILA_R03_4,CARREFOUR,0,,Route_388
51,24EILA_R04,24EILA_R04_2,MIRANDA,0,,Route_189
52,24EILA_R04,24EILA_R04_3,MIRANDA,0,,Route_191
3,24EILA_R04,24EILA_R04_4,OJAIZ,1,,Route_13
3,24EILA_R04,24EILA_R04_5,PASEO DE PEREDA 35,0,,Route_383
3,24EILA_R04,24EILA_R04_6,OJAIZ,1,,Route_11
3,24EILA_R04,24EILA_R04_7,PASEO DE PEREDA 35,0,,Route_383
2,24EILA_R04,24EILA_R04_8,CORBAN,1,,Route_180
4,24EILA_R05,24EILA_R05_2,BARRIO PESQUERO,0,,Route_185
4,24EILA_R05,24EILA_R05_3,INTERCAMBIADOR SARDINERO,1,,Route_186
4,24EILA_R05,24EILA_R05_4,BARRIO PESQUERO,0,,Route_185
4,24EILA_R05,24EILA_R05_5,INTERCAMBIADOR SARDINERO,1,,Route_186
71,24EILA_R06,24EILA_R06_2,L.QUINTANILLA,0,,Route_195
4,24EILA_R06,24EILA_R06_3,BARRIO PESQUERO,0,,Route_185
4,24EILA_R06,24EILA_R06_4,INTERCAMBIADOR SARDINERO,1,,Route_186
4,24EILA_R06,24EILA_R06_5,BARRIO PESQUERO,0,,Route_185
4,24EILA_R06,24EILA_R06_6,INTERCAMBIADOR SARDINERO,1,,Route_186
62,24EILA_R06,24EILA_R06_7,COMPLEJO RUTH BEITIA,0,,Route_367
12,24EILA_R07,24EILA_R07_2,CARREFOUR,0,,Route_388
100,24EILA_R07,24EILA_R07_3,INT. AVDA. VALDECILLA,1,,Route_174
100,24EILA_R07,24EILA_R07_4,INTERCAMBIADOR SARDINERO,0,,Route_394
100,24EILA_R07,24EILA_R07_5,INT. AVDA. VALDECILLA,1,,Route_174
100,24EILA_R07,24EILA_R07_6,INTERCAMBIADOR SARDINERO,0,,Route_394
2,24EILA_R07,24EILA_R07_7,CORBAN,1,,Route_180
61,24EILA_R08,24EILA_R08_2,COMPLEJO DEPORTIVO,0,,Route_366
62,24EILA_R08,24EILA_R08_3,COMPLEJO RUTH BEITIA,0,,Route_367
4,24EILA_R08,24EILA_R08_4,BARRIO PESQUERO,0,,Route_185
4,24EILA_R08,24EILA_R08_5,INTERCAMBIADOR SARDINERO,1,,Route_186
13,24EILA_R09,24EILA_R09_2,LLUJA,1,,Route_36
13,24EILA_R09,24EILA_R09_3,CUETO por el SARDINERO,0,,Route_375
71,24EILA_R09,24EILA_R09_4,L.QUINTANILLA,0,,Route_195
12,24EILA_R10,24EILA_R10_2,CARREFOUR,0,,Route_388
12,24EILA_R10,24EILA_R10_3,CARREFOUR,0,,Route_388
1,24EILA_R11,24EILA_R11_2,PCTCAN-UNEATLANTICO,1,,Route_372
1,24EILA_R11,24EILA_R11_3,GONZALEZ TREVILLA,0,,Route_380
1,24EILA_R11,24EILA_R11_4,PCTCAN-UNEATLANTICO,1,,Route_372
1,24EILA_R11,24EILA_R11_5,GONZALEZ TREVILLA,0,,Route_380
1,24EILA_R12,24EILA_R12_2,GONZALEZ TREVILLA,0,,Route_380
1,24EILA_R12,24EILA_R12_3,PCTCAN-UNEATLANTICO,1,,Route_372
52,24EILA_R12,24EILA_R12_4,MIRANDA,0,,Route_191
51,24EILA_R12,24EILA_R12_5,MIRANDA,0,,Route_189
52,24EILA_R14,24EILA_R14_2,MIRANDA,0,,Route_191
1,24EILUA_0107,24EILUA_0107_2,PCTCAN-UNEATLANTICO,1,,Route_372
1,24EILUA_0107,24EILUA_0107_3,GONZALEZ TREVILLA,0,,Route_380
1,24EILUA_0107,24EILUA_0107_4,PCTCAN-UNEATLANTICO,1,,Route_372
1,24EILUA_0107,24EILUA_0107_5,GONZALEZ TREVILLA,0,,Route_380
1,24EILUA_0107,24EILUA_0107_6,PCTCAN-UNEATLANTICO,1,,Route_372
1,24EILUA_0107,24EILUA_0107_7,GONZALEZ TREVILLA,0,,Route_380
1,24EILUA_0107,24EILUA_0107_8,PCTCAN-UNEATLANTICO,1,,Route_372
241,24242ILA_24201,24242ILA_24201_2,PCTCAN POR TUNEL TETUAN,0,,Route_363
242,24242ILA_24201,24242ILA_24201_3,PCTCAN POR TUNEL TETUAN,0,,Route_391
242,24242ILA_24201,24242ILA_24201_4,PCTCAN POR TUNEL TETUAN,0,,Route_391
242,24242ILA_24201,24242ILA_24201_5,PCTCAN POR TUNEL TETUAN,0,,Route_391
242,24242ILA_24201,24242ILA_24201_6,PCTCAN POR TUNEL TETUAN,0,,Route_391
242,24242ILA_24201,24242ILA_24201_7,PCTCAN POR TUNEL TETUAN,0,,Route_391
242,24242ILA_24201,24242ILA_24201_8,PCTCAN POR TUNEL TETUAN,0,,Route_391
242,24242ILA_24201,24242ILA_24201_9,PCTCAN POR TUNEL TETUAN,0,,Route_391
242,24242ILA_24201,24242ILA_24201_10,PCTCAN POR TUNEL TETUAN,0,,Route_391
242,24242ILA_24201,24242ILA_24201_11,PCTCAN POR TUNEL TETUAN,0,,Route_391
242,24242ILA_24201,24242ILA_24201_12,PCTCAN POR TUNEL TETUAN,0,,Route_391
242,24242ILA_24202,24242ILA_24202_2,PCTCAN POR TUNEL TETUAN,0,,Route_391
242,24242ILA_24202,24242ILA_24202_3,PCTCAN POR TUNEL TETUAN,0,,Route_391
242,24242ILA_24202,24242ILA_24202_4,PCTCAN POR TUNEL TETUAN,0,,Route_391
242,24242ILA_24202,24242ILA_24202_5,PCTCAN POR TUNEL TETUAN,0,,Route_391
242,24242ILA_24202,24242ILA_24202_6,PCTCAN POR TUNEL TETUAN,0,,Route_391
242,24242ILA_24202,24242ILA_24202_7,PCTCAN POR TUNEL TETUAN,0,,Route_391
242,24242ILA_24202,24242ILA_24202_8,PCTCAN POR TUNEL TETUAN,0,,Route_391
242,24242ILA_24202,24242ILA_24202_9,PCTCAN POR TUNEL TETUAN,0,,Route_391
242,24242ILA_24202,24242ILA_24202_10,PCTCAN POR TUNEL TETUAN,0,,Route_391
242,24242ILA_24202,24242ILA_24202_11,PCTCAN POR TUNEL TETUAN,0,,Route_391
242,24242ILA_24202,24242ILA_24202_12,PCTCAN POR TUNEL TETUAN,0,,Route_391
242,24242ILA_24203,24242ILA_24203_2,PCTCAN POR TUNEL TETUAN,0,,Route_391
242,24242ILA_24203,24242ILA_24203_3,PCTCAN POR TUNEL TETUAN,0,,Route_391
242,24242ILA_24203,24242ILA_24203_4,PCTCAN POR TUNEL TETUAN,0,,Route_391
242,24242ILA_24203,24242ILA_24203_5,PCTCAN POR TUNEL TETUAN,0,,Route_391
242,24242ILA_24203,24242ILA_24203_6,PCTCAN POR TUNEL TETUAN,0,,Route_391
242,24242ILA_24203,24242ILA_24203_7,PCTCAN POR TUNEL TETUAN,0,,Route_391
242,24242ILA_24203,24242ILA_24203_8,PCTCAN POR TUNEL TETUAN,0,,Route_391
242,24242ILA_24203,24242ILA_24203_9,PCTCAN POR TUNEL TETUAN,0,,Route_391
242,24242ILA_24203,24242ILA_24203_10,PCTCAN POR TUNEL TETUAN,0,,Route_391
242,24242ILA_24203,24242ILA_24203_11,PCTCAN POR TUNEL TETUAN,0,,Route_391
242,24242ILA_24203,24242ILA_24203_12,PCTCAN POR TUNEL TETUAN,0,,Route_391
41,24EILUA_R01,24EILUA_R01_2,INTERCAMBIADOR SARDINERO,0,,Route_344
41,24EILUA_R01,24EILUA_R01_3,INTERCAMBIADOR VALDECILLA,1,,Route_345
3,24EILUA_R01,24EILUA_R01_4,PASEO DE PEREDA 35,0,,Route_383
3,24EILUA_R01,24EILUA_R01_5,OJAIZ,1,,Route_11
3,24EILUA_R01,24EILUA_R01_6,PASEO DE PEREDA 35,0,,Route_383
3,24EILUA_R01,24EILUA_R01_7,OJAIZ,1,,Route_11
3,24EILUA_R01,24EILUA_R01_8,RECTORADO,0,,Route_384
61,24EILUA_R01,24EILUA_R01_9,COMPLEJO DEPORTIVO,0,,Route_366
62,24EILUA_R01,24EILUA_R01_10,COMPLEJO RUTH BEITIA,0,,Route_367
1,24EILUA_R02,24EILUA_R02_2,GONZALEZ TREVILLA,0,,Route_380
1,24EILUA_R02,24EILUA_R02_3,PCTCAN-UNEATLANTICO,1,,Route_372
100,24EILUA_R02,24EILUA_R02_4,INT. AVDA. VALDECILLA,1,,Route_174
100,24EILUA_R02,24EILUA_R02_5,INTERCAMBIADOR SARDINERO,0,,Route_394
100,24EILUA_R02,24EILUA_R02_6,INT. AVDA. VALDECILLA,1,,Route_174
100,24EILUA_R02,24EILUA_R02_7,INTERCAMBIADOR SARDINERO,0,,Route_394
42,24EILUA_R02,24EILUA_R02_8,ESTACIONES,1,,Route_245
42,24EILUA_R02,24EILUA_R02_9,ESTACIONES,1,,Route_245
42,24EILUA_R02,24EILUA_R02_10,ESTACIONES,1,,Route_245
42,24EILUA_R02,24EILUA_R02_11,ESTACIONES,1,,Route_245
2,24EILUA_R02,24EILUA_R02_12,CONSUELO BERGES,0,,Route_382
2,24EILUA_R02,24EILUA_R02_13,CORBAN,1,,Route_180
71,24EILUA_R03,24EILUA_R03_2,L.QUINTANILLA,0,,Route_195
12,24EILUA_R03,24EILUA_R03_3,CARREFOUR,0,,Route_388
12,24EILUA_R03,24EILUA_R03_4,CARREFOUR,0,,Route_388
51,24EILUA_R04,24EILUA_R04_2,MIRANDA,0,,Route_189
52,24EILUA_R04,24EILUA_R04_3,MIRANDA,0,,Route_191
3,24EILUA_R04,24EILUA_R04_4,OJAIZ,1,,Route_13
3,24EILUA_R04,24EILUA_R04_5,PASEO DE PEREDA 35,0,,Route_383
3,24EILUA_R04,24EILUA_R04_6,OJAIZ,1,,Route_11
3,24EILUA_R04,24EILUA_R04_7,PASEO DE PEREDA 35,0,,Route_383
2,24EILUA_R04,24EILUA_R04_8,CORBAN,1,,Route_180
42,24EILUA_R05,24EILUA_R05_2,RECTORADO,0,,Route_244
42,24EILUA_R05,24EILUA_R05_3,RECTORADO,0,,Route_244
42,24EILUA_R05,24EILUA_R05_4,RECTORADO,0,,Route_244
4,24EILUA_R05,24EILUA_R05_5,BARRIO PESQUERO,0,,Route_185
4,24EILUA_R05,24EILUA_R05_6,INTERCAMBIADOR SARDINERO,1,,Route_186
4,24EILUA_R05,24EILUA_R05_7,BARRIO PESQUERO,0,,Route_185
4,24EILUA_R05,24EILUA_R05_8,INTERCAMBIADOR SARDINERO,1,,Route_186
42,24EILUA_R05,24EILUA_R05_9,ESTACIONES,1,,Route_245
42,24EILUA_R05,24EILUA_R05_10,ESTACIONES,1,,Route_245
42,24EILUA_R05,24EILUA_R05_11,ESTACIONES,1,,Route_245
42,24EILUA_R05,24EILUA_R05_12,ESTACIONES,1,,Route_245
42,24EILUA_R05,24EILUA_R05_13,ESTACIONES,1,,Route_245
12,24EILUA_R05,24EILUA_R05_14,CARREFOUR,0,,Route_388
71,24EILUA_R06,24EILUA_R06_2,L.QUINTANILLA,0,,Route_195
4,24EILUA_R06,24EILUA_R06_3,BARRIO PESQUERO,0,,Route_185
4,24EILUA_R06,24EILUA_R06_4,INTERCAMBIADOR SARDINERO,1,,Route_186
4,24EILUA_R06,24EILUA_R06_5,BARRIO PESQUERO,0,,Route_185
4,24EILUA_R06,24EILUA_R06_6,INTERCAMBIADOR SARDINERO,1,,Route_186
62,24EILUA_R06,24EILUA_R06_7,COMPLEJO RUTH BEITIA,0,,Route_367
12,24EILUA_R07,24EILUA_R07_2,CARREFOUR,0,,Route_388
100,24EILUA_R07,24EILUA_R07_3,INT. AVDA. VALDECILLA,1,,Route_174
100,24EILUA_R07,24EILUA_R07_4,INTERCAMBIADOR SARDINERO,0,,Route_394
100,24EILUA_R07,24EILUA_R07_5,INT. AVDA. VALDECILLA,1,,Route_174
100,24EILUA_R07,24EILUA_R07_6,INTERCAMBIADOR SARDINERO,0,,Route_394
2,24EILUA_R07,24EILUA_R07_7,CORBAN,1,,Route_180
42,24EILUA_R08,24EILUA_R08_2,RECTORADO,0,,Route_244
42,24EILUA_R08,24EILUA_R08_3,RECTORADO,0,,Route_244
61,24EILUA_R08,24EILUA_R08_4,COMPLEJO DEPORTIVO,0,,Route_366
62,24EILUA_R08,24EILUA_R08_5,COMPLEJO RUTH BEITIA,0,,Route_367
4,24EILUA_R08,24EILUA_R08_6,BARRIO PESQUERO,0,,Route_185
4,24EILUA_R08,24EILUA_R08_7,INTERCAMBIADOR SARDINERO,1,,Route_186
13,24EILUA_R09,24EILUA_R09_2,LLUJA,1,,Route_36
13,24EILUA_R09,24EILUA_R09_3,CUETO por el SARDINERO,0,,Route_375
71,24EILUA_R09,24EILUA_R09_4,L.QUINTANILLA,0,,Route_195
42,24EILUA_R09,24EILUA_R09_5,ESTACIONES,1,,Route_245
42,24EILUA_R09,24EILUA_R09_6,RECTORADO,0,,Route_244
12,24EILUA_R10,24EILUA_R10_2,CARREFOUR,0,,Route_388
12,24EILUA_R10,24EILUA_R10_3,CARREFOUR,0,,Route_388
1,24EILUA_R11,24EILUA_R11_2,PCTCAN-UNEATLANTICO,1,,Route_372
1,24EILUA_R11,24EILUA_R11_3,GONZALEZ TREVILLA,0,,Route_380
1,24EILUA_R11,24EILUA_R11_4,PCTCAN-UNEATLANTICO,1,,Route_372
1,24EILUA_R11,24EILUA_R11_5,GONZALEZ TREVILLA,0,,Route_380
1,24EILUA_R12,24EILUA_R12_2,GONZALEZ TREVILLA,0,,Route_380
1,24EILUA_R12,24EILUA_R12_3,PCTCAN-UNEATLANTICO,1,,Route_372
52,24EILUA_R12,24EILUA_R12_4,MIRANDA,0,,Route_191
51,24EILUA_R12,24EILUA_R12_5,MIRANDA,0,,Route_189
52,24EILUA_R14,24EILUA_R14_2,MIRANDA,0,,Route_191
101,24101INA_10101,24101INA_10101_2,REPUENTE,0,,Route_254
101,24101INA_10101,24101INA_10101_3,CORBAN,1,,Route_370
101,24101INA_10101,24101INA_10101_4,REPUENTE,0,,Route_254
101,24101INA_10101,24101INA_10101_5,CORBAN,1,,Route_370
101,24101INA_10101,24101INA_10101_6,REPUENTE,0,,Route_254
101,24101INA_10102,24101INA_10102_2,REPUENTE,0,,Route_254
101,24101INA_10102,24101INA_10102_3,CORBAN,1,,Route_370
101,24101INA_10103,24101INA_10103_2,CORBAN,1,,Route_370
101,24101INA_10103,24101INA_10103_3,REPUENTE,0,,Route_254
102,24102INA_10201,24102INA_10201_2,CORBAN,1,,Route_81
102,24102INA_10201,24102INA_10201_3,COMPLEJO,0,,Route_256
102,24102INA_10201,24102INA_10201_4,CORBAN,1,,Route_81
102,24102INA_10201,24102INA_10201_5,COMPLEJO,0,,Route_256
102,24102INA_10201,24102INA_10201_6,CORBAN,1,,Route_81
103,24103INA_10301,24103INA_10301_2,TOMAS y VALIENTE,1,,Route_393
103,24103INA_10301,24103INA_10301_3,PLAZA ITALIA,0,,Route_258
103,24103INA_10301,24103INA_10301_4,TOMAS y VALIENTE,1,,Route_393
103,24103INA_10301,24103INA_10301_5,PLAZA ITALIA,0,,Route_258
103,24103INA_10301,24103INA_10301_6,TOMAS y VALIENTE,1,,Route_393
103,24103INA_10301,24103INA_10301_7,PLAZA ITALIA,0,,Route_258
103,24103INA_10301,24103INA_10301_8,TOMAS y VALIENTE,1,,Route_393
1,24001ISA_0101,24001ISA_0101_2,ADARZO,1,,Route_374
1,24001ISA_0101,24001ISA_0101_3,GONZALEZ TREVILLA,0,,Route_381
1,24001ISA_0101,24001ISA_0101_4,ADARZO,1,,Route_374
1,24001ISA_0101,24001ISA_0101_5,GONZALEZ TREVILLA,0,,Route_381
1,24001ISA_0101,24001ISA_0101_6,ADARZO,1,,Route_374
1,24001ISA_0101,24001ISA_0101_7,GONZALEZ TREVILLA,0,,Route_381
1,24001ISA_0101,24001ISA_0101_8,ADARZO,1,,Route_374
1,24001ISA_0101,24001ISA_0101_9,GONZALEZ TREVILLA,0,,Route_381
1,24001ISA_0101,24001ISA_0101_10,ADARZO,1,,Route_374
1,24001ISA_0101,24001ISA_0101_11,GONZALEZ TREVILLA,0,,Route_381
1,24001ISA_0101,24001ISA_0101_12,ADARZO,1,,Route_374
1,24001ISA_0101,24001ISA_0101_13,GONZALEZ TREVILLA,0,,Route_381
1,24001ISA_0101,24001ISA_0101_14,ADARZO,1,,Route_374
1,24001ISA_0101,24001ISA_0101_15,GONZALEZ TREVILLA,0,,Route_381
1,24001ISA_0101,24001ISA_0101_16,ADARZO,1,,Route_374
1,24001ISA_0101,24001ISA_0101_17,GONZALEZ TREVILLA,0,,Route_381
1,24001ISA_0101,24001ISA_0101_18,ADARZO,1,,Route_374
1,24001ISA_0101,24001ISA_0101_19,GONZALEZ TREVILLA,0,,Route_381
1,24001ISA_0102,24001ISA_0102_2,ADARZO,1,,Route_374
1,24001ISA_0102,24001ISA_0102_3,GONZALEZ TREVILLA,0,,Route_381
1,24001ISA_0102,24001ISA_0102_4,ADARZO,1,,Route_374
1,24001ISA_0102,24001ISA_0102_5,GONZALEZ TREVILLA,0,,Route_381
1,24001ISA_0102,24001ISA_0102_6,ADARZO,1,,Route_374
1,24001ISA_0102,24001ISA_0102_7,GONZALEZ TREVILLA,0,,Route_381
1,24001ISA_0102,24001ISA_0102_8,ADARZO,1,,Route_374
1,24001ISA_0102,24001ISA_0102_9,GONZALEZ TREVILLA,0,,Route_381
1,24001ISA_0102,24001ISA_0102_10,ADARZO,1,,Route_374
1,24001ISA_0102,24001ISA_0102_11,GONZALEZ TREVILLA,0,,Route_381
1,24001ISA_0102,24001ISA_0102_12,ADARZO,1,,Route_374
1,24001ISA_0102,24001ISA_0102_13,GONZALEZ TREVILLA,0,,Route_381
1,24001ISA_0102,24001ISA_0102_14,ADARZO,1,,Route_374
1,24001ISA_0102,24001ISA_0102_15,GONZALEZ TREVILLA,0,,Route_381
1,24001ISA_0102,24001ISA_0102_16,ADARZO,1,,Route_374
1,24001ISA_0102,24001ISA_0102_17,GONZALEZ TREVILLA,0,,Route_381
1,24001ISA_0103,24001ISA_0103_2,ADARZO,1,,Route_374
1,24001ISA_0103,24001ISA_0103_3,GONZALEZ TREVILLA,0,,Route_381
1,24001ISA_0103,24001ISA_0103_4,ADARZO,1,,Route_374
1,24001ISA_0103,24001ISA_0103_5,GONZALEZ TREVILLA,0,,Route_381
1,24001ISA_0103,24001ISA_0103_6,ADARZO,1,,Route_374
1,24001ISA_0103,24001ISA_0103_7,GONZALEZ TREVILLA,0,,Route_381
1,24001ISA_0103,24001ISA_0103_8,ADARZO,1,,Route_374
1,24001ISA_0103,24001ISA_0103_9,GONZALEZ TREVILLA,0,,Route_381
1,24001ISA_0103,24001ISA_0103_10,ADARZO,1,,Route_374
1,24001ISA_0103,24001ISA_0103_11,GONZALEZ TREVILLA,0,,Route_381
1,24001ISA_0103,24001ISA_0103_12,ADARZO,1,,Route_374
1,24001ISA_0103,24001ISA_0103_13,GONZALEZ TREVILLA,0,,Route_381
1,24001ISA_0103,24001ISA_0103_14,ADARZO,1,,Route_374
1,24001ISA_0103,24001ISA_0103_15,GONZALEZ TREVILLA,0,,Route_381
1,24001ISA_0103,24001ISA_0103_16,ADARZO,1,,Route_374
1,24001ISA_0103,24001ISA_0103_17,GONZALEZ TREVILLA,0,,Route_381
1,24001ISA_0104,24001ISA_0104_2,ADARZO,1,,Route_374
1,24001ISA_0104,24001ISA_0104_3,GONZALEZ TREVILLA,0,,Route_381
1,24001ISA_0104,24001ISA_0104_4,ADARZO,1,,Route_374
1,24001ISA_0104,24001ISA_0104_5,GONZALEZ TREVILLA,0,,Route_381
1,24001ISA_0104,24001ISA_0104_6,ADARZO,1,,Route_374
1,24001ISA_0104,24001ISA_0104_7,GONZALEZ TREVILLA,0,,Route_381
1,24001ISA_0104,24001ISA_0104_8,ADARZO,1,,Route_374
1,24001ISA_0114,24001ISA_0114_2,GONZALEZ TREVILLA,0,,Route_381
1,24001ISA_0114,24001ISA_0114_3,ADARZO,1,,Route_374
1,24001ISA_0114,24001ISA_0114_4,GONZALEZ TREVILLA,0,,Route_381
1,24001ISA_0114,24001ISA_0114_5,ADARZO,1,,Route_374
1,24001ISA_0114,24001ISA_0114_6,GONZALEZ TREVILLA,0,,Route_381
1,24001ISA_0114,24001ISA_0114_7,ADARZO,1,,Route_374
1,24001ISA_0114,24001ISA_0114_8,GONZALEZ TREVILLA,0,,Route_381
14,24001ISA_0114,24001ISA_0114_9,ESTACIONES,0,,Route_105
1,24001ISA_0115,24001ISA_0115_2,ADARZO,1,,Route_374
1,24001ISA_0115,24001ISA_0115_3,GONZALEZ TREVILLA,0,,Route_381
1,24001ISA_0115,24001ISA_0115_4,ADARZO,1,,Route_374
1,24001ISA_0115,24001ISA_0115_5,GONZALEZ TREVILLA,0,,Route_381
1,24001ISA_0115,24001ISA_0115_6,ADARZO,1,,Route_374
1,24001ISA_0115,24001ISA_0115_7,GONZALEZ TREVILLA,0,,Route_381
1,24001ISA_0115,24001ISA_0115_8,ADARZO,1,,Route_374
2,24002ISA_0201,24002ISA_0201_2,CONSUELO BERGES,0,,Route_382
2,24002ISA_0201,24002ISA_0201_3,CORBAN,1,,Route_180
2,24002ISA_0201,24002ISA_0201_4,CONSUELO BERGES,0,,Route_382
2,24002ISA_0201,24002ISA_0201_5,CORBAN,1,,Route_180
2,24002ISA_0201,24002ISA_0201_6,CONSUELO BERGES,0,,Route_382
2,24002ISA_0201,24002ISA_0201_7,CORBAN,1,,Route_180
2,24002ISA_0201,24002ISA_0201_8,CONSUELO BERGES,0,,Route_382
2,24002ISA_0201,24002ISA_0201_9,CORBAN,1,,Route_180
2,24002ISA_0202,24002ISA_0202_2,CORBAN,1,,Route_180
2,24002ISA_0202,24002ISA_0202_3,CONSUELO BERGES,0,,Route_382
2,24002ISA_0202,24002ISA_0202_4,CORBAN,1,,Route_180
2,24002ISA_0202,24002ISA_0202_5,CONSUELO BERGES,0,,Route_382
2,24002ISA_0202,24002ISA_0202_6,CORBAN,1,,Route_180
2,24002ISA_0202,24002ISA_0202_7,CONSUELO BERGES,0,,Route_382
2,24002ISA_0202,24002ISA_0202_8,CORBAN,1,,Route_180
2,24002ISA_0202,24002ISA_0202_9,CONSUELO BERGES,0,,Route_382
2,24002ISA_0203,24002ISA_0203_2,CONSUELO BERGES,0,,Route_382
2,24002ISA_0203,24002ISA_0203_3,CORBAN,1,,Route_180
2,24002ISA_0203,24002ISA_0203_4,CONSUELO BERGES,0,,Route_382
2,24002ISA_0203,24002ISA_0203_5,CORBAN,1,,Route_180
2,24002ISA_0203,24002ISA_0203_6,CONSUELO BERGES,0,,Route_382
2,24002ISA_0203,24002ISA_0203_7,CORBAN,1,,Route_180
2,24002ISA_0203,24002ISA_0203_8,CONSUELO BERGES,0,,Route_382
2,24002ISA_0203,24002ISA_0203_9,CORBAN,1,,Route_180
2,24002ISA_0203,24002ISA_0203_10,CONSUELO BERGES,0,,Route_382
2,24002ISA_0203,24002ISA_0203_11,CORBAN,1,,Route_180
2,24002ISA_0203,24002ISA_0203_12,CONSUELO BERGES,0,,Route_382
2,24002ISA_0203,24002ISA_0203_13,CORBAN,1,,Route_180
2,24002ISA_0203,24002ISA_0203_14,CONSUELO BERGES,0,,Route_382
2,24002ISA_0203,24002ISA_0203_15,CORBAN,1,,Route_180
2,24002ISA_0203,24002ISA_0203_16,CONSUELO BERGES,0,,Route_382
2,24002ISA_0203,24002ISA_0203_17,CORBAN,1,,Route_180
2,24002ISA_0203,24002ISA_0203_18,CONSUELO BERGES,0,,Route_382
1,24002ISA_0203,24002ISA_0203_19,ADARZO,1,,Route_374
2,24002ISA_0204,24002ISA_0204_2,CONSUELO BERGES,0,,Route_382
2,24002ISA_0204,24002ISA_0204_3,CORBAN,1,,Route_180
2,24002ISA_0204,24002ISA_0204_4,CONSUELO BERGES,0,,Route_382
2,24002ISA_0204,24002ISA_0204_5,CORBAN,1,,Route_180
2,24002ISA_0204,24002ISA_0204_6,CONSUELO BERGES,0,,Route_382
2,24002ISA_0204,24002ISA_0204_7,CORBAN,1,,Route_180
2,24002ISA_0204,24002ISA_0204_8,CONSUELO BERGES,0,,Route_382
2,24002ISA_0204,24002ISA_0204_9,CORBAN,1,,Route_180
2,24002ISA_0204,24002ISA_0204_10,CONSUELO BERGES,0,,Route_382
2,24002ISA_0204,24002ISA_0204_11,CORBAN,1,,Route_180
2,24002ISA_0204,24002ISA_0204_12,CONSUELO BERGES,0,,Route_382
2,24002ISA_0204,24002ISA_0204_13,CORBAN,1,,Route_180
2,24002ISA_0204,24002ISA_0204_14,CONSUELO BERGES,0,,Route_382
2,24002ISA_0204,24002ISA_0204_15,CORBAN,1,,Route_180
2,24002ISA_0204,24002ISA_0204_16,CONSUELO BERGES,0,,Route_382
2,24002ISA_0204,24002ISA_0204_17,CORBAN,1,,Route_180
100,24002ISA_0204,24002ISA_0204_18,INTERCAMBIADOR SARDINERO,0,,Route_394
2,24002ISA_0211,24002ISA_0211_3,CORBAN,1,,Route_180
2,24002ISA_0211,24002ISA_0211_4,CONSUELO BERGES,0,,Route_382
2,24002ISA_0211,24002ISA_0211_5,CORBAN,1,,Route_180
2,24002ISA_0211,24002ISA_0211_6,CONSUELO BERGES,0,,Route_382
2,24002ISA_0211,24002ISA_0211_7,CORBAN,1,,Route_180
2,24002ISA_0211,24002ISA_0211_8,CONSUELO BERGES,0,,Route_382
2,24002ISA_0211,24002ISA_0211_9,CORBAN,1,,Route_180
2,24002ISA_0211,24002ISA_0211_10,CONSUELO BERGES,0,,Route_382
2,24002ISA_0211,24002ISA_0211_11,CORBAN,1,,Route_180
2,24002ISA_0212,24002ISA_0212_2,CORBAN,1,,Route_180
2,24002ISA_0212,24002ISA_0212_3,CONSUELO BERGES,0,,Route_382
2,24002ISA_0212,24002ISA_0212_4,CORBAN,1,,Route_180
2,24002ISA_0212,24002ISA_0212_5,CONSUELO BERGES,0,,Route_382
2,24002ISA_0212,24002ISA_0212_6,CORBAN,1,,Route_180
2,24002ISA_0212,24002ISA_0212_7,CONSUELO BERGES,0,,Route_382
2,24002ISA_0212,24002ISA_0212_8,CORBAN,1,,Route_180
2,24002ISA_0212,24002ISA_0212_9,CONSUELO BERGES,0,,Route_382
2,24002ISA_0212,24002ISA_0212_10,CORBAN,1,,Route_180
2,24002ISA_0215,24002ISA_0215_2,CONSUELO BERGES,0,,Route_382
2,24002ISA_0215,24002ISA_0215_3,CORBAN,1,,Route_180
2,24002ISA_0215,24002ISA_0215_4,CONSUELO BERGES,0,,Route_382
2,24002ISA_0215,24002ISA_0215_5,CORBAN,1,,Route_180
2,24002ISA_0215,24002ISA_0215_6,CONSUELO BERGES,0,,Route_382
2,24002ISA_0215,24002ISA_0215_7,CORBAN,1,,Route_180
3,24003ISA_0301,24003ISA_0301_2,OJAIZ,1,,Route_11
3,24003ISA_0301,24003ISA_0301_3,PASEO DE PEREDA 35,0,,Route_383
3,24003ISA_0301,24003ISA_0301_4,OJAIZ,1,,Route_11
3,24003ISA_0301,24003ISA_0301_5,INT SARDINERO,0,,Route_385
3,24003ISA_0301,24003ISA_0301_6,OJAIZ,1,,Route_15
3,24003ISA_0301,24003ISA_0301_7,INT SARDINERO,0,,Route_385
3,24003ISA_0301,24003ISA_0301_8,OJAIZ,1,,Route_15
3,24003ISA_0301,24003ISA_0301_9,INT SARDINERO,0,,Route_385
3,24003ISA_0301,24003ISA_0301_10,OJAIZ,1,,Route_15
3,24003ISA_0301,24003ISA_0301_11,INT SARDINERO,0,,Route_385
3,24003ISA_0301,24003ISA_0301_12,OJAIZ,1,,Route_15
3,24003ISA_0301,24003ISA_0301_13,INT SARDINERO,0,,Route_385
3,24003ISA_0301,24003ISA_0301_14,OJAIZ,1,,Route_15
3,24003ISA_0301,24003ISA_0301_15,INT SARDINERO,0,,Route_385
3,24003ISA_0301,24003ISA_0301_16,OJAIZ,1,,Route_15
3,24003ISA_0301,24003ISA_0301_17,INT SARDINERO,0,,Route_385
3,24003ISA_0301,24003ISA_0301_18,OJAIZ,1,,Route_15
3,24003ISA_0301,24003ISA_0301_19,PASEO DE PEREDA 35,0,,Route_383
3,24003ISA_0301,24003ISA_0301_20,OJAIZ,1,,Route_11
3,24003ISA_0301,24003ISA_0301_21,PASEO DE PEREDA 35,0,,Route_383
3,24003ISA_0301,24003ISA_0301_22,OJAIZ,1,,Route_11
3,24003ISA_0301,24003ISA_0301_23,PASEO DE PEREDA 35,0,,Route_383
3,24003ISA_0302,24003ISA_0302_2,OJAIZ,1,,Route_11
3,24003ISA_0302,24003ISA_0302_3,PASEO DE PEREDA 35,0,,Route_383
3,24003ISA_0302,24003ISA_0302_4,OJAIZ,1,,Route_11
3,24003ISA_0302,24003ISA_0302_5,PASEO DE PEREDA 35,0,,Route_383
3,24003ISA_0302,24003ISA_0302_6,OJAIZ,1,,Route_11
3,24003ISA_0302,24003ISA_0302_7,INT SARDINERO,0,,Route_385
3,24003ISA_0302,24003ISA_0302_8,OJAIZ,1,,Route_15
3,24003ISA_0302,24003ISA_0302_9,INT SARDINERO,0,,Route_385
3,24003ISA_0302,24003ISA_0302_10,OJAIZ,1,,Route_15
3,24003ISA_0302,24003ISA_0302_11,INT SARDINERO,0,,Route_385
3,24003ISA_0302,24003ISA_0302_12,OJAIZ,1,,Route_15
3,24003ISA_0302,24003ISA_0302_13,INT SARDINERO,0,,Route_385
3,24003ISA_0302,24003ISA_0302_14,OJAIZ,1,,Route_15
3,24003ISA_0302,24003ISA_0302_15,INT SARDINERO,0,,Route_385
3,24003ISA_0302,24003ISA_0302_16,OJAIZ,1,,Route_15
3,24003ISA_0302,24003ISA_0302_17,INT SARDINERO,0,,Route_385
3,24003ISA_0302,24003ISA_0302_18,OJAIZ,1,,Route_15
3,24003ISA_0302,24003ISA_0302_19,INT SARDINERO,0,,Route_385
3,24003ISA_0302,24003ISA_0302_20,OJAIZ,1,,Route_15
3,24003ISA_0302,24003ISA_0302_21,PASEO DE PEREDA 35,0,,Route_383
3,24003ISA_0302,24003ISA_0302_22,OJAIZ,1,,Route_11
3,24003ISA_0302,24003ISA_0302_23,PASEO DE PEREDA 35,0,,Route_383
3,24003ISA_0302,24003ISA_0302_24,OJAIZ,1,,Route_11
3,24003ISA_0302,24003ISA_0302_25,PASEO DE PEREDA 35,0,,Route_383
3,24003ISA_0303,24003ISA_0303_2,OJAIZ,1,,Route_11
3,24003ISA_0303,24003ISA_0303_3,PASEO DE PEREDA 35,0,,Route_383
3,24003ISA_0303,24003ISA_0303_4,OJAIZ,1,,Route_11
3,24003ISA_0303,24003ISA_0303_5,PASEO DE PEREDA 35,0,,Route_383
3,24003ISA_0303,24003ISA_0303_6,OJAIZ,1,,Route_11
3,24003ISA_0303,24003ISA_0303_7,PASEO DE PEREDA 35,0,,Route_383
3,24003ISA_0303,24003ISA_0303_8,OJAIZ,1,,Route_11
3,24003ISA_0303,24003ISA_0303_9,INT SARDINERO,0,,Route_385
3,24003ISA_0303,24003ISA_0303_10,OJAIZ,1,,Route_15
3,24003ISA_0303,24003ISA_0303_11,INT SARDINERO,0,,Route_385
3,24003ISA_0303,24003ISA_0303_12,OJAIZ,1,,Route_15
3,24003ISA_0303,24003ISA_0303_13,INT SARDINERO,0,,Route_385
3,24003ISA_0303,24003ISA_0303_14,OJAIZ,1,,Route_15
3,24003ISA_0303,24003ISA_0303_15,INT SARDINERO,0,,Route_385
3,24003ISA_0303,24003ISA_0303_16,OJAIZ,1,,Route_15
3,24003ISA_0303,24003ISA_0303_17,INT SARDINERO,0,,Route_385
3,24003ISA_0303,24003ISA_0303_18,OJAIZ,1,,Route_15
3,24003ISA_0303,24003ISA_0303_19,INT SARDINERO,0,,Route_385
3,24003ISA_0303,24003ISA_0303_20,OJAIZ,1,,Route_15
3,24003ISA_0303,24003ISA_0303_21,INT SARDINERO,0,,Route_385
4,24004ISA_0401,24004ISA_0401_2,BARRIO PESQUERO,0,,Route_185
4,24004ISA_0401,24004ISA_0401_3,INTERCAMBIADOR SARDINERO,1,,Route_186
4,24004ISA_0401,24004ISA_0401_4,BARRIO PESQUERO,0,,Route_185
4,24004ISA_0401,24004ISA_0401_5,INTERCAMBIADOR SARDINERO,1,,Route_186
4,24004ISA_0401,24004ISA_0401_6,BARRIO PESQUERO,0,,Route_185
4,24004ISA_0401,24004ISA_0401_7,INTERCAMBIADOR SARDINERO,1,,Route_186
4,24004ISA_0401,24004ISA_0401_8,BARRIO PESQUERO,0,,Route_185
4,24004ISA_0401,24004ISA_0401_9,INTERCAMBIADOR SARDINERO,1,,Route_186
4,24004ISA_0401,24004ISA_0401_10,BARRIO PESQUERO,0,,Route_185
4,24004ISA_0401,24004ISA_0401_11,INTERCAMBIADOR SARDINERO,1,,Route_186
4,24004ISA_0401,24004ISA_0401_12,BARRIO PESQUERO,0,,Route_185
4,24004ISA_0401,24004ISA_0401_13,INTERCAMBIADOR SARDINERO,1,,Route_186
4,24004ISA_0401,24004ISA_0401_14,BARRIO PESQUERO,0,,Route_185
4,24004ISA_0401,24004ISA_0401_15,INTERCAMBIADOR SARDINERO,1,,Route_186
4,24004ISA_0402,24004ISA_0402_2,INTERCAMBIADOR SARDINERO,1,,Route_186
4,24004ISA_0402,24004ISA_0402_3,BARRIO PESQUERO,0,,Route_185
4,24004ISA_0402,24004ISA_0402_4,INTERCAMBIADOR SARDINERO,1,,Route_186
4,24004ISA_0402,24004ISA_0402_5,BARRIO PESQUERO,0,,Route_185
4,24004ISA_0402,24004ISA_0402_6,INTERCAMBIADOR SARDINERO,1,,Route_186
4,24004ISA_0402,24004ISA_0402_7,BARRIO PESQUERO,0,,Route_185
4,24004ISA_0402,24004ISA_0402_8,INTERCAMBIADOR SARDINERO,1,,Route_186
4,24004ISA_0402,24004ISA_0402_9,BARRIO PESQUERO,0,,Route_185
4,24004ISA_0402,24004ISA_0402_10,INTERCAMBIADOR SARDINERO,1,,Route_186
4,24004ISA_0402,24004ISA_0402_11,BARRIO PESQUERO,0,,Route_185
4,24004ISA_0402,24004ISA_0402_12,INTERCAMBIADOR SARDINERO,1,,Route_186
4,24004ISA_0403,24004ISA_0403_2,BARRIO PESQUERO,0,,Route_187
4,24004ISA_0403,24004ISA_0403_3,INTERCAMBIADOR SARDINERO,1,,Route_186
4,24004ISA_0403,24004ISA_0403_4,BARRIO PESQUERO,0,,Route_185
4,24004ISA_0403,24004ISA_0403_5,INTERCAMBIADOR SARDINERO,1,,Route_186
4,24004ISA_0403,24004ISA_0403_6,BARRIO PESQUERO,0,,Route_185
4,24004ISA_0403,24004ISA_0403_7,INTERCAMBIADOR SARDINERO,1,,Route_186
4,24004ISA_0403,24004ISA_0403_8,BARRIO PESQUERO,0,,Route_185
4,24004ISA_0403,24004ISA_0403_9,INTERCAMBIADOR SARDINERO,1,,Route_186
4,24004ISA_0403,24004ISA_0403_10,BARRIO PESQUERO,0,,Route_185
4,24004ISA_0403,24004ISA_0403_11,INTERCAMBIADOR SARDINERO,1,,Route_186
4,24004ISA_0403,24004ISA_0403_12,BARRIO PESQUERO,0,,Route_185
4,24004ISA_0403,24004ISA_0403_13,INTERCAMBIADOR SARDINERO,1,,Route_186
4,24004ISA_0403,24004ISA_0403_14,BARRIO PESQUERO,0,,Route_185
4,24004ISA_0411,24004ISA_0411_2,BARRIO PESQUERO,0,,Route_185
4,24004ISA_0411,24004ISA_0411_3,INTERCAMBIADOR SARDINERO,1,,Route_186
4,24004ISA_0411,24004ISA_0411_4,BARRIO PESQUERO,0,,Route_185
4,24004ISA_0411,24004ISA_0411_5,INTERCAMBIADOR SARDINERO,1,,Route_186
4,24004ISA_0411,24004ISA_0411_6,BARRIO PESQUERO,0,,Route_185
4,24004ISA_0411,24004ISA_0411_7,INTERCAMBIADOR SARDINERO,1,,Route_186
4,24004ISA_0411,24004ISA_0411_8,BARRIO PESQUERO,0,,Route_185
4,24004ISA_0411,24004ISA_0411_9,INTERCAMBIADOR SARDINERO,1,,Route_186
4,24004ISA_0411,24004ISA_0411_10,BARRIO PESQUERO,0,,Route_185
4,24004ISA_0411,24004ISA_0411_11,INTERCAMBIADOR SARDINERO,1,,Route_186
4,24004ISA_0411,24004ISA_0411_12,BARRIO PESQUERO,0,,Route_185
4,24004ISA_0411,24004ISA_0411_13,INTERCAMBIADOR SARDINERO,1,,Route_186
4,24004ISA_0411,24004ISA_0411_14,BARRIO PESQUERO,0,,Route_185
4,24004ISA_0412,24004ISA_0412_2,INTERCAMBIADOR SARDINERO,1,,Route_186
4,24004ISA_0412,24004ISA_0412_3,BARRIO PESQUERO,0,,Route_185
4,24004ISA_0412,24004ISA_0412_4,INTERCAMBIADOR SARDINERO,1,,Route_186
4,24004ISA_0412,24004ISA_0412_5,BARRIO PESQUERO,0,,Route_185
4,24004ISA_0412,24004ISA_0412_6,INTERCAMBIADOR SARDINERO,1,,Route_186
4,24004ISA_0412,24004ISA_0412_7,BARRIO PESQUERO,0,,Route_185
4,24004ISA_0412,24004ISA_0412_8,INTERCAMBIADOR SARDINERO,1,,Route_186
4,24004ISA_0412,24004ISA_0412_9,BARRIO PESQUERO,0,,Route_185
4,24004ISA_0412,24004ISA_0412_10,INTERCAMBIADOR SARDINERO,1,,Route_186
4,24004ISA_0412,24004ISA_0412_11,BARRIO PESQUERO,0,,Route_185
4,24004ISA_0412,24004ISA_0412_12,INTERCAMBIADOR SARDINERO,1,,Route_186
4,24004ISA_0412,24004ISA_0412_13,BARRIO PESQUERO,0,,Route_185
4,24004ISA_0412,24004ISA_0412_14,INTERCAMBIADOR SARDINERO,1,,Route_186
4,24004ISA_0412,24004ISA_0412_15,BARRIO PESQUERO,0,,Route_185
4,24004ISA_0413,24004ISA_0413_2,INTERCAMBIADOR SARDINERO,1,,Route_186
4,24004ISA_0413,24004ISA_0413_3,BARRIO PESQUERO,0,,Route_185
4,24004ISA_0413,24004ISA_0413_4,INTERCAMBIADOR SARDINERO,1,,Route_186
4,24004ISA_0413,24004ISA_0413_5,BARRIO PESQUERO,0,,Route_185
4,24004ISA_0413,24004ISA_0413_6,INTERCAMBIADOR SARDINERO,1,,Route_186
4,24004ISA_0413,24004ISA_0413_7,BARRIO PESQUERO,0,,Route_185
4,24004ISA_0413,24004ISA_0413_8,INTERCAMBIADOR SARDINERO,1,,Route_186
4,24004ISA_0413,24004ISA_0413_9,BARRIO PESQUERO,0,,Route_185
4,24004ISA_0413,24004ISA_0413_10,INTERCAMBIADOR SARDINERO,1,,Route_186
4,24004ISA_0413,24004ISA_0413_11,BARRIO PESQUERO,0,,Route_185
4,24004ISA_0413,24004ISA_0413_12,INTERCAMBIADOR SARDINERO,1,,Route_186
4,24004ISA_0413,24004ISA_0413_13,BARRIO PESQUERO,0,,Route_185
4,24004ISA_0413,24004ISA_0413_14,INTERCAMBIADOR SARDINERO,1,,Route_186
100,24100ISA_10001,24100ISA_10001_2,INTERCAMBIADOR SARDINERO,0,,Route_394
100,24100ISA_10001,24100ISA_10001_3,INT. AVDA. VALDECILLA,1,,Route_174
100,24100ISA_10001,24100ISA_10001_4,INTERCAMBIADOR SARDINERO,0,,Route_394
100,24100ISA_10001,24100ISA_10001_5,INT. AVDA. VALDECILLA,1,,Route_174
100,24100ISA_10001,24100ISA_10001_6,INTERCAMBIADOR SARDINERO,0,,Route_394
100,24100ISA_10001,24100ISA_10001_7,INT. AVDA. VALDECILLA,1,,Route_174
100,24100ISA_10001,24100ISA_10001_8,INTERCAMBIADOR SARDINERO,0,,Route_394
100,24100ISA_10001,24100ISA_10001_9,INT. AVDA. VALDECILLA,1,,Route_174
100,24100ISA_10001,24100ISA_10001_10,INTERCAMBIADOR SARDINERO,0,,Route_394
100,24100ISA_10001,24100ISA_10001_11,INT. AVDA. VALDECILLA,1,,Route_174
100,24100ISA_10001,24100ISA_10001_12,INTERCAMBIADOR SARDINERO,0,,Route_394
100,24100ISA_10001,24100ISA_10001_13,INT. AVDA. VALDECILLA,1,,Route_174
100,24100ISA_10001,24100ISA_10001_14,INTERCAMBIADOR SARDINERO,0,,Route_394
100,24100ISA_10001,24100ISA_10001_15,INT. AVDA. VALDECILLA,1,,Route_174
100,24100ISA_10001,24100ISA_10001_16,INTERCAMBIADOR SARDINERO,0,,Route_394
100,24100ISA_10001,24100ISA_10001_17,INT. AVDA. VALDECILLA,1,,Route_174
100,24100ISA_10001,24100ISA_10001_18,INTERCAMBIADOR SARDINERO,0,,Route_394
100,24100ISA_10001,24100ISA_10001_19,INT. AVDA. VALDECILLA,1,,Route_174
100,24100ISA_10002,24100ISA_10002_2,INTERCAMBIADOR SARDINERO,0,,Route_394
100,24100ISA_10002,24100ISA_10002_3,INT. AVDA. VALDECILLA,1,,Route_174
100,24100ISA_10002,24100ISA_10002_4,INTERCAMBIADOR SARDINERO,0,,Route_394
100,24100ISA_10002,24100ISA_10002_5,INT. AVDA. VALDECILLA,1,,Route_174
100,24100ISA_10002,24100ISA_10002_6,INTERCAMBIADOR SARDINERO,0,,Route_394
100,24100ISA_10002,24100ISA_10002_7,INT. AVDA. VALDECILLA,1,,Route_174
100,24100ISA_10002,24100ISA_10002_8,INTERCAMBIADOR SARDINERO,0,,Route_394
100,24100ISA_10002,24100ISA_10002_9,INT. AVDA. VALDECILLA,1,,Route_174
100,24100ISA_10002,24100ISA_10002_10,INTERCAMBIADOR SARDINERO,0,,Route_394
100,24100ISA_10002,24100ISA_10002_11,INT. AVDA. VALDECILLA,1,,Route_174
100,24100ISA_10002,24100ISA_10002_12,INTERCAMBIADOR SARDINERO,0,,Route_394
100,24100ISA_10002,24100ISA_10002_13,INT. AVDA. VALDECILLA,1,,Route_174
100,24100ISA_10002,24100ISA_10002_14,INTERCAMBIADOR SARDINERO,0,,Route_394
100,24100ISA_10002,24100ISA_10002_15,INT. AVDA. VALDECILLA,1,,Route_174
100,24100ISA_10002,24100ISA_10002_16,INTERCAMBIADOR SARDINERO,0,,Route_394
100,24100ISA_10002,24100ISA_10002_17,INT. AVDA. VALDECILLA,1,,Route_174
100,24100ISA_10002,24100ISA_10002_18,INTERCAMBIADOR SARDINERO,0,,Route_394
100,24100ISA_10002,24100ISA_10002_19,INT. AVDA. VALDECILLA,1,,Route_174
100,24100ISA_10003,24100ISA_10003_2,INT. AVDA. VALDECILLA,1,,Route_174
100,24100ISA_10003,24100ISA_10003_3,INTERCAMBIADOR SARDINERO,0,,Route_394
100,24100ISA_10003,24100ISA_10003_4,INT. AVDA. VALDECILLA,1,,Route_174
100,24100ISA_10003,24100ISA_10003_5,INTERCAMBIADOR SARDINERO,0,,Route_394
100,24100ISA_10003,24100ISA_10003_6,INT. AVDA. VALDECILLA,1,,Route_174
100,24100ISA_10003,24100ISA_10003_7,INTERCAMBIADOR SARDINERO,0,,Route_394
100,24100ISA_10003,24100ISA_10003_8,INT. AVDA. VALDECILLA,1,,Route_174
100,24100ISA_10003,24100ISA_10003_9,INTERCAMBIADOR SARDINERO,0,,Route_394
100,24100ISA_10003,24100ISA_10003_10,INT. AVDA. VALDECILLA,1,,Route_174
100,24100ISA_10003,24100ISA_10003_11,INTERCAMBIADOR SARDINERO,0,,Route_394
100,24100ISA_10003,24100ISA_10003_12,INT. AVDA. VALDECILLA,1,,Route_174
100,24100ISA_10003,24100ISA_10003_13,INTERCAMBIADOR SARDINERO,0,,Route_394
100,24100ISA_10003,24100ISA_10003_14,INT. AVDA. VALDECILLA,1,,Route_174
100,24100ISA_10003,24100ISA_10003_15,INTERCAMBIADOR SARDINERO,0,,Route_394
100,24100ISA_10003,24100ISA_10003_16,INT. AVDA. VALDECILLA,1,,Route_174
100,24100ISA_10003,24100ISA_10003_17,INTERCAMBIADOR SARDINERO,0,,Route_394
100,24100ISA_10003,24100ISA_10003_18,INT. AVDA. VALDECILLA,1,,Route_174
100,24100ISA_10003,24100ISA_10003_19,INTERCAMBIADOR SARDINERO,0,,Route_394
100,24100ISA_10003,24100ISA_10003_20,INT. AVDA. VALDECILLA,1,,Route_174
100,24100ISA_10011,24100ISA_10011_3,INTERCAMBIADOR SARDINERO,0,,Route_394
100,24100ISA_10011,24100ISA_10011_4,INT. AVDA. VALDECILLA,1,,Route_174
100,24100ISA_10011,24100ISA_10011_5,INTERCAMBIADOR SARDINERO,0,,Route_394
100,24100ISA_10011,24100ISA_10011_6,INT. AVDA. VALDECILLA,1,,Route_174
100,24100ISA_10011,24100ISA_10011_7,INTERCAMBIADOR SARDINERO,0,,Route_394
100,24100ISA_10011,24100ISA_10011_8,INT. AVDA. VALDECILLA,1,,Route_174
100,24100ISA_10011,24100ISA_10011_9,INTERCAMBIADOR SARDINERO,0,,Route_394
100,24100ISA_10011,24100ISA_10011_10,INT. AVDA. VALDECILLA,1,,Route_174
100,24100ISA_10011,24100ISA_10011_11,INTERCAMBIADOR SARDINERO,0,,Route_394
100,24100ISA_10011,24100ISA_10011_12,INT. AVDA. VALDECILLA,1,,Route_174
100,24100ISA_10011,24100ISA_10011_13,INTERCAMBIADOR SARDINERO,0,,Route_394
100,24100ISA_10011,24100ISA_10011_14,INT. AVDA. VALDECILLA,1,,Route_174
100,24100ISA_10011,24100ISA_10011_15,INTERCAMBIADOR SARDINERO,0,,Route_394
100,24100ISA_10011,24100ISA_10011_16,INT. AVDA. VALDECILLA,1,,Route_174
100,24100ISA_10011,24100ISA_10011_17,INTERCAMBIADOR SARDINERO,0,,Route_394
100,24100ISA_10011,24100ISA_10011_18,INT. AVDA. VALDECILLA,1,,Route_174
100,24100ISA_10011,24100ISA_10011_19,INTERCAMBIADOR SARDINERO,0,,Route_394
100,24100ISA_10011,24100ISA_10011_20,INT. AVDA. VALDECILLA,1,,Route_174
100,24100ISA_10011,24100ISA_10011_21,INTERCAMBIADOR SARDINERO,0,,Route_394
100,24100ISA_10011,24100ISA_10011_22,INT. AVDA. VALDECILLA,1,,Route_174
100,24100ISA_10012,24100ISA_10012_3,INTERCAMBIADOR SARDINERO,0,,Route_394
100,24100ISA_10012,24100ISA_10012_4,INT. AVDA. VALDECILLA,1,,Route_174
100,24100ISA_10012,24100ISA_10012_5,INTERCAMBIADOR SARDINERO,0,,Route_394
100,24100ISA_10012,24100ISA_10012_6,INT. AVDA. VALDECILLA,1,,Route_174
100,24100ISA_10012,24100ISA_10012_7,INTERCAMBIADOR SARDINERO,0,,Route_394
100,24100ISA_10012,24100ISA_10012_8,INT. AVDA. VALDECILLA,1,,Route_174
100,24100ISA_10012,24100ISA_10012_9,INTERCAMBIADOR SARDINERO,0,,Route_394
100,24100ISA_10012,24100ISA_10012_10,INT. AVDA. VALDECILLA,1,,Route_174
100,24100ISA_10012,24100ISA_10012_11,INTERCAMBIADOR SARDINERO,0,,Route_394
100,24100ISA_10012,24100ISA_10012_12,INT. AVDA. VALDECILLA,1,,Route_174
100,24100ISA_10012,24100ISA_10012_13,INTERCAMBIADOR SARDINERO,0,,Route_394
100,24100ISA_10012,24100ISA_10012_14,INT. AVDA. VALDECILLA,1,,Route_174
100,24100ISA_10012,24100ISA_10012_15,INTERCAMBIADOR SARDINERO,0,,Route_394
100,24100ISA_10012,24100ISA_10012_16,INT. AVDA. VALDECILLA,1,,Route_174
100,24100ISA_10012,24100ISA_10012_17,INTERCAMBIADOR SARDINERO,0,,Route_394
100,24100ISA_10012,24100ISA_10012_18,INT. AVDA. VALDECILLA,1,,Route_174
100,24100ISA_10012,24100ISA_10012_19,INTERCAMBIADOR SARDINERO,0,,Route_394
100,24100ISA_10012,24100ISA_10012_20,INT. AVDA. VALDECILLA,1,,Route_174
100,24100ISA_10012,24100ISA_10012_21,INTERCAMBIADOR SARDINERO,0,,Route_394
100,24100ISA_10012,24100ISA_10012_22,INT. AVDA. VALDECILLA,1,,Route_174
100,24100ISA_10013,24100ISA_10013_3,INTERCAMBIADOR SARDINERO,0,,Route_394
100,24100ISA_10013,24100ISA_10013_4,INT. AVDA. VALDECILLA,1,,Route_174
100,24100ISA_10013,24100ISA_10013_5,INTERCAMBIADOR SARDINERO,0,,Route_394
100,24100ISA_10013,24100ISA_10013_6,INT. AVDA. VALDECILLA,1,,Route_174
100,24100ISA_10013,24100ISA_10013_7,INTERCAMBIADOR SARDINERO,0,,Route_394
100,24100ISA_10013,24100ISA_10013_8,INT. AVDA. VALDECILLA,1,,Route_174
100,24100ISA_10013,24100ISA_10013_9,INTERCAMBIADOR SARDINERO,0,,Route_394
100,24100ISA_10013,24100ISA_10013_10,INT. AVDA. VALDECILLA,1,,Route_174
100,24100ISA_10013,24100ISA_10013_11,INTERCAMBIADOR SARDINERO,0,,Route_394
100,24100ISA_10013,24100ISA_10013_12,INT. AVDA. VALDECILLA,1,,Route_174
100,24100ISA_10013,24100ISA_10013_13,INTERCAMBIADOR SARDINERO,0,,Route_394
100,24100ISA_10013,24100ISA_10013_14,INT. AVDA. VALDECILLA,1,,Route_174
100,24100ISA_10013,24100ISA_10013_15,INTERCAMBIADOR SARDINERO,0,,Route_394
100,24100ISA_10013,24100ISA_10013_16,INT. AVDA. VALDECILLA,1,,Route_174
100,24100ISA_10013,24100ISA_10013_17,INTERCAMBIADOR SARDINERO,0,,Route_394
100,24100ISA_10013,24100ISA_10013_18,INT. AVDA. VALDECILLA,1,,Route_174
100,24100ISA_10013,24100ISA_10013_19,INTERCAMBIADOR SARDINERO,0,,Route_394
100,24100ISA_10013,24100ISA_10013_20,INT. AVDA. VALDECILLA,1,,Route_174
4,24100ISA_10013,24100ISA_10013_21,INTERCAMBIADOR SARDINERO,1,,Route_186
2,24011ISA_1101,24011ISA_1101_2,CONSUELO BERGES,0,,Route_382
11,24011ISA_1101,24011ISA_1101_3,AVDA. VALDECILLA,1,,Route_387
11,24011ISA_1101,24011ISA_1101_4,PLAZA ITALIA,0,,Route_386
11,24011ISA_1101,24011ISA_1101_5,AVDA. VALDECILLA,1,,Route_387
11,24011ISA_1101,24011ISA_1101_6,PLAZA ITALIA,0,,Route_386
11,24011ISA_1101,24011ISA_1101_7,AVDA. VALDECILLA,1,,Route_387
11,24011ISA_1101,24011ISA_1101_8,PLAZA ITALIA,0,,Route_386
11,24011ISA_1101,24011ISA_1101_9,AVDA. VALDECILLA,1,,Route_387
11,24011ISA_1101,24011ISA_1101_10,PLAZA ITALIA,0,,Route_386
11,24011ISA_1101,24011ISA_1101_11,AVDA. VALDECILLA,1,,Route_387
11,24011ISA_1101,24011ISA_1101_12,PLAZA ITALIA,0,,Route_386
11,24011ISA_1101,24011ISA_1101_13,AVDA. VALDECILLA,1,,Route_387
11,24011ISA_1101,24011ISA_1101_14,PLAZA ITALIA,0,,Route_386
11,24011ISA_1101,24011ISA_1101_15,AVDA. VALDECILLA,1,,Route_387
11,24011ISA_1101,24011ISA_1101_16,PLAZA ITALIA,0,,Route_386
11,24011ISA_1101,24011ISA_1101_17,AVDA. VALDECILLA,1,,Route_387
11,24011ISA_1101,24011ISA_1101_18,PLAZA ITALIA,0,,Route_386
11,24011ISA_1101,24011ISA_1101_19,AVDA. VALDECILLA,1,,Route_387
11,24011ISA_1101,24011ISA_1101_20,PLAZA ITALIA,0,,Route_386
11,24011ISA_1101,24011ISA_1101_21,AVDA. VALDECILLA,1,,Route_387
11,24011ISA_1101,24011ISA_1101_22,PLAZA ITALIA,0,,Route_386
11,24011ISA_1101,24011ISA_1101_23,AVDA. VALDECILLA,1,,Route_387
11,24011ISA_1101,24011ISA_1101_24,PLAZA ITALIA,0,,Route_386
11,24011ISA_1101,24011ISA_1101_25,AVDA. VALDECILLA,1,,Route_387
11,24011ISA_1101,24011ISA_1101_26,PLAZA ITALIA,0,,Route_386
11,24011ISA_1101,24011ISA_1101_27,AVDA. VALDECILLA,1,,Route_387
11,24011ISA_1101,24011ISA_1101_28,PLAZA ITALIA,0,,Route_386
11,24011ISA_1101,24011ISA_1101_29,AVDA. VALDECILLA,1,,Route_387
12,24011ISA_1101,24011ISA_1101_30,CARREFOUR,0,,Route_388
12,24012ISA_1201,24012ISA_1201_2,CARREFOUR,0,,Route_388
12,24012ISA_1201,24012ISA_1201_3,CARREFOUR,0,,Route_388
12,24012ISA_1201,24012ISA_1201_4,CARREFOUR,0,,Route_388
12,24012ISA_1201,24012ISA_1201_5,CARREFOUR,0,,Route_388
12,24012ISA_1201,24012ISA_1201_6,CARREFOUR,0,,Route_388
12,24012ISA_1201,24012ISA_1201_7,CARREFOUR,0,,Route_388
12,24012ISA_1201,24012ISA_1201_8,CARREFOUR,0,,Route_388
12,24012ISA_1201,24012ISA_1201_9,CARREFOUR,0,,Route_388
12,24012ISA_1201,24012ISA_1201_10,CARREFOUR,0,,Route_388
12,24012ISA_1201,24012ISA_1201_11,CARREFOUR,0,,Route_388
12,24012ISA_1202,24012ISA_1202_2,CARREFOUR,0,,Route_388
12,24012ISA_1202,24012ISA_1202_3,CARREFOUR,0,,Route_388
12,24012ISA_1202,24012ISA_1202_4,CARREFOUR,0,,Route_388
12,24012ISA_1202,24012ISA_1202_5,CARREFOUR,0,,Route_388
12,24012ISA_1203,24012ISA_1203_2,CARREFOUR,0,,Route_388
12,24012ISA_1203,24012ISA_1203_3,CARREFOUR,0,,Route_388
12,24012ISA_1203,24012ISA_1203_4,CARREFOUR,0,,Route_388
12,24012ISA_1203,24012ISA_1203_5,CARREFOUR,0,,Route_388
12,24012ISA_1203,24012ISA_1203_6,CARREFOUR,0,,Route_388
12,24012ISA_1203,24012ISA_1203_7,CARREFOUR,0,,Route_388
12,24012ISA_1203,24012ISA_1203_8,CARREFOUR,0,,Route_388
12,24012ISA_1203,24012ISA_1203_9,CARREFOUR,0,,Route_388
12,24012ISA_1203,24012ISA_1203_10,CARREFOUR,0,,Route_388
1,24012ISA_1203,24012ISA_1203_11,ADARZO,1,,Route_374
12,24012ISA_1212,24012ISA_1212_2,CARREFOUR,0,,Route_388
12,24012ISA_1212,24012ISA_1212_3,CARREFOUR,0,,Route_388
12,24012ISA_1212,24012ISA_1212_4,CARREFOUR,0,,Route_388
12,24012ISA_1212,24012ISA_1212_5,CARREFOUR,0,,Route_388
12,24012ISA_1212,24012ISA_1212_6,CARREFOUR,0,,Route_388
13,24013ISA_1301,24013ISA_1301_2,LLUJA,1,,Route_36
13,24013ISA_1301,24013ISA_1301_3,CUETO por el SARDINERO,0,,Route_375
13,24013ISA_1301,24013ISA_1301_4,LLUJA,1,,Route_36
13,24013ISA_1301,24013ISA_1301_5,CUETO por el SARDINERO,0,,Route_375
13,24013ISA_1301,24013ISA_1301_6,LLUJA,1,,Route_36
13,24013ISA_1301,24013ISA_1301_7,CUETO por el SARDINERO,0,,Route_375
13,24013ISA_1301,24013ISA_1301_8,LLUJA,1,,Route_36
13,24013ISA_1301,24013ISA_1301_9,CUETO por el SARDINERO,0,,Route_375
13,24013ISA_1301,24013ISA_1301_10,LLUJA,1,,Route_36
13,24013ISA_1301,24013ISA_1301_11,CUETO por el SARDINERO,0,,Route_375
13,24013ISA_1301,24013ISA_1301_12,LLUJA,1,,Route_36
13,24013ISA_1301,24013ISA_1301_13,CUETO por el SARDINERO,0,,Route_375
13,24013ISA_1301,24013ISA_1301_14,LLUJA,1,,Route_36
13,24013ISA_1301,24013ISA_1301_15,CUETO por el SARDINERO,0,,Route_375
13,24013ISA_1301,24013ISA_1301_16,LLUJA,1,,Route_36
13,24013ISA_1302,24013ISA_1302_2,CUETO por el SARDINERO,0,,Route_375
13,24013ISA_1302,24013ISA_1302_3,LLUJA,1,,Route_36
13,24013ISA_1302,24013ISA_1302_4,CUETO por el SARDINERO,0,,Route_375
13,24013ISA_1302,24013ISA_1302_5,LLUJA,1,,Route_36
13,24013ISA_1302,24013ISA_1302_6,CUETO por el SARDINERO,0,,Route_375
13,24013ISA_1302,24013ISA_1302_7,LLUJA,1,,Route_36
13,24013ISA_1302,24013ISA_1302_8,CUETO por el SARDINERO,0,,Route_375
13,24013ISA_1302,24013ISA_1302_9,LLUJA,1,,Route_36
13,24013ISA_1302,24013ISA_1302_10,CUETO por el SARDINERO,0,,Route_375
13,24013ISA_1302,24013ISA_1302_11,LLUJA,1,,Route_36
13,24013ISA_1302,24013ISA_1302_12,CUETO por el SARDINERO,0,,Route_375
13,24013ISA_1302,24013ISA_1302_13,LLUJA,1,,Route_36
13,24013ISA_1302,24013ISA_1302_14,CUETO por el SARDINERO,0,,Route_375
13,24013ISA_1302,24013ISA_1302_15,LLUJA,1,,Route_36
13,24013ISA_1302,24013ISA_1302_16,CUETO por el SARDINERO,0,,Route_375
13,24013ISA_1302,24013ISA_1302_17,LLUJA,1,,Route_36
13,24013ISA_1303,24013ISA_1303_2,CUETO por el SARDINERO,0,,Route_375
13,24013ISA_1303,24013ISA_1303_3,LLUJA,1,,Route_36
13,24013ISA_1303,24013ISA_1303_4,CUETO por el SARDINERO,0,,Route_375
13,24013ISA_1303,24013ISA_1303_5,LLUJA,1,,Route_36
13,24013ISA_1303,24013ISA_1303_6,CUETO por el SARDINERO,0,,Route_375
13,24013ISA_1303,24013ISA_1303_7,LLUJA,1,,Route_36
13,24013ISA_1303,24013ISA_1303_8,CUETO por el SARDINERO,0,,Route_375
13,24013ISA_1303,24013ISA_1303_9,LLUJA,1,,Route_36
13,24013ISA_1303,24013ISA_1303_10,CUETO por el SARDINERO,0,,Route_375
13,24013ISA_1303,24013ISA_1303_11,LLUJA,1,,Route_36
13,24013ISA_1303,24013ISA_1303_12,CUETO por el SARDINERO,0,,Route_375
13,24013ISA_1303,24013ISA_1303_13,LLUJA,1,,Route_36
13,24013ISA_1303,24013ISA_1303_14,CUETO por el SARDINERO,0,,Route_375
13,24013ISA_1303,24013ISA_1303_15,LLUJA,1,,Route_36
13,24013ISA_1303,24013ISA_1303_16,CUETO por el SARDINERO,0,,Route_375
13,24013ISA_1304,24013ISA_1304_2,CUETO por el SARDINERO,0,,Route_375
13,24013ISA_1304,24013ISA_1304_3,LLUJA,1,,Route_36
13,24013ISA_1304,24013ISA_1304_4,CUETO por el SARDINERO,0,,Route_375
13,24013ISA_1304,24013ISA_1304_5,LLUJA,1,,Route_36
13,24013ISA_1304,24013ISA_1304_6,CUETO por el SARDINERO,0,,Route_375
13,24013ISA_1304,24013ISA_1304_7,LLUJA,1,,Route_36
13,24013ISA_1304,24013ISA_1304_8,CUETO por el SARDINERO,0,,Route_375
13,24013ISA_1304,24013ISA_1304_9,LLUJA,1,,Route_36
13,24013ISA_1304,24013ISA_1304_10,CUETO por el SARDINERO,0,,Route_375
13,24013ISA_1304,24013ISA_1304_11,LLUJA,1,,Route_36
13,24013ISA_1304,24013ISA_1304_12,CUETO por el SARDINERO,0,,Route_375
13,24013ISA_1304,24013ISA_1304_13,LLUJA,1,,Route_36
13,24013ISA_1304,24013ISA_1304_14,CUETO por el SARDINERO,0,,Route_375
13,24013ISA_1304,24013ISA_1304_15,LLUJA,1,,Route_36
13,24013ISA_1304,24013ISA_1304_16,CUETO por el SARDINERO,0,,Route_375
14,24014ISA_1401,24014ISA_1401_2,ESTACIONES,0,,Route_105
14,24014ISA_1401,24014ISA_1401_3,ESTACIONES,0,,Route_105
14,24014ISA_1401,24014ISA_1401_4,ESTACIONES,0,,Route_105
14,24014ISA_1401,24014ISA_1401_5,ESTACIONES,0,,Route_105
14,24014ISA_1401,24014ISA_1401_6,ESTACIONES,0,,Route_105
14,24014ISA_1401,24014ISA_1401_7,ESTACIONES,0,,Route_105
14,24014ISA_1401,24014ISA_1401_8,ESTACIONES,0,,Route_105
14,24014ISA_1401,24014ISA_1401_9,ESTACIONES,0,,Route_105
14,24014ISA_1401,24014ISA_1401_10,ESTACIONES,0,,Route_105
14,24014ISA_1401,24014ISA_1401_11,ESTACIONES,0,,Route_105
14,24014ISA_1401,24014ISA_1401_12,ESTACIONES,0,,Route_105
14,24014ISA_1401,24014ISA_1401_13,ESTACIONES,0,,Route_105
14,24014ISA_1401,24014ISA_1401_14,ESTACIONES,0,,Route_105
14,24014ISA_1401,24014ISA_1401_15,ESTACIONES,0,,Route_105
14,24014ISA_1401,24014ISA_1401_16,ESTACIONES,0,,Route_105
14,24014ISA_1401,24014ISA_1401_17,ESTACIONES,0,,Route_105
14,24014ISA_1401,24014ISA_1401_18,ESTACIONES,0,,Route_105
14,24014ISA_1401,24014ISA_1401_19,ESTACIONES,0,,Route_105
14,24014ISA_1401,24014ISA_1401_20,ESTACIONES,0,,Route_105
16,24016ISA_1601,24016ISA_1601_2,PLAZA REMEDIOS,0,,Route_213
16,24016ISA_1601,24016ISA_1601_3,PLAZA REMEDIOS,0,,Route_213
16,24016ISA_1601,24016ISA_1601_4,PLAZA REMEDIOS,0,,Route_213
16,24016ISA_1601,24016ISA_1601_5,PLAZA REMEDIOS,0,,Route_213
16,24016ISA_1601,24016ISA_1601_6,PLAZA REMEDIOS,0,,Route_213
16,24016ISA_1601,24016ISA_1601_7,PLAZA REMEDIOS,0,,Route_213
16,24016ISA_1601,24016ISA_1601_8,PLAZA REMEDIOS,0,,Route_213
16,24016ISA_1601,24016ISA_1601_9,PLAZA REMEDIOS,0,,Route_213
16,24016ISA_1601,24016ISA_1601_10,PLAZA REMEDIOS,0,,Route_213
16,24016ISA_1601,24016ISA_1601_11,PLAZA REMEDIOS,0,,Route_213
16,24016ISA_1601,24016ISA_1601_12,PLAZA REMEDIOS,0,,Route_213
16,24016ISA_1601,24016ISA_1601_13,PLAZA REMEDIOS,0,,Route_213
16,24016ISA_1611,24016ISA_1611_2,PLAZA REMEDIOS,0,,Route_213
16,24016ISA_1611,24016ISA_1611_3,PLAZA REMEDIOS,0,,Route_213
16,24016ISA_1611,24016ISA_1611_4,PLAZA REMEDIOS,0,,Route_213
16,24016ISA_1611,24016ISA_1611_5,PLAZA REMEDIOS,0,,Route_213
16,24016ISA_1611,24016ISA_1611_6,PLAZA REMEDIOS,0,,Route_213
16,24016ISA_1611,24016ISA_1611_7,PLAZA REMEDIOS,0,,Route_213
16,24016ISA_1611,24016ISA_1611_8,PLAZA REMEDIOS,0,,Route_213
16,24016ISA_1611,24016ISA_1611_9,PLAZA REMEDIOS,0,,Route_213
16,24016ISA_1611,24016ISA_1611_10,PLAZA REMEDIOS,0,,Route_213
16,24016ISA_1611,24016ISA_1611_11,PLAZA REMEDIOS,0,,Route_213
16,24016ISA_1611,24016ISA_1611_12,PLAZA REMEDIOS,0,,Route_213
16,24016ISA_1611,24016ISA_1611_13,PLAZA REMEDIOS,0,,Route_213
16,24016ISA_1611,24016ISA_1611_14,PLAZA REMEDIOS,0,,Route_213
16,24016ISA_1611,24016ISA_1611_15,PLAZA REMEDIOS,0,,Route_213
17,24017ISA_1702,24017ISA_1702_2,ESTACIONES por Bº La Torre,1,,Route_50
17,24017ISA_1702,24017ISA_1702_3,CORBAN por Bº La Torre,0,,Route_49
17,24017ISA_1702,24017ISA_1702_4,ESTACIONES por Bº La Torre,1,,Route_50
17,24017ISA_1702,24017ISA_1702_5,CORBAN por Bº La Torre,0,,Route_49
17,24017ISA_1702,24017ISA_1702_6,ESTACIONES por Bº La Torre,1,,Route_50
17,24017ISA_1702,24017ISA_1702_7,CIRIEGO por Bº La Torre,0,,Route_45
17,24017ISA_1702,24017ISA_1702_8,ESTACIONES por Bº La Torre,1,,Route_46
17,24017ISA_1702,24017ISA_1702_9,CIRIEGO por Bº La Torre,0,,Route_45
17,24017ISA_1702,24017ISA_1702_10,ESTACIONES por Bº La Torre,1,,Route_46
17,24017ISA_1702,24017ISA_1702_11,CIRIEGO por Bº La Torre,0,,Route_45
17,24017ISA_1702,24017ISA_1702_12,ESTACIONES por Bº La Torre,1,,Route_46
17,24017ISA_1702,24017ISA_1702_13,CORBAN por Bº La Torre,0,,Route_49
17,24017ISA_1702,24017ISA_1702_14,ESTACIONES por Bº La Torre,1,,Route_50
17,24017ISA_1702,24017ISA_1702_15,CORBAN por Bº La Torre,0,,Route_49
17,24017ISA_1702,24017ISA_1702_16,ESTACIONES por Bº La Torre,1,,Route_50
17,24017ISA_1702,24017ISA_1702_17,CIRIEGO por Bº La Torre,0,,Route_45
17,24017ISA_1702,24017ISA_1702_18,ESTACIONES por Bº La Torre,1,,Route_46
17,24017ISA_1702,24017ISA_1702_19,CIRIEGO por Bº La Torre,0,,Route_45
17,24017ISA_1702,24017ISA_1702_20,ESTACIONES por Bº La Torre,1,,Route_46
17,24017ISA_1702,24017ISA_1702_21,CIRIEGO por Bº La Torre,0,,Route_45
17,24017ISA_1702,24017ISA_1702_22,ESTACIONES por Bº La Torre,1,,Route_46
17,24017ISA_1702,24017ISA_1702_23,CIRIEGO por Bº La Torre,0,,Route_45
17,24017ISA_1702,24017ISA_1702_24,ESTACIONES por Bº La Torre,1,,Route_46
17,24017ISA_1702,24017ISA_1702_25,CIRIEGO por Bº La Torre,0,,Route_45
17,24017ISA_1702,24017ISA_1702_26,ESTACIONES por Bº La Torre,1,,Route_46
17,24017ISA_1702,24017ISA_1702_27,CIRIEGO por Bº La Torre,0,,Route_45
17,24017ISA_1702,24017ISA_1702_28,ESTACIONES por Bº La Torre,1,,Route_46
17,24017ISA_1702,24017ISA_1702_29,CIRIEGO por Bº La Torre,0,,Route_45
17,24017ISA_1702,24017ISA_1702_30,ESTACIONES por Bº La Torre,1,,Route_46
17,24017ISA_1702,24017ISA_1702_31,CIRIEGO por Bº La Torre,0,,Route_45
18,24018ISA_1801,24018ISA_1801_2,PUERTOCHICO,1,,Route_52
18,24018ISA_1801,24018ISA_1801_3,MONTE por Corbanera,0,,Route_51
18,24018ISA_1801,24018ISA_1801_4,PUERTOCHICO,1,,Route_52
18,24018ISA_1801,24018ISA_1801_5,MONTE por Corbanera,0,,Route_51
18,24018ISA_1801,24018ISA_1801_6,PUERTOCHICO,1,,Route_52
18,24018ISA_1801,24018ISA_1801_7,MONTE por Corbanera,0,,Route_51
18,24018ISA_1801,24018ISA_1801_8,PUERTOCHICO,1,,Route_52
18,24018ISA_1801,24018ISA_1801_9,MONTE por Corbanera,0,,Route_51
18,24018ISA_1801,24018ISA_1801_10,PUERTOCHICO,1,,Route_52
18,24018ISA_1801,24018ISA_1801_11,MONTE por Corbanera,0,,Route_51
18,24018ISA_1801,24018ISA_1801_12,PUERTOCHICO,1,,Route_52
18,24018ISA_1801,24018ISA_1801_13,MONTE por Corbanera,0,,Route_51
18,24018ISA_1801,24018ISA_1801_14,PUERTOCHICO,1,,Route_52
18,24018ISA_1801,24018ISA_1801_15,MONTE por Corbanera,0,,Route_51
18,24018ISA_1801,24018ISA_1801_16,PUERTOCHICO,1,,Route_53
18,24018ISA_1801,24018ISA_1801_17,MONTE por Corbanera,0,,Route_51
18,24018ISA_1801,24018ISA_1801_18,PUERTOCHICO,1,,Route_53
18,24018ISA_1801,24018ISA_1801_19,MONTE por Corbanera,0,,Route_51
18,24018ISA_1801,24018ISA_1801_20,PUERTOCHICO,1,,Route_53
18,24018ISA_1801,24018ISA_1801_21,MONTE por Corbanera,0,,Route_51
18,24018ISA_1801,24018ISA_1801_22,PUERTOCHICO,1,,Route_53
18,24018ISA_1801,24018ISA_1801_23,MONTE por Corbanera,0,,Route_51
18,24018ISA_1801,24018ISA_1801_24,PUERTOCHICO,1,,Route_53
18,24018ISA_1801,24018ISA_1801_25,MONTE por Corbanera,0,,Route_51
18,24018ISA_1801,24018ISA_1801_26,PUERTOCHICO,1,,Route_53
18,24018ISA_1801,24018ISA_1801_27,MONTE por Corbanera,0,,Route_51
18,24018ISA_1801,24018ISA_1801_28,PUERTOCHICO,1,,Route_53
18,24018ISA_1801,24018ISA_1801_29,MONTE por Corbanera,0,,Route_51
18,24018ISA_1801,24018ISA_1801_30,PUERTOCHICO,1,,Route_53
18,24018ISA_1801,24018ISA_1801_31,MONTE por Corbanera,0,,Route_51
18,24018ISA_1801,24018ISA_1801_32,PUERTOCHICO,1,,Route_53
18,24018ISA_1801,24018ISA_1801_33,MONTE por Corbanera,0,,Route_51
18,24018ISA_1801,24018ISA_1801_34,PUERTOCHICO,1,,Route_53
18,24018ISA_1802,24018ISA_1802_2,PUERTOCHICO,1,,Route_55
18,24018ISA_1802,24018ISA_1802_3,MONTE por El Castillo,0,,Route_54
18,24018ISA_1802,24018ISA_1802_4,PUERTOCHICO,1,,Route_55
18,24018ISA_1802,24018ISA_1802_5,MONTE por El Castillo,0,,Route_54
18,24018ISA_1802,24018ISA_1802_6,PUERTOCHICO,1,,Route_55
18,24018ISA_1802,24018ISA_1802_7,MONTE por El Castillo,0,,Route_54
18,24018ISA_1802,24018ISA_1802_8,PUERTOCHICO,1,,Route_55
18,24018ISA_1802,24018ISA_1802_9,MONTE por El Castillo,0,,Route_54
18,24018ISA_1802,24018ISA_1802_10,PUERTOCHICO,1,,Route_55
18,24018ISA_1802,24018ISA_1802_11,MONTE por El Castillo,0,,Route_54
18,24018ISA_1802,24018ISA_1802_12,PUERTOCHICO,1,,Route_55
18,24018ISA_1802,24018ISA_1802_13,MONTE por El Castillo,0,,Route_54
18,24018ISA_1802,24018ISA_1802_14,PUERTOCHICO,1,,Route_55
18,24018ISA_1802,24018ISA_1802_15,MONTE por El Castillo,0,,Route_54
241,24241ISA_24101,24241ISA_24101_2,PCTCAN POR REINA VICTORIA,0,,Route_362
241,24241ISA_24101,24241ISA_24101_3,PCTCAN POR REINA VICTORIA,0,,Route_362
241,24241ISA_24101,24241ISA_24101_4,PCTCAN POR REINA VICTORIA,0,,Route_362
241,24241ISA_24101,24241ISA_24101_5,PCTCAN POR REINA VICTORIA,0,,Route_362
241,24241ISA_24101,24241ISA_24101_6,PCTCAN POR REINA VICTORIA,0,,Route_362
241,24241ISA_24101,24241ISA_24101_7,PCTCAN POR REINA VICTORIA,0,,Route_362
241,24241ISA_24101,24241ISA_24101_8,PCTCAN POR REINA VICTORIA,0,,Route_362
241,24241ISA_24101,24241ISA_24101_9,PCTCAN POR REINA VICTORIA,0,,Route_362
241,24241ISA_24101,24241ISA_24101_10,PCTCAN POR REINA VICTORIA,0,,Route_362
241,24241ISA_24101,24241ISA_24101_11,PCTCAN POR REINA VICTORIA,0,,Route_362
241,24241ISA_24101,24241ISA_24101_12,PCTCAN POR REINA VICTORIA,0,,Route_362
241,24241ISA_24102,24241ISA_24102_2,PCTCAN POR REINA VICTORIA,0,,Route_362
241,24241ISA_24102,24241ISA_24102_3,PCTCAN POR REINA VICTORIA,0,,Route_362
241,24241ISA_24102,24241ISA_24102_4,PCTCAN POR REINA VICTORIA,0,,Route_362
241,24241ISA_24102,24241ISA_24102_5,PCTCAN POR REINA VICTORIA,0,,Route_362
241,24241ISA_24102,24241ISA_24102_6,PCTCAN POR REINA VICTORIA,0,,Route_362
241,24241ISA_24102,24241ISA_24102_7,PCTCAN POR REINA VICTORIA,0,,Route_362
241,24241ISA_24102,24241ISA_24102_8,PCTCAN POR REINA VICTORIA,0,,Route_362
241,24241ISA_24102,24241ISA_24102_9,PCTCAN POR REINA VICTORIA,0,,Route_362
241,24241ISA_24102,24241ISA_24102_10,PCTCAN POR REINA VICTORIA,0,,Route_362
241,24241ISA_24102,24241ISA_24102_11,PCTCAN POR REINA VICTORIA,0,,Route_362
241,24241ISA_24102,24241ISA_24102_12,PCTCAN POR REINA VICTORIA,0,,Route_362
241,24241ISA_24103,24241ISA_24103_2,PCTCAN POR REINA VICTORIA,0,,Route_362
241,24241ISA_24103,24241ISA_24103_3,PCTCAN POR REINA VICTORIA,0,,Route_362
241,24241ISA_24103,24241ISA_24103_4,PCTCAN POR REINA VICTORIA,0,,Route_362
241,24241ISA_24103,24241ISA_24103_5,PCTCAN POR REINA VICTORIA,0,,Route_362
241,24241ISA_24103,24241ISA_24103_6,PCTCAN POR REINA VICTORIA,0,,Route_362
241,24241ISA_24103,24241ISA_24103_7,PCTCAN POR REINA VICTORIA,0,,Route_362
241,24241ISA_24103,24241ISA_24103_8,PCTCAN POR REINA VICTORIA,0,,Route_362
241,24241ISA_24103,24241ISA_24103_9,PCTCAN POR REINA VICTORIA,0,,Route_362
241,24241ISA_24103,24241ISA_24103_10,PCTCAN POR REINA VICTORIA,0,,Route_362
241,24241ISA_24103,24241ISA_24103_11,PCTCAN POR REINA VICTORIA,0,,Route_362
241,24241ISA_24103,24241ISA_24103_12,PCTCAN POR REINA VICTORIA,0,,Route_362
242,24242ISA_24201,24242ISA_24201_2,PCTCAN POR REINA VICTORIA,0,,Route_390
242,24242ISA_24201,24242ISA_24201_3,PCTCAN POR REINA VICTORIA,0,,Route_390
242,24242ISA_24201,24242ISA_24201_4,PCTCAN POR REINA VICTORIA,0,,Route_390
242,24242ISA_24201,24242ISA_24201_5,PCTCAN POR REINA VICTORIA,0,,Route_390
242,24242ISA_24201,24242ISA_24201_6,PCTCAN POR REINA VICTORIA,0,,Route_390
242,24242ISA_24201,24242ISA_24201_7,PCTCAN POR REINA VICTORIA,0,,Route_390
242,24242ISA_24201,24242ISA_24201_8,PCTCAN POR REINA VICTORIA,0,,Route_390
242,24242ISA_24201,24242ISA_24201_9,PCTCAN POR REINA VICTORIA,0,,Route_390
242,24242ISA_24201,24242ISA_24201_10,PCTCAN POR REINA VICTORIA,0,,Route_390
242,24242ISA_24201,24242ISA_24201_11,PCTCAN POR REINA VICTORIA,0,,Route_390
242,24242ISA_24202,24242ISA_24202_2,PCTCAN POR REINA VICTORIA,0,,Route_390
242,24242ISA_24202,24242ISA_24202_3,PCTCAN POR REINA VICTORIA,0,,Route_390
242,24242ISA_24202,24242ISA_24202_4,PCTCAN POR REINA VICTORIA,0,,Route_390
242,24242ISA_24202,24242ISA_24202_5,PCTCAN POR REINA VICTORIA,0,,Route_390
242,24242ISA_24202,24242ISA_24202_6,PCTCAN POR REINA VICTORIA,0,,Route_390
242,24242ISA_24202,24242ISA_24202_7,PCTCAN POR REINA VICTORIA,0,,Route_390
242,24242ISA_24202,24242ISA_24202_8,PCTCAN POR REINA VICTORIA,0,,Route_390
242,24242ISA_24202,24242ISA_24202_9,PCTCAN POR REINA VICTORIA,0,,Route_390
242,24242ISA_24202,24242ISA_24202_10,PCTCAN POR REINA VICTORIA,0,,Route_390
242,24242ISA_24202,24242ISA_24202_11,PCTCAN POR REINA VICTORIA,0,,Route_390
242,24242ISA_24202,24242ISA_24202_12,PCTCAN POR REINA VICTORIA,0,,Route_390
242,24242ISA_24203,24242ISA_24203_2,PCTCAN POR REINA VICTORIA,0,,Route_390
242,24242ISA_24203,24242ISA_24203_3,PCTCAN POR REINA VICTORIA,0,,Route_390
242,24242ISA_24203,24242ISA_24203_4,PCTCAN POR REINA VICTORIA,0,,Route_390
242,24242ISA_24203,24242ISA_24203_5,PCTCAN POR REINA VICTORIA,0,,Route_390
242,24242ISA_24203,24242ISA_24203_6,PCTCAN POR REINA VICTORIA,0,,Route_390
242,24242ISA_24203,24242ISA_24203_7,PCTCAN POR REINA VICTORIA,0,,Route_390
242,24242ISA_24203,24242ISA_24203_8,PCTCAN POR REINA VICTORIA,0,,Route_390
242,24242ISA_24203,24242ISA_24203_9,PCTCAN POR REINA VICTORIA,0,,Route_390
242,24242ISA_24203,24242ISA_24203_10,PCTCAN POR REINA VICTORIA,0,,Route_390
242,24242ISA_24203,24242ISA_24203_11,PCTCAN POR REINA VICTORIA,0,,Route_390
242,24242ISA_24203,24242ISA_24203_12,PCTCAN POR REINA VICTORIA,0,,Route_390
51,24051ISA_5101,24051ISA_5101_2,MIRANDA,0,,Route_189
51,24051ISA_5101,24051ISA_5101_3,MIRANDA,0,,Route_189
51,24051ISA_5101,24051ISA_5101_4,MIRANDA,0,,Route_189
51,24051ISA_5101,24051ISA_5101_5,MIRANDA,0,,Route_189
51,24051ISA_5101,24051ISA_5101_6,MIRANDA,0,,Route_189
51,24051ISA_5101,24051ISA_5101_7,PLAZA ITALIA,0,,Route_348
51,24051ISA_5101,24051ISA_5101_8,PLAZA ITALIA,0,,Route_190
51,24051ISA_5101,24051ISA_5101_9,PLAZA ITALIA,0,,Route_190
51,24051ISA_5101,24051ISA_5101_10,PLAZA ITALIA,0,,Route_190
51,24051ISA_5101,24051ISA_5101_11,PLAZA ITALIA,0,,Route_190
51,24051ISA_5101,24051ISA_5101_12,PLAZA ITALIA,0,,Route_190
51,24051ISA_5101,24051ISA_5101_13,PLAZA ITALIA,0,,Route_190
51,24051ISA_5101,24051ISA_5101_14,PLAZA ITALIA,0,,Route_190
51,24051ISA_5101,24051ISA_5101_15,PLAZA ITALIA,0,,Route_190
51,24051ISA_5101,24051ISA_5101_16,PLAZA ITALIA,0,,Route_190
51,24051ISA_5101,24051ISA_5101_17,PLAZA ITALIA,0,,Route_190
51,24051ISA_5101,24051ISA_5101_18,PLAZA ITALIA,0,,Route_190
51,24051ISA_5101,24051ISA_5101_19,PLAZA ITALIA,0,,Route_190
51,24051ISA_5101,24051ISA_5101_20,PLAZA ITALIA,0,,Route_190
51,24051ISA_5101,24051ISA_5101_21,PLAZA ITALIA,0,,Route_190
51,24051ISA_5102,24051ISA_5102_2,MIRANDA,0,,Route_189
51,24051ISA_5102,24051ISA_5102_3,MIRANDA,0,,Route_189
51,24051ISA_5102,24051ISA_5102_4,MIRANDA,0,,Route_189
51,24051ISA_5102,24051ISA_5102_5,MIRANDA,0,,Route_189
51,24051ISA_5102,24051ISA_5102_6,MIRANDA,0,,Route_189
51,24051ISA_5102,24051ISA_5102_7,PLAZA ITALIA,0,,Route_348
51,24051ISA_5102,24051ISA_5102_8,PLAZA ITALIA,0,,Route_190
51,24051ISA_5102,24051ISA_5102_9,PLAZA ITALIA,0,,Route_190
51,24051ISA_5102,24051ISA_5102_10,PLAZA ITALIA,0,,Route_190
51,24051ISA_5102,24051ISA_5102_11,PLAZA ITALIA,0,,Route_190
51,24051ISA_5103,24051ISA_5103_2,MIRANDA,0,,Route_189
51,24051ISA_5103,24051ISA_5103_3,MIRANDA,0,,Route_189
51,24051ISA_5103,24051ISA_5103_4,MIRANDA,0,,Route_189
51,24051ISA_5103,24051ISA_5103_5,MIRANDA,0,,Route_189
51,24051ISA_5103,24051ISA_5103_6,PLAZA ITALIA,0,,Route_348
51,24051ISA_5103,24051ISA_5103_7,PLAZA ITALIA,0,,Route_190
51,24051ISA_5103,24051ISA_5103_8,PLAZA ITALIA,0,,Route_190
51,24051ISA_5103,24051ISA_5103_9,PLAZA ITALIA,0,,Route_190
51,24051ISA_5103,24051ISA_5103_10,PLAZA ITALIA,0,,Route_190
51,24051ISA_5112,24051ISA_5112_2,PLAZA ITALIA,0,,Route_190
51,24051ISA_5112,24051ISA_5112_3,PLAZA ITALIA,0,,Route_190
51,24051ISA_5112,24051ISA_5112_4,PLAZA ITALIA,0,,Route_190
51,24051ISA_5112,24051ISA_5112_5,PLAZA ITALIA,0,,Route_190
51,24051ISA_5112,24051ISA_5112_6,PLAZA ITALIA,0,,Route_190
51,24051ISA_5112,24051ISA_5112_7,PLAZA ITALIA,0,,Route_190
51,24051ISA_5112,24051ISA_5112_8,PLAZA ITALIA,0,,Route_190
51,24051ISA_5112,24051ISA_5112_9,PLAZA ITALIA,0,,Route_190
51,24051ISA_5112,24051ISA_5112_10,PLAZA ITALIA,0,,Route_190
51,24051ISA_5113,24051ISA_5113_2,PLAZA ITALIA,0,,Route_190
51,24051ISA_5113,24051ISA_5113_3,PLAZA ITALIA,0,,Route_190
51,24051ISA_5113,24051ISA_5113_4,PLAZA ITALIA,0,,Route_190
51,24051ISA_5113,24051ISA_5113_5,PLAZA ITALIA,0,,Route_190
51,24051ISA_5113,24051ISA_5113_6,PLAZA ITALIA,0,,Route_190
51,24051ISA_5113,24051ISA_5113_7,PLAZA ITALIA,0,,Route_190
51,24051ISA_5113,24051ISA_5113_8,PLAZA ITALIA,0,,Route_190
51,24051ISA_5113,24051ISA_5113_9,PLAZA ITALIA,0,,Route_190
51,24051ISA_5113,24051ISA_5113_10,PLAZA ITALIA,0,,Route_190
52,24052ISA_5201,24052ISA_5201_2,MIRANDA,0,,Route_191
52,24052ISA_5201,24052ISA_5201_3,MIRANDA,0,,Route_191
52,24052ISA_5201,24052ISA_5201_4,MIRANDA,0,,Route_191
52,24052ISA_5201,24052ISA_5201_5,MIRANDA,0,,Route_191
52,24052ISA_5201,24052ISA_5201_6,MIRANDA,0,,Route_191
52,24052ISA_5201,24052ISA_5201_7,PLAZA DE ITALIA ,0,,Route_192
52,24052ISA_5201,24052ISA_5201_8,PLAZA DE ITALIA ,0,,Route_192
52,24052ISA_5201,24052ISA_5201_9,PLAZA DE ITALIA ,0,,Route_192
52,24052ISA_5201,24052ISA_5201_10,PLAZA DE ITALIA ,0,,Route_192
52,24052ISA_5201,24052ISA_5201_11,PLAZA DE ITALIA ,0,,Route_192
52,24052ISA_5201,24052ISA_5201_12,PLAZA DE ITALIA ,0,,Route_192
52,24052ISA_5201,24052ISA_5201_13,PLAZA DE ITALIA ,0,,Route_192
52,24052ISA_5201,24052ISA_5201_14,PLAZA DE ITALIA ,0,,Route_192
52,24052ISA_5201,24052ISA_5201_15,PLAZA DE ITALIA ,0,,Route_192
52,24052ISA_5201,24052ISA_5201_16,PLAZA DE ITALIA ,0,,Route_192
52,24052ISA_5201,24052ISA_5201_17,PLAZA DE ITALIA ,0,,Route_192
52,24052ISA_5201,24052ISA_5201_18,PLAZA DE ITALIA ,0,,Route_192
52,24052ISA_5201,24052ISA_5201_19,PLAZA DE ITALIA ,0,,Route_192
52,24052ISA_5201,24052ISA_5201_20,PLAZA DE ITALIA ,0,,Route_192
52,24052ISA_5201,24052ISA_5201_21,PLAZA DE ITALIA ,0,,Route_192
52,24052ISA_5202,24052ISA_5202_2,MIRANDA,0,,Route_191
52,24052ISA_5202,24052ISA_5202_3,MIRANDA,0,,Route_191
52,24052ISA_5202,24052ISA_5202_4,MIRANDA,0,,Route_191
52,24052ISA_5202,24052ISA_5202_5,MIRANDA,0,,Route_191
52,24052ISA_5202,24052ISA_5202_6,MIRANDA,0,,Route_191
52,24052ISA_5202,24052ISA_5202_7,PLAZA DE ITALIA ,0,,Route_192
52,24052ISA_5202,24052ISA_5202_8,PLAZA DE ITALIA ,0,,Route_192
52,24052ISA_5202,24052ISA_5202_9,PLAZA DE ITALIA ,0,,Route_192
52,24052ISA_5202,24052ISA_5202_10,PLAZA DE ITALIA ,0,,Route_192
52,24052ISA_5202,24052ISA_5202_11,PLAZA DE ITALIA ,0,,Route_192
1,24052ISA_5203,24052ISA_5203_2,GONZALEZ TREVILLA,0,,Route_381
52,24052ISA_5203,24052ISA_5203_3,MIRANDA,0,,Route_191
52,24052ISA_5203,24052ISA_5203_4,MIRANDA,0,,Route_191
52,24052ISA_5203,24052ISA_5203_5,MIRANDA,0,,Route_191
52,24052ISA_5203,24052ISA_5203_6,PLAZA DE ITALIA ,0,,Route_192
52,24052ISA_5203,24052ISA_5203_7,PLAZA DE ITALIA ,0,,Route_192
52,24052ISA_5203,24052ISA_5203_8,PLAZA DE ITALIA ,0,,Route_192
52,24052ISA_5203,24052ISA_5203_9,PLAZA DE ITALIA ,0,,Route_192
52,24052ISA_5203,24052ISA_5203_10,PLAZA DE ITALIA ,0,,Route_192
52,24052ISA_5203,24052ISA_5203_11,PLAZA DE ITALIA ,0,,Route_192
52,24052ISA_5203,24052ISA_5203_12,PLAZA DE ITALIA ,0,,Route_192
52,24052ISA_5203,24052ISA_5203_13,PLAZA DE ITALIA ,0,,Route_192
52,24052ISA_5203,24052ISA_5203_14,PLAZA DE ITALIA ,0,,Route_192
52,24052ISA_5203,24052ISA_5203_15,PLAZA DE ITALIA ,0,,Route_192
52,24052ISA_5203,24052ISA_5203_16,PLAZA DE ITALIA ,0,,Route_192
52,24052ISA_5203,24052ISA_5203_17,PLAZA DE ITALIA ,0,,Route_192
52,24052ISA_5203,24052ISA_5203_18,PLAZA DE ITALIA ,0,,Route_192
52,24052ISA_5203,24052ISA_5203_19,PLAZA DE ITALIA ,0,,Route_192
52,24052ISA_5212,24052ISA_5212_2,PLAZA DE ITALIA ,0,,Route_192
52,24052ISA_5212,24052ISA_5212_3,PLAZA DE ITALIA ,0,,Route_192
52,24052ISA_5212,24052ISA_5212_4,PLAZA DE ITALIA ,0,,Route_192
52,24052ISA_5212,24052ISA_5212_5,PLAZA DE ITALIA ,0,,Route_192
52,24052ISA_5212,24052ISA_5212_6,PLAZA DE ITALIA ,0,,Route_192
52,24052ISA_5212,24052ISA_5212_7,PLAZA DE ITALIA ,0,,Route_192
52,24052ISA_5212,24052ISA_5212_8,PLAZA DE ITALIA ,0,,Route_192
52,24052ISA_5212,24052ISA_5212_9,PLAZA DE ITALIA ,0,,Route_192
52,24052ISA_5212,24052ISA_5212_10,PLAZA DE ITALIA ,0,,Route_192
61,24061ISA_6101,24061ISA_6101_2,COMPLEJO DEPORTIVO,0,,Route_366
61,24061ISA_6101,24061ISA_6101_3,COMPLEJO DEPORTIVO,0,,Route_366
61,24061ISA_6101,24061ISA_6101_4,COMPLEJO DEPORTIVO,0,,Route_366
61,24061ISA_6101,24061ISA_6101_5,COMPLEJO DEPORTIVO,0,,Route_366
61,24061ISA_6101,24061ISA_6101_6,COMPLEJO DEPORTIVO,0,,Route_366
61,24061ISA_6101,24061ISA_6101_7,COMPLEJO DEPORTIVO,0,,Route_366
61,24061ISA_6101,24061ISA_6101_8,COMPLEJO DEPORTIVO,0,,Route_366
61,24061ISA_6101,24061ISA_6101_9,COMPLEJO DEPORTIVO,0,,Route_366
61,24061ISA_6101,24061ISA_6101_10,COMPLEJO DEPORTIVO,0,,Route_366
61,24061ISA_6101,24061ISA_6101_11,COMPLEJO DEPORTIVO,0,,Route_366
61,24061ISA_6101,24061ISA_6101_12,COMPLEJO DEPORTIVO,0,,Route_366
61,24061ISA_6101,24061ISA_6101_13,COMPLEJO DEPORTIVO,0,,Route_366
61,24061ISA_6101,24061ISA_6101_14,COMPLEJO DEPORTIVO,0,,Route_366
61,24061ISA_6101,24061ISA_6101_15,COMPLEJO DEPORTIVO,0,,Route_366
61,24061ISA_6101,24061ISA_6101_16,COMPLEJO DEPORTIVO,0,,Route_366
61,24061ISA_6102,24061ISA_6102_2,COMPLEJO DEPORTIVO,0,,Route_366
61,24061ISA_6102,24061ISA_6102_3,COMPLEJO DEPORTIVO,0,,Route_366
61,24061ISA_6102,24061ISA_6102_4,COMPLEJO DEPORTIVO,0,,Route_366
61,24061ISA_6102,24061ISA_6102_5,COMPLEJO DEPORTIVO,0,,Route_366
61,24061ISA_6102,24061ISA_6102_6,COMPLEJO DEPORTIVO,0,,Route_366
61,24061ISA_6102,24061ISA_6102_7,COMPLEJO DEPORTIVO,0,,Route_366
61,24061ISA_6102,24061ISA_6102_8,COMPLEJO DEPORTIVO,0,,Route_366
61,24061ISA_6102,24061ISA_6102_9,COMPLEJO DEPORTIVO,0,,Route_366
61,24061ISA_6102,24061ISA_6102_10,COMPLEJO DEPORTIVO,0,,Route_366
61,24061ISA_6102,24061ISA_6102_11,COMPLEJO DEPORTIVO,0,,Route_366
61,24061ISA_6102,24061ISA_6102_12,COMPLEJO DEPORTIVO,0,,Route_366
61,24061ISA_6102,24061ISA_6102_13,COMPLEJO DEPORTIVO,0,,Route_366
61,24061ISA_6102,24061ISA_6102_14,COMPLEJO DEPORTIVO,0,,Route_366
61,24061ISA_6102,24061ISA_6102_15,COMPLEJO DEPORTIVO,0,,Route_366
61,24061ISA_6102,24061ISA_6102_16,COMPLEJO DEPORTIVO,0,,Route_366
62,24062ISA_6201,24062ISA_6201_2,COMPLEJO RUTH BEITIA,0,,Route_367
62,24062ISA_6201,24062ISA_6201_3,COMPLEJO RUTH BEITIA,0,,Route_367
62,24062ISA_6201,24062ISA_6201_4,COMPLEJO RUTH BEITIA,0,,Route_367
62,24062ISA_6201,24062ISA_6201_5,COMPLEJO RUTH BEITIA,0,,Route_367
62,24062ISA_6201,24062ISA_6201_6,COMPLEJO RUTH BEITIA,0,,Route_367
62,24062ISA_6201,24062ISA_6201_7,COMPLEJO RUTH BEITIA,0,,Route_367
62,24062ISA_6201,24062ISA_6201_8,COMPLEJO RUTH BEITIA,0,,Route_367
62,24062ISA_6202,24062ISA_6202_2,COMPLEJO RUTH BEITIA,0,,Route_367
62,24062ISA_6202,24062ISA_6202_3,COMPLEJO RUTH BEITIA,0,,Route_367
62,24062ISA_6202,24062ISA_6202_4,COMPLEJO RUTH BEITIA,0,,Route_367
62,24062ISA_6202,24062ISA_6202_5,COMPLEJO RUTH BEITIA,0,,Route_367
62,24062ISA_6202,24062ISA_6202_6,COMPLEJO RUTH BEITIA,0,,Route_367
62,24062ISA_6202,24062ISA_6202_7,COMPLEJO RUTH BEITIA,0,,Route_367
62,24062ISA_6202,24062ISA_6202_8,COMPLEJO RUTH BEITIA,0,,Route_367
62,24062ISA_6202,24062ISA_6202_9,COMPLEJO RUTH BEITIA,0,,Route_367
62,24062ISA_6202,24062ISA_6202_10,COMPLEJO RUTH BEITIA,0,,Route_367
62,24062ISA_6202,24062ISA_6202_11,COMPLEJO RUTH BEITIA,0,,Route_367
62,24062ISA_6202,24062ISA_6202_12,COMPLEJO RUTH BEITIA,0,,Route_367
62,24062ISA_6202,24062ISA_6202_13,COMPLEJO RUTH BEITIA,0,,Route_367
62,24062ISA_6202,24062ISA_6202_14,COMPLEJO RUTH BEITIA,0,,Route_367
62,24062ISA_6202,24062ISA_6202_15,COMPLEJO RUTH BEITIA,0,,Route_367
62,24062ISA_6211,24062ISA_6211_2,COMPLEJO RUTH BEITIA,0,,Route_367
62,24062ISA_6211,24062ISA_6211_3,COMPLEJO RUTH BEITIA,0,,Route_367
62,24062ISA_6211,24062ISA_6211_4,COMPLEJO RUTH BEITIA,0,,Route_367
62,24062ISA_6211,24062ISA_6211_5,COMPLEJO RUTH BEITIA,0,,Route_367
62,24062ISA_6211,24062ISA_6211_6,COMPLEJO RUTH BEITIA,0,,Route_367
62,24062ISA_6211,24062ISA_6211_7,COMPLEJO RUTH BEITIA,0,,Route_367
62,24062ISA_6211,24062ISA_6211_8,COMPLEJO RUTH BEITIA,0,,Route_367
71,24071ISA_7101,24071ISA_7101_2,L.QUINTANILLA,0,,Route_195
71,24071ISA_7101,24071ISA_7101_3,L.QUINTANILLA,0,,Route_195
71,24071ISA_7101,24071ISA_7101_4,L.QUINTANILLA,0,,Route_195
71,24071ISA_7101,24071ISA_7101_5,L.QUINTANILLA,0,,Route_195
71,24071ISA_7101,24071ISA_7101_6,L.QUINTANILLA,0,,Route_195
71,24071ISA_7101,24071ISA_7101_7,L.QUINTANILLA,0,,Route_195
71,24071ISA_7101,24071ISA_7101_8,L.QUINTANILLA,0,,Route_195
71,24071ISA_7101,24071ISA_7101_9,L.QUINTANILLA,0,,Route_195
71,24071ISA_7101,24071ISA_7101_10,L.QUINTANILLA,0,,Route_195
71,24071ISA_7101,24071ISA_7101_11,L.QUINTANILLA,0,,Route_195
71,24071ISA_7101,24071ISA_7101_12,L.QUINTANILLA,0,,Route_195
71,24071ISA_7101,24071ISA_7101_13,L.QUINTANILLA,0,,Route_195
71,24071ISA_7101,24071ISA_7101_14,L.QUINTANILLA,0,,Route_195
71,24071ISA_7101,24071ISA_7101_15,L.QUINTANILLA,0,,Route_195
71,24071ISA_7101,24071ISA_7101_16,L.QUINTANILLA,0,,Route_195
71,24071ISA_7101,24071ISA_7101_17,L.QUINTANILLA,0,,Route_195
71,24071ISA_7101,24071ISA_7101_18,L.QUINTANILLA,0,,Route_195
71,24071ISA_7102,24071ISA_7102_2,L.QUINTANILLA,0,,Route_195
71,24071ISA_7102,24071ISA_7102_3,L.QUINTANILLA,0,,Route_195
71,24071ISA_7102,24071ISA_7102_4,L.QUINTANILLA,0,,Route_195
71,24071ISA_7102,24071ISA_7102_5,L.QUINTANILLA,0,,Route_195
71,24071ISA_7102,24071ISA_7102_6,L.QUINTANILLA,0,,Route_195
71,24071ISA_7102,24071ISA_7102_7,L.QUINTANILLA,0,,Route_195
71,24071ISA_7102,24071ISA_7102_8,L.QUINTANILLA,0,,Route_195
71,24071ISA_7102,24071ISA_7102_9,L.QUINTANILLA,0,,Route_195
71,24071ISA_7102,24071ISA_7102_10,L.QUINTANILLA,0,,Route_195
71,24071ISA_7102,24071ISA_7102_11,L.QUINTANILLA,0,,Route_195
71,24071ISA_7102,24071ISA_7102_12,L.QUINTANILLA,0,,Route_195
71,24071ISA_7102,24071ISA_7102_13,L.QUINTANILLA,0,,Route_195
71,24071ISA_7102,24071ISA_7102_14,L.QUINTANILLA,0,,Route_195
71,24071ISA_7102,24071ISA_7102_15,L.QUINTANILLA,0,,Route_195
71,24071ISA_7102,24071ISA_7102_16,L.QUINTANILLA,0,,Route_195
71,24071ISA_7102,24071ISA_7102_17,L.QUINTANILLA,0,,Route_195
71,24071ISA_7102,24071ISA_7102_18,L.QUINTANILLA,0,,Route_195
71,24071ISA_7113,24071ISA_7113_2,L.QUINTANILLA,0,,Route_195
71,24071ISA_7113,24071ISA_7113_3,L.QUINTANILLA,0,,Route_195
71,24071ISA_7113,24071ISA_7113_4,L.QUINTANILLA,0,,Route_195
71,24071ISA_7113,24071ISA_7113_5,L.QUINTANILLA,0,,Route_195
71,24071ISA_7113,24071ISA_7113_6,L.QUINTANILLA,0,,Route_195
71,24071ISA_7113,24071ISA_7113_7,L.QUINTANILLA,0,,Route_195
72,24071ISA_7113,24071ISA_7113_8,L.QUINTANILLA por SARDINERO,0,,Route_196
72,24071ISA_7113,24071ISA_7113_9,L.QUINTANILLA por SARDINERO,0,,Route_196
72,24072ISA_7201,24072ISA_7201_2,L.QUINTANILLA por SARDINERO,0,,Route_196
72,24072ISA_7201,24072ISA_7201_3,L.QUINTANILLA por SARDINERO,0,,Route_196
72,24072ISA_7201,24072ISA_7201_4,L.QUINTANILLA por SARDINERO,0,,Route_196
72,24072ISA_7201,24072ISA_7201_5,L.QUINTANILLA por SARDINERO,0,,Route_196
72,24072ISA_7201,24072ISA_7201_6,L.QUINTANILLA por SARDINERO,0,,Route_196
72,24072ISA_7201,24072ISA_7201_7,L.QUINTANILLA por SARDINERO,0,,Route_196
72,24072ISA_7201,24072ISA_7201_8,L.QUINTANILLA por SARDINERO,0,,Route_196
72,24072ISA_7201,24072ISA_7201_9,L.QUINTANILLA por SARDINERO,0,,Route_196
72,24072ISA_7201,24072ISA_7201_10,L.QUINTANILLA por SARDINERO,0,,Route_196
72,24072ISA_7201,24072ISA_7201_11,L.QUINTANILLA por SARDINERO,0,,Route_196
72,24072ISA_7201,24072ISA_7201_12,L.QUINTANILLA por SARDINERO,0,,Route_196
72,24072ISA_7201,24072ISA_7201_13,L.QUINTANILLA por SARDINERO,0,,Route_196
72,24072ISA_7201,24072ISA_7201_14,L.QUINTANILLA por SARDINERO,0,,Route_196
72,24072ISA_7201,24072ISA_7201_15,L.QUINTANILLA por SARDINERO,0,,Route_196
72,24072ISA_7201,24072ISA_7201_16,L.QUINTANILLA por SARDINERO,0,,Route_196
72,24072ISA_7201,24072ISA_7201_17,L.QUINTANILLA por SARDINERO,0,,Route_196
72,24072ISA_7201,24072ISA_7201_18,L.QUINTANILLA por SARDINERO,0,,Route_196
72,24072ISA_7202,24072ISA_7202_2,L.QUINTANILLA por SARDINERO,0,,Route_196
72,24072ISA_7202,24072ISA_7202_3,L.QUINTANILLA por SARDINERO,0,,Route_196
72,24072ISA_7202,24072ISA_7202_4,L.QUINTANILLA por SARDINERO,0,,Route_196
72,24072ISA_7202,24072ISA_7202_5,L.QUINTANILLA por SARDINERO,0,,Route_196
72,24072ISA_7202,24072ISA_7202_6,L.QUINTANILLA por SARDINERO,0,,Route_196
72,24072ISA_7202,24072ISA_7202_7,L.QUINTANILLA por SARDINERO,0,,Route_196
72,24072ISA_7202,24072ISA_7202_8,L.QUINTANILLA por SARDINERO,0,,Route_196
72,24072ISA_7202,24072ISA_7202_9,L.QUINTANILLA por SARDINERO,0,,Route_196
72,24072ISA_7202,24072ISA_7202_10,L.QUINTANILLA por SARDINERO,0,,Route_196
72,24072ISA_7202,24072ISA_7202_11,L.QUINTANILLA por SARDINERO,0,,Route_196
72,24072ISA_7202,24072ISA_7202_12,L.QUINTANILLA por SARDINERO,0,,Route_196
72,24072ISA_7202,24072ISA_7202_13,L.QUINTANILLA por SARDINERO,0,,Route_196
72,24072ISA_7202,24072ISA_7202_14,L.QUINTANILLA por SARDINERO,0,,Route_196
72,24072ISA_7202,24072ISA_7202_15,L.QUINTANILLA por SARDINERO,0,,Route_196
72,24072ISA_7202,24072ISA_7202_16,L.QUINTANILLA por SARDINERO,0,,Route_196
72,24072ISA_7202,24072ISA_7202_17,L.QUINTANILLA por SARDINERO,0,,Route_196
72,24072ISA_7202,24072ISA_7202_18,L.QUINTANILLA por SARDINERO,0,,Route_196
41,24EISA_R01,24EISA_R01_2,INTERCAMBIADOR SARDINERO,0,,Route_344
41,24EISA_R01,24EISA_R01_3,INTERCAMBIADOR VALDECILLA,1,,Route_345
3,24EISA_R01,24EISA_R01_4,PASEO DE PEREDA 35,0,,Route_383
3,24EISA_R01,24EISA_R01_5,OJAIZ,1,,Route_11
3,24EISA_R01,24EISA_R01_6,PASEO DE PEREDA 35,0,,Route_383
3,24EISA_R01,24EISA_R01_7,OJAIZ,1,,Route_11
3,24EISA_R01,24EISA_R01_8,PASEO DE PEREDA 35,0,,Route_383
1,24EISA_R01,24EISA_R01_9,ADARZO,1,,Route_374
1,24EISA_R01,24EISA_R01_10,GONZALEZ TREVILLA,0,,Route_381
1,24EISA_R01,24EISA_R01_11,ADARZO,1,,Route_374
1,24EISA_R01,24EISA_R01_12,GONZALEZ TREVILLA,0,,Route_381
3,24EISA_R02,24EISA_R02_2,OJAIZ,1,,Route_15
3,24EISA_R02,24EISA_R02_3,INT SARDINERO,0,,Route_385
3,24EISA_R02,24EISA_R02_4,OJAIZ,1,,Route_15
3,24EISA_R02,24EISA_R02_5,INT SARDINERO,0,,Route_385
12,24EISA_R02,24EISA_R02_6,CARREFOUR,0,,Route_388
2,24EISA_R03,24EISA_R03_2,CONSUELO BERGES,0,,Route_382
2,24EISA_R03,24EISA_R03_3,CORBAN,1,,Route_180
2,24EISA_R03,24EISA_R03_4,CONSUELO BERGES,0,,Route_382
2,24EISA_R03,24EISA_R03_5,CORBAN,1,,Route_180
2,24EISA_R03,24EISA_R03_6,CONSUELO BERGES,0,,Route_382
4,24EISA_R04,24EISA_R04_2,BARRIO PESQUERO,0,,Route_185
61,24EISA_R04,24EISA_R04_3,COMPLEJO DEPORTIVO,0,,Route_366
62,24EISA_R04,24EISA_R04_4,COMPLEJO RUTH BEITIA,0,,Route_367
13,24EISA_R05,24EISA_R05_2,LLUJA,1,,Route_36
13,24EISA_R05,24EISA_R05_3,CUETO por el SARDINERO,0,,Route_375
61,24EISA_R05,24EISA_R05_4,COMPLEJO DEPORTIVO,0,,Route_366
12,24EISA_R05,24EISA_R05_5,CARREFOUR,0,,Route_388
62,24EISA_R05,24EISA_R05_6,COMPLEJO RUTH BEITIA,0,,Route_367
12,24EISA_R06,24EISA_R06_2,CARREFOUR,0,,Route_388
4,24EISA_R06,24EISA_R06_3,BARRIO PESQUERO,0,,Route_185
4,24EISA_R06,24EISA_R06_4,INTERCAMBIADOR SARDINERO,1,,Route_186
2,24EISA_R06,24EISA_R06_5,CORBAN,1,,Route_180
2,24EISA_R08,24EISA_R08_2,CONSUELO BERGES,0,,Route_382
2,24EISA_R10,24EISA_R10_2,CORBAN,1,,Route_180
3,24EISA_R12,24EISA_R12_2,OJAIZ,1,,Route_11
1,24001IFA_0101,24001IFA_0101_2,ADARZO,1,,Route_374
1,24001IFA_0101,24001IFA_0101_3,GONZALEZ TREVILLA,0,,Route_381
1,24001IFA_0101,24001IFA_0101_4,ADARZO,1,,Route_374
1,24001IFA_0101,24001IFA_0101_5,GONZALEZ TREVILLA,0,,Route_381
1,24001IFA_0101,24001IFA_0101_6,ADARZO,1,,Route_374
1,24001IFA_0101,24001IFA_0101_7,GONZALEZ TREVILLA,0,,Route_381
1,24001IFA_0101,24001IFA_0101_8,ADARZO,1,,Route_374
1,24001IFA_0101,24001IFA_0101_9,GONZALEZ TREVILLA,0,,Route_381
1,24001IFA_0101,24001IFA_0101_10,ADARZO,1,,Route_374
1,24001IFA_0101,24001IFA_0101_11,GONZALEZ TREVILLA,0,,Route_381
1,24001IFA_0101,24001IFA_0101_12,ADARZO,1,,Route_374
1,24001IFA_0101,24001IFA_0101_13,GONZALEZ TREVILLA,0,,Route_381
1,24001IFA_0101,24001IFA_0101_14,ADARZO,1,,Route_374
1,24001IFA_0101,24001IFA_0101_15,GONZALEZ TREVILLA,0,,Route_381
1,24001IFA_0101,24001IFA_0101_16,ADARZO,1,,Route_374
1,24001IFA_0101,24001IFA_0101_17,GONZALEZ TREVILLA,0,,Route_381
1,24001IFA_0101,24001IFA_0101_18,ADARZO,1,,Route_374
1,24001IFA_0101,24001IFA_0101_19,GONZALEZ TREVILLA,0,,Route_381
1,24001IFA_0102,24001IFA_0102_2,ADARZO,1,,Route_374
1,24001IFA_0102,24001IFA_0102_3,GONZALEZ TREVILLA,0,,Route_381
1,24001IFA_0102,24001IFA_0102_4,ADARZO,1,,Route_374
1,24001IFA_0102,24001IFA_0102_5,GONZALEZ TREVILLA,0,,Route_381
1,24001IFA_0102,24001IFA_0102_6,ADARZO,1,,Route_374
1,24001IFA_0102,24001IFA_0102_7,GONZALEZ TREVILLA,0,,Route_381
1,24001IFA_0102,24001IFA_0102_8,ADARZO,1,,Route_374
1,24001IFA_0102,24001IFA_0102_9,GONZALEZ TREVILLA,0,,Route_381
1,24001IFA_0102,24001IFA_0102_10,ADARZO,1,,Route_374
1,24001IFA_0102,24001IFA_0102_11,GONZALEZ TREVILLA,0,,Route_381
1,24001IFA_0102,24001IFA_0102_12,ADARZO,1,,Route_374
1,24001IFA_0102,24001IFA_0102_13,GONZALEZ TREVILLA,0,,Route_381
1,24001IFA_0102,24001IFA_0102_14,ADARZO,1,,Route_374
1,24001IFA_0102,24001IFA_0102_15,GONZALEZ TREVILLA,0,,Route_381
1,24001IFA_0102,24001IFA_0102_16,ADARZO,1,,Route_374
1,24001IFA_0102,24001IFA_0102_17,GONZALEZ TREVILLA,0,,Route_381
1,24001IFA_0103,24001IFA_0103_2,ADARZO,1,,Route_374
1,24001IFA_0103,24001IFA_0103_3,GONZALEZ TREVILLA,0,,Route_381
1,24001IFA_0103,24001IFA_0103_4,ADARZO,1,,Route_374
1,24001IFA_0103,24001IFA_0103_5,GONZALEZ TREVILLA,0,,Route_381
1,24001IFA_0103,24001IFA_0103_6,ADARZO,1,,Route_374
1,24001IFA_0103,24001IFA_0103_7,GONZALEZ TREVILLA,0,,Route_381
1,24001IFA_0103,24001IFA_0103_8,ADARZO,1,,Route_374
1,24001IFA_0103,24001IFA_0103_9,GONZALEZ TREVILLA,0,,Route_381
1,24001IFA_0103,24001IFA_0103_10,ADARZO,1,,Route_374
1,24001IFA_0103,24001IFA_0103_11,GONZALEZ TREVILLA,0,,Route_381
1,24001IFA_0103,24001IFA_0103_12,ADARZO,1,,Route_374
1,24001IFA_0103,24001IFA_0103_13,GONZALEZ TREVILLA,0,,Route_381
1,24001IFA_0103,24001IFA_0103_14,ADARZO,1,,Route_374
1,24001IFA_0103,24001IFA_0103_15,GONZALEZ TREVILLA,0,,Route_381
1,24001IFA_0103,24001IFA_0103_16,ADARZO,1,,Route_374
1,24001IFA_0103,24001IFA_0103_17,GONZALEZ TREVILLA,0,,Route_381
1,24001IFA_0104,24001IFA_0104_2,ADARZO,1,,Route_374
1,24001IFA_0104,24001IFA_0104_3,GONZALEZ TREVILLA,0,,Route_381
1,24001IFA_0104,24001IFA_0104_4,ADARZO,1,,Route_374
1,24001IFA_0104,24001IFA_0104_5,GONZALEZ TREVILLA,0,,Route_381
1,24001IFA_0104,24001IFA_0104_6,ADARZO,1,,Route_374
1,24001IFA_0104,24001IFA_0104_7,GONZALEZ TREVILLA,0,,Route_381
1,24001IFA_0104,24001IFA_0104_8,ADARZO,1,,Route_374
1,24001IFA_0114,24001IFA_0114_2,GONZALEZ TREVILLA,0,,Route_381
1,24001IFA_0114,24001IFA_0114_3,ADARZO,1,,Route_374
1,24001IFA_0114,24001IFA_0114_4,GONZALEZ TREVILLA,0,,Route_381
1,24001IFA_0114,24001IFA_0114_5,ADARZO,1,,Route_374
1,24001IFA_0114,24001IFA_0114_6,GONZALEZ TREVILLA,0,,Route_381
1,24001IFA_0114,24001IFA_0114_7,ADARZO,1,,Route_374
1,24001IFA_0114,24001IFA_0114_8,GONZALEZ TREVILLA,0,,Route_381
14,24001IFA_0114,24001IFA_0114_9,ESTACIONES,0,,Route_105
1,24001IFA_0115,24001IFA_0115_2,ADARZO,1,,Route_374
1,24001IFA_0115,24001IFA_0115_3,GONZALEZ TREVILLA,0,,Route_381
1,24001IFA_0115,24001IFA_0115_4,ADARZO,1,,Route_374
1,24001IFA_0115,24001IFA_0115_5,GONZALEZ TREVILLA,0,,Route_381
1,24001IFA_0115,24001IFA_0115_6,ADARZO,1,,Route_374
1,24001IFA_0115,24001IFA_0115_7,GONZALEZ TREVILLA,0,,Route_381
1,24001IFA_0115,24001IFA_0115_8,ADARZO,1,,Route_374
2,24002IFA_0201,24002IFA_0201_2,CONSUELO BERGES,0,,Route_382
2,24002IFA_0201,24002IFA_0201_3,CORBAN,1,,Route_180
2,24002IFA_0201,24002IFA_0201_4,CONSUELO BERGES,0,,Route_382
2,24002IFA_0201,24002IFA_0201_5,CORBAN,1,,Route_180
2,24002IFA_0201,24002IFA_0201_6,CONSUELO BERGES,0,,Route_382
2,24002IFA_0201,24002IFA_0201_7,CORBAN,1,,Route_180
2,24002IFA_0201,24002IFA_0201_8,CONSUELO BERGES,0,,Route_382
2,24002IFA_0201,24002IFA_0201_9,CORBAN,1,,Route_180
2,24002IFA_0202,24002IFA_0202_2,CORBAN,1,,Route_180
2,24002IFA_0202,24002IFA_0202_3,CONSUELO BERGES,0,,Route_382
2,24002IFA_0202,24002IFA_0202_4,CORBAN,1,,Route_180
2,24002IFA_0202,24002IFA_0202_5,CONSUELO BERGES,0,,Route_382
2,24002IFA_0202,24002IFA_0202_6,CORBAN,1,,Route_180
2,24002IFA_0202,24002IFA_0202_7,CONSUELO BERGES,0,,Route_382
2,24002IFA_0202,24002IFA_0202_8,CORBAN,1,,Route_180
2,24002IFA_0202,24002IFA_0202_9,CONSUELO BERGES,0,,Route_382
2,24002IFA_0203,24002IFA_0203_2,CONSUELO BERGES,0,,Route_382
2,24002IFA_0203,24002IFA_0203_3,CORBAN,1,,Route_180
2,24002IFA_0203,24002IFA_0203_4,CONSUELO BERGES,0,,Route_382
2,24002IFA_0203,24002IFA_0203_5,CORBAN,1,,Route_180
2,24002IFA_0203,24002IFA_0203_6,CONSUELO BERGES,0,,Route_382
2,24002IFA_0203,24002IFA_0203_7,CORBAN,1,,Route_180
2,24002IFA_0203,24002IFA_0203_8,CONSUELO BERGES,0,,Route_382
2,24002IFA_0203,24002IFA_0203_9,CORBAN,1,,Route_180
2,24002IFA_0203,24002IFA_0203_10,CONSUELO BERGES,0,,Route_382
2,24002IFA_0203,24002IFA_0203_11,CORBAN,1,,Route_180
2,24002IFA_0203,24002IFA_0203_12,CONSUELO BERGES,0,,Route_382
2,24002IFA_0203,24002IFA_0203_13,CORBAN,1,,Route_180
2,24002IFA_0203,24002IFA_0203_14,CONSUELO BERGES,0,,Route_382
2,24002IFA_0203,24002IFA_0203_15,CORBAN,1,,Route_180
2,24002IFA_0203,24002IFA_0203_16,CONSUELO BERGES,0,,Route_382
2,24002IFA_0203,24002IFA_0203_17,CORBAN,1,,Route_180
2,24002IFA_0203,24002IFA_0203_18,CONSUELO BERGES,0,,Route_382
1,24002IFA_0203,24002IFA_0203_19,ADARZO,1,,Route_374
2,24002IFA_0204,24002IFA_0204_2,CONSUELO BERGES,0,,Route_382
2,24002IFA_0204,24002IFA_0204_3,CORBAN,1,,Route_180
2,24002IFA_0204,24002IFA_0204_4,CONSUELO BERGES,0,,Route_382
2,24002IFA_0204,24002IFA_0204_5,CORBAN,1,,Route_180
2,24002IFA_0204,24002IFA_0204_6,CONSUELO BERGES,0,,Route_382
2,24002IFA_0204,24002IFA_0204_7,CORBAN,1,,Route_180
2,24002IFA_0204,24002IFA_0204_8,CONSUELO BERGES,0,,Route_382
2,24002IFA_0204,24002IFA_0204_9,CORBAN,1,,Route_180
2,24002IFA_0204,24002IFA_0204_10,CONSUELO BERGES,0,,Route_382
2,24002IFA_0204,24002IFA_0204_11,CORBAN,1,,Route_180
2,24002IFA_0204,24002IFA_0204_12,CONSUELO BERGES,0,,Route_382
2,24002IFA_0204,24002IFA_0204_13,CORBAN,1,,Route_180
2,24002IFA_0204,24002IFA_0204_14,CONSUELO BERGES,0,,Route_382
2,24002IFA_0204,24002IFA_0204_15,CORBAN,1,,Route_180
2,24002IFA_0204,24002IFA_0204_16,CONSUELO BERGES,0,,Route_382
2,24002IFA_0204,24002IFA_0204_17,CORBAN,1,,Route_180
100,24002IFA_0204,24002IFA_0204_18,INTERCAMBIADOR SARDINERO,0,,Route_394
2,24002IFA_0211,24002IFA_0211_3,CORBAN,1,,Route_180
2,24002IFA_0211,24002IFA_0211_4,CONSUELO BERGES,0,,Route_382
2,24002IFA_0211,24002IFA_0211_5,CORBAN,1,,Route_180
2,24002IFA_0211,24002IFA_0211_6,CONSUELO BERGES,0,,Route_382
2,24002IFA_0211,24002IFA_0211_7,CORBAN,1,,Route_180
2,24002IFA_0211,24002IFA_0211_8,CONSUELO BERGES,0,,Route_382
2,24002IFA_0211,24002IFA_0211_9,CORBAN,1,,Route_180
2,24002IFA_0211,24002IFA_0211_10,CONSUELO BERGES,0,,Route_382
2,24002IFA_0211,24002IFA_0211_11,CORBAN,1,,Route_180
2,24002IFA_0212,24002IFA_0212_2,CORBAN,1,,Route_180
2,24002IFA_0212,24002IFA_0212_3,CONSUELO BERGES,0,,Route_382
2,24002IFA_0212,24002IFA_0212_4,CORBAN,1,,Route_180
2,24002IFA_0212,24002IFA_0212_5,CONSUELO BERGES,0,,Route_382
2,24002IFA_0212,24002IFA_0212_6,CORBAN,1,,Route_180
2,24002IFA_0212,24002IFA_0212_7,CONSUELO BERGES,0,,Route_382
2,24002IFA_0212,24002IFA_0212_8,CORBAN,1,,Route_180
2,24002IFA_0212,24002IFA_0212_9,CONSUELO BERGES,0,,Route_382
2,24002IFA_0212,24002IFA_0212_10,CORBAN,1,,Route_180
2,24002IFA_0215,24002IFA_0215_2,CONSUELO BERGES,0,,Route_382
2,24002IFA_0215,24002IFA_0215_3,CORBAN,1,,Route_180
2,24002IFA_0215,24002IFA_0215_4,CONSUELO BERGES,0,,Route_382
2,24002IFA_0215,24002IFA_0215_5,CORBAN,1,,Route_180
2,24002IFA_0215,24002IFA_0215_6,CONSUELO BERGES,0,,Route_382
2,24002IFA_0215,24002IFA_0215_7,CORBAN,1,,Route_180
3,24003IFA_0301,24003IFA_0301_2,OJAIZ,1,,Route_11
3,24003IFA_0301,24003IFA_0301_3,PASEO DE PEREDA 35,0,,Route_383
3,24003IFA_0301,24003IFA_0301_4,OJAIZ,1,,Route_11
3,24003IFA_0301,24003IFA_0301_5,INT SARDINERO,0,,Route_385
3,24003IFA_0301,24003IFA_0301_6,OJAIZ,1,,Route_15
3,24003IFA_0301,24003IFA_0301_7,INT SARDINERO,0,,Route_385
3,24003IFA_0301,24003IFA_0301_8,OJAIZ,1,,Route_15
3,24003IFA_0301,24003IFA_0301_9,INT SARDINERO,0,,Route_385
3,24003IFA_0301,24003IFA_0301_10,OJAIZ,1,,Route_15
3,24003IFA_0301,24003IFA_0301_11,INT SARDINERO,0,,Route_385
3,24003IFA_0301,24003IFA_0301_12,OJAIZ,1,,Route_15
3,24003IFA_0301,24003IFA_0301_13,INT SARDINERO,0,,Route_385
3,24003IFA_0301,24003IFA_0301_14,OJAIZ,1,,Route_15
3,24003IFA_0301,24003IFA_0301_15,INT SARDINERO,0,,Route_385
3,24003IFA_0301,24003IFA_0301_16,OJAIZ,1,,Route_15
3,24003IFA_0301,24003IFA_0301_17,INT SARDINERO,0,,Route_385
3,24003IFA_0301,24003IFA_0301_18,OJAIZ,1,,Route_15
3,24003IFA_0301,24003IFA_0301_19,PASEO DE PEREDA 35,0,,Route_383
3,24003IFA_0301,24003IFA_0301_20,OJAIZ,1,,Route_11
3,24003IFA_0301,24003IFA_0301_21,PASEO DE PEREDA 35,0,,Route_383
3,24003IFA_0301,24003IFA_0301_22,OJAIZ,1,,Route_11
3,24003IFA_0301,24003IFA_0301_23,PASEO DE PEREDA 35,0,,Route_383
3,24003IFA_0302,24003IFA_0302_2,OJAIZ,1,,Route_11
3,24003IFA_0302,24003IFA_0302_3,PASEO DE PEREDA 35,0,,Route_383
3,24003IFA_0302,24003IFA_0302_4,OJAIZ,1,,Route_11
3,24003IFA_0302,24003IFA_0302_5,PASEO DE PEREDA 35,0,,Route_383
3,24003IFA_0302,24003IFA_0302_6,OJAIZ,1,,Route_11
3,24003IFA_0302,24003IFA_0302_7,INT SARDINERO,0,,Route_385
3,24003IFA_0302,24003IFA_0302_8,OJAIZ,1,,Route_15
3,24003IFA_0302,24003IFA_0302_9,INT SARDINERO,0,,Route_385
3,24003IFA_0302,24003IFA_0302_10,OJAIZ,1,,Route_15
3,24003IFA_0302,24003IFA_0302_11,INT SARDINERO,0,,Route_385
3,24003IFA_0302,24003IFA_0302_12,OJAIZ,1,,Route_15
3,24003IFA_0302,24003IFA_0302_13,INT SARDINERO,0,,Route_385
3,24003IFA_0302,24003IFA_0302_14,OJAIZ,1,,Route_15
3,24003IFA_0302,24003IFA_0302_15,INT SARDINERO,0,,Route_385
3,24003IFA_0302,24003IFA_0302_16,OJAIZ,1,,Route_15
3,24003IFA_0302,24003IFA_0302_17,INT SARDINERO,0,,Route_385
3,24003IFA_0302,24003IFA_0302_18,OJAIZ,1,,Route_15
3,24003IFA_0302,24003IFA_0302_19,INT SARDINERO,0,,Route_385
3,24003IFA_0302,24003IFA_0302_20,OJAIZ,1,,Route_15
3,24003IFA_0302,24003IFA_0302_21,PASEO DE PEREDA 35,0,,Route_383
3,24003IFA_0302,24003IFA_0302_22,OJAIZ,1,,Route_11
3,24003IFA_0302,24003IFA_0302_23,PASEO DE PEREDA 35,0,,Route_383
3,24003IFA_0302,24003IFA_0302_24,OJAIZ,1,,Route_11
3,24003IFA_0302,24003IFA_0302_25,PASEO DE PEREDA 35,0,,Route_383
3,24003IFA_0303,24003IFA_0303_2,OJAIZ,1,,Route_11
3,24003IFA_0303,24003IFA_0303_3,PASEO DE PEREDA 35,0,,Route_383
3,24003IFA_0303,24003IFA_0303_4,OJAIZ,1,,Route_11
3,24003IFA_0303,24003IFA_0303_5,PASEO DE PEREDA 35,0,,Route_383
3,24003IFA_0303,24003IFA_0303_6,OJAIZ,1,,Route_11
3,24003IFA_0303,24003IFA_0303_7,PASEO DE PEREDA 35,0,,Route_383
3,24003IFA_0303,24003IFA_0303_8,OJAIZ,1,,Route_11
3,24003IFA_0303,24003IFA_0303_9,INT SARDINERO,0,,Route_385
3,24003IFA_0303,24003IFA_0303_10,OJAIZ,1,,Route_15
3,24003IFA_0303,24003IFA_0303_11,INT SARDINERO,0,,Route_385
3,24003IFA_0303,24003IFA_0303_12,OJAIZ,1,,Route_15
3,24003IFA_0303,24003IFA_0303_13,INT SARDINERO,0,,Route_385
3,24003IFA_0303,24003IFA_0303_14,OJAIZ,1,,Route_15
3,24003IFA_0303,24003IFA_0303_15,INT SARDINERO,0,,Route_385
3,24003IFA_0303,24003IFA_0303_16,OJAIZ,1,,Route_15
3,24003IFA_0303,24003IFA_0303_17,INT SARDINERO,0,,Route_385
3,24003IFA_0303,24003IFA_0303_18,OJAIZ,1,,Route_15
3,24003IFA_0303,24003IFA_0303_19,INT SARDINERO,0,,Route_385
3,24003IFA_0303,24003IFA_0303_20,OJAIZ,1,,Route_15
3,24003IFA_0303,24003IFA_0303_21,INT SARDINERO,0,,Route_385
4,24004IFA_0401,24004IFA_0401_2,BARRIO PESQUERO,0,,Route_185
4,24004IFA_0401,24004IFA_0401_3,INTERCAMBIADOR SARDINERO,1,,Route_186
4,24004IFA_0401,24004IFA_0401_4,BARRIO PESQUERO,0,,Route_185
4,24004IFA_0401,24004IFA_0401_5,INTERCAMBIADOR SARDINERO,1,,Route_186
4,24004IFA_0401,24004IFA_0401_6,BARRIO PESQUERO,0,,Route_185
4,24004IFA_0401,24004IFA_0401_7,INTERCAMBIADOR SARDINERO,1,,Route_186
4,24004IFA_0401,24004IFA_0401_8,BARRIO PESQUERO,0,,Route_185
4,24004IFA_0401,24004IFA_0401_9,INTERCAMBIADOR SARDINERO,1,,Route_186
4,24004IFA_0401,24004IFA_0401_10,BARRIO PESQUERO,0,,Route_185
4,24004IFA_0401,24004IFA_0401_11,INTERCAMBIADOR SARDINERO,1,,Route_186
4,24004IFA_0401,24004IFA_0401_12,BARRIO PESQUERO,0,,Route_185
4,24004IFA_0401,24004IFA_0401_13,INTERCAMBIADOR SARDINERO,1,,Route_186
4,24004IFA_0401,24004IFA_0401_14,BARRIO PESQUERO,0,,Route_185
4,24004IFA_0401,24004IFA_0401_15,INTERCAMBIADOR SARDINERO,1,,Route_186
4,24004IFA_0402,24004IFA_0402_2,INTERCAMBIADOR SARDINERO,1,,Route_186
4,24004IFA_0402,24004IFA_0402_3,BARRIO PESQUERO,0,,Route_185
4,24004IFA_0402,24004IFA_0402_4,INTERCAMBIADOR SARDINERO,1,,Route_186
4,24004IFA_0402,24004IFA_0402_5,BARRIO PESQUERO,0,,Route_185
4,24004IFA_0402,24004IFA_0402_6,INTERCAMBIADOR SARDINERO,1,,Route_186
4,24004IFA_0402,24004IFA_0402_7,BARRIO PESQUERO,0,,Route_185
4,24004IFA_0402,24004IFA_0402_8,INTERCAMBIADOR SARDINERO,1,,Route_186
4,24004IFA_0402,24004IFA_0402_9,BARRIO PESQUERO,0,,Route_185
4,24004IFA_0402,24004IFA_0402_10,INTERCAMBIADOR SARDINERO,1,,Route_186
4,24004IFA_0402,24004IFA_0402_11,BARRIO PESQUERO,0,,Route_185
4,24004IFA_0402,24004IFA_0402_12,INTERCAMBIADOR SARDINERO,1,,Route_186
4,24004IFA_0403,24004IFA_0403_2,BARRIO PESQUERO,0,,Route_187
4,24004IFA_0403,24004IFA_0403_3,INTERCAMBIADOR SARDINERO,1,,Route_186
4,24004IFA_0403,24004IFA_0403_4,BARRIO PESQUERO,0,,Route_185
4,24004IFA_0403,24004IFA_0403_5,INTERCAMBIADOR SARDINERO,1,,Route_186
4,24004IFA_0403,24004IFA_0403_6,BARRIO PESQUERO,0,,Route_185
4,24004IFA_0403,24004IFA_0403_7,INTERCAMBIADOR SARDINERO,1,,Route_186
4,24004IFA_0403,24004IFA_0403_8,BARRIO PESQUERO,0,,Route_185
4,24004IFA_0403,24004IFA_0403_9,INTERCAMBIADOR SARDINERO,1,,Route_186
4,24004IFA_0403,24004IFA_0403_10,BARRIO PESQUERO,0,,Route_185
4,24004IFA_0403,24004IFA_0403_11,INTERCAMBIADOR SARDINERO,1,,Route_186
4,24004IFA_0403,24004IFA_0403_12,BARRIO PESQUERO,0,,Route_185
4,24004IFA_0403,24004IFA_0403_13,INTERCAMBIADOR SARDINERO,1,,Route_186
4,24004IFA_0403,24004IFA_0403_14,BARRIO PESQUERO,0,,Route_185
4,24004IFA_0411,24004IFA_0411_2,BARRIO PESQUERO,0,,Route_185
4,24004IFA_0411,24004IFA_0411_3,INTERCAMBIADOR SARDINERO,1,,Route_186
4,24004IFA_0411,24004IFA_0411_4,BARRIO PESQUERO,0,,Route_185
4,24004IFA_0411,24004IFA_0411_5,INTERCAMBIADOR SARDINERO,1,,Route_186
4,24004IFA_0411,24004IFA_0411_6,BARRIO PESQUERO,0,,Route_185
4,24004IFA_0411,24004IFA_0411_7,INTERCAMBIADOR SARDINERO,1,,Route_186
4,24004IFA_0411,24004IFA_0411_8,BARRIO PESQUERO,0,,Route_185
4,24004IFA_0411,24004IFA_0411_9,INTERCAMBIADOR SARDINERO,1,,Route_186
4,24004IFA_0411,24004IFA_0411_10,BARRIO PESQUERO,0,,Route_185
4,24004IFA_0411,24004IFA_0411_11,INTERCAMBIADOR SARDINERO,1,,Route_186
4,24004IFA_0411,24004IFA_0411_12,BARRIO PESQUERO,0,,Route_185
4,24004IFA_0411,24004IFA_0411_13,INTERCAMBIADOR SARDINERO,1,,Route_186
4,24004IFA_0411,24004IFA_0411_14,BARRIO PESQUERO,0,,Route_185
4,24004IFA_0412,24004IFA_0412_2,INTERCAMBIADOR SARDINERO,1,,Route_186
4,24004IFA_0412,24004IFA_0412_3,BARRIO PESQUERO,0,,Route_185
4,24004IFA_0412,24004IFA_0412_4,INTERCAMBIADOR SARDINERO,1,,Route_186
4,24004IFA_0412,24004IFA_0412_5,BARRIO PESQUERO,0,,Route_185
4,24004IFA_0412,24004IFA_0412_6,INTERCAMBIADOR SARDINERO,1,,Route_186
4,24004IFA_0412,24004IFA_0412_7,BARRIO PESQUERO,0,,Route_185
4,24004IFA_0412,24004IFA_0412_8,INTERCAMBIADOR SARDINERO,1,,Route_186
4,24004IFA_0412,24004IFA_0412_9,BARRIO PESQUERO,0,,Route_185
4,24004IFA_0412,24004IFA_0412_10,INTERCAMBIADOR SARDINERO,1,,Route_186
4,24004IFA_0412,24004IFA_0412_11,BARRIO PESQUERO,0,,Route_185
4,24004IFA_0412,24004IFA_0412_12,INTERCAMBIADOR SARDINERO,1,,Route_186
4,24004IFA_0412,24004IFA_0412_13,BARRIO PESQUERO,0,,Route_185
4,24004IFA_0412,24004IFA_0412_14,INTERCAMBIADOR SARDINERO,1,,Route_186
4,24004IFA_0412,24004IFA_0412_15,BARRIO PESQUERO,0,,Route_185
4,24004IFA_0413,24004IFA_0413_2,INTERCAMBIADOR SARDINERO,1,,Route_186
4,24004IFA_0413,24004IFA_0413_3,BARRIO PESQUERO,0,,Route_185
4,24004IFA_0413,24004IFA_0413_4,INTERCAMBIADOR SARDINERO,1,,Route_186
4,24004IFA_0413,24004IFA_0413_5,BARRIO PESQUERO,0,,Route_185
4,24004IFA_0413,24004IFA_0413_6,INTERCAMBIADOR SARDINERO,1,,Route_186
4,24004IFA_0413,24004IFA_0413_7,BARRIO PESQUERO,0,,Route_185
4,24004IFA_0413,24004IFA_0413_8,INTERCAMBIADOR SARDINERO,1,,Route_186
4,24004IFA_0413,24004IFA_0413_9,BARRIO PESQUERO,0,,Route_185
4,24004IFA_0413,24004IFA_0413_10,INTERCAMBIADOR SARDINERO,1,,Route_186
4,24004IFA_0413,24004IFA_0413_11,BARRIO PESQUERO,0,,Route_185
4,24004IFA_0413,24004IFA_0413_12,INTERCAMBIADOR SARDINERO,1,,Route_186
4,24004IFA_0413,24004IFA_0413_13,BARRIO PESQUERO,0,,Route_185
4,24004IFA_0413,24004IFA_0413_14,INTERCAMBIADOR SARDINERO,1,,Route_186
100,24100IFA_10001,24100IFA_10001_2,INTERCAMBIADOR SARDINERO,0,,Route_394
100,24100IFA_10001,24100IFA_10001_3,INT. AVDA. VALDECILLA,1,,Route_174
100,24100IFA_10001,24100IFA_10001_4,INTERCAMBIADOR SARDINERO,0,,Route_394
100,24100IFA_10001,24100IFA_10001_5,INT. AVDA. VALDECILLA,1,,Route_174
100,24100IFA_10001,24100IFA_10001_6,INTERCAMBIADOR SARDINERO,0,,Route_394
100,24100IFA_10001,24100IFA_10001_7,INT. AVDA. VALDECILLA,1,,Route_174
100,24100IFA_10001,24100IFA_10001_8,INTERCAMBIADOR SARDINERO,0,,Route_394
100,24100IFA_10001,24100IFA_10001_9,INT. AVDA. VALDECILLA,1,,Route_174
100,24100IFA_10001,24100IFA_10001_10,INTERCAMBIADOR SARDINERO,0,,Route_394
100,24100IFA_10001,24100IFA_10001_11,INT. AVDA. VALDECILLA,1,,Route_174
100,24100IFA_10001,24100IFA_10001_12,INTERCAMBIADOR SARDINERO,0,,Route_394
100,24100IFA_10001,24100IFA_10001_13,INT. AVDA. VALDECILLA,1,,Route_174
100,24100IFA_10001,24100IFA_10001_14,INTERCAMBIADOR SARDINERO,0,,Route_394
100,24100IFA_10001,24100IFA_10001_15,INT. AVDA. VALDECILLA,1,,Route_174
100,24100IFA_10001,24100IFA_10001_16,INTERCAMBIADOR SARDINERO,0,,Route_394
100,24100IFA_10001,24100IFA_10001_17,INT. AVDA. VALDECILLA,1,,Route_174
100,24100IFA_10001,24100IFA_10001_18,INTERCAMBIADOR SARDINERO,0,,Route_394
100,24100IFA_10001,24100IFA_10001_19,INT. AVDA. VALDECILLA,1,,Route_174
100,24100IFA_10002,24100IFA_10002_2,INTERCAMBIADOR SARDINERO,0,,Route_394
100,24100IFA_10002,24100IFA_10002_3,INT. AVDA. VALDECILLA,1,,Route_174
100,24100IFA_10002,24100IFA_10002_4,INTERCAMBIADOR SARDINERO,0,,Route_394
100,24100IFA_10002,24100IFA_10002_5,INT. AVDA. VALDECILLA,1,,Route_174
100,24100IFA_10002,24100IFA_10002_6,INTERCAMBIADOR SARDINERO,0,,Route_394
100,24100IFA_10002,24100IFA_10002_7,INT. AVDA. VALDECILLA,1,,Route_174
100,24100IFA_10002,24100IFA_10002_8,INTERCAMBIADOR SARDINERO,0,,Route_394
100,24100IFA_10002,24100IFA_10002_9,INT. AVDA. VALDECILLA,1,,Route_174
100,24100IFA_10002,24100IFA_10002_10,INTERCAMBIADOR SARDINERO,0,,Route_394
100,24100IFA_10002,24100IFA_10002_11,INT. AVDA. VALDECILLA,1,,Route_174
100,24100IFA_10002,24100IFA_10002_12,INTERCAMBIADOR SARDINERO,0,,Route_394
100,24100IFA_10002,24100IFA_10002_13,INT. AVDA. VALDECILLA,1,,Route_174
100,24100IFA_10002,24100IFA_10002_14,INTERCAMBIADOR SARDINERO,0,,Route_394
100,24100IFA_10002,24100IFA_10002_15,INT. AVDA. VALDECILLA,1,,Route_174
100,24100IFA_10002,24100IFA_10002_16,INTERCAMBIADOR SARDINERO,0,,Route_394
100,24100IFA_10002,24100IFA_10002_17,INT. AVDA. VALDECILLA,1,,Route_174
100,24100IFA_10002,24100IFA_10002_18,INTERCAMBIADOR SARDINERO,0,,Route_394
100,24100IFA_10002,24100IFA_10002_19,INT. AVDA. VALDECILLA,1,,Route_174
100,24100IFA_10003,24100IFA_10003_2,INT. AVDA. VALDECILLA,1,,Route_174
100,24100IFA_10003,24100IFA_10003_3,INTERCAMBIADOR SARDINERO,0,,Route_394
100,24100IFA_10003,24100IFA_10003_4,INT. AVDA. VALDECILLA,1,,Route_174
100,24100IFA_10003,24100IFA_10003_5,INTERCAMBIADOR SARDINERO,0,,Route_394
100,24100IFA_10003,24100IFA_10003_6,INT. AVDA. VALDECILLA,1,,Route_174
100,24100IFA_10003,24100IFA_10003_7,INTERCAMBIADOR SARDINERO,0,,Route_394
100,24100IFA_10003,24100IFA_10003_8,INT. AVDA. VALDECILLA,1,,Route_174
100,24100IFA_10003,24100IFA_10003_9,INTERCAMBIADOR SARDINERO,0,,Route_394
100,24100IFA_10003,24100IFA_10003_10,INT. AVDA. VALDECILLA,1,,Route_174
100,24100IFA_10003,24100IFA_10003_11,INTERCAMBIADOR SARDINERO,0,,Route_394
100,24100IFA_10003,24100IFA_10003_12,INT. AVDA. VALDECILLA,1,,Route_174
100,24100IFA_10003,24100IFA_10003_13,INTERCAMBIADOR SARDINERO,0,,Route_394
100,24100IFA_10003,24100IFA_10003_14,INT. AVDA. VALDECILLA,1,,Route_174
100,24100IFA_10003,24100IFA_10003_15,INTERCAMBIADOR SARDINERO,0,,Route_394
100,24100IFA_10003,24100IFA_10003_16,INT. AVDA. VALDECILLA,1,,Route_174
100,24100IFA_10003,24100IFA_10003_17,INTERCAMBIADOR SARDINERO,0,,Route_394
100,24100IFA_10003,24100IFA_10003_18,INT. AVDA. VALDECILLA,1,,Route_174
100,24100IFA_10003,24100IFA_10003_19,INTERCAMBIADOR SARDINERO,0,,Route_394
100,24100IFA_10003,24100IFA_10003_20,INT. AVDA. VALDECILLA,1,,Route_174
100,24100IFA_10011,24100IFA_10011_3,INTERCAMBIADOR SARDINERO,0,,Route_394
100,24100IFA_10011,24100IFA_10011_4,INT. AVDA. VALDECILLA,1,,Route_174
100,24100IFA_10011,24100IFA_10011_5,INTERCAMBIADOR SARDINERO,0,,Route_394
100,24100IFA_10011,24100IFA_10011_6,INT. AVDA. VALDECILLA,1,,Route_174
100,24100IFA_10011,24100IFA_10011_7,INTERCAMBIADOR SARDINERO,0,,Route_394
100,24100IFA_10011,24100IFA_10011_8,INT. AVDA. VALDECILLA,1,,Route_174
100,24100IFA_10011,24100IFA_10011_9,INTERCAMBIADOR SARDINERO,0,,Route_394
100,24100IFA_10011,24100IFA_10011_10,INT. AVDA. VALDECILLA,1,,Route_174
100,24100IFA_10011,24100IFA_10011_11,INTERCAMBIADOR SARDINERO,0,,Route_394
100,24100IFA_10011,24100IFA_10011_12,INT. AVDA. VALDECILLA,1,,Route_174
100,24100IFA_10011,24100IFA_10011_13,INTERCAMBIADOR SARDINERO,0,,Route_394
100,24100IFA_10011,24100IFA_10011_14,INT. AVDA. VALDECILLA,1,,Route_174
100,24100IFA_10011,24100IFA_10011_15,INTERCAMBIADOR SARDINERO,0,,Route_394
100,24100IFA_10011,24100IFA_10011_16,INT. AVDA. VALDECILLA,1,,Route_174
100,24100IFA_10011,24100IFA_10011_17,INTERCAMBIADOR SARDINERO,0,,Route_394
100,24100IFA_10011,24100IFA_10011_18,INT. AVDA. VALDECILLA,1,,Route_174
100,24100IFA_10011,24100IFA_10011_19,INTERCAMBIADOR SARDINERO,0,,Route_394
100,24100IFA_10011,24100IFA_10011_20,INT. AVDA. VALDECILLA,1,,Route_174
100,24100IFA_10011,24100IFA_10011_21,INTERCAMBIADOR SARDINERO,0,,Route_394
100,24100IFA_10011,24100IFA_10011_22,INT. AVDA. VALDECILLA,1,,Route_174
100,24100IFA_10012,24100IFA_10012_3,INTERCAMBIADOR SARDINERO,0,,Route_394
100,24100IFA_10012,24100IFA_10012_4,INT. AVDA. VALDECILLA,1,,Route_174
100,24100IFA_10012,24100IFA_10012_5,INTERCAMBIADOR SARDINERO,0,,Route_394
100,24100IFA_10012,24100IFA_10012_6,INT. AVDA. VALDECILLA,1,,Route_174
100,24100IFA_10012,24100IFA_10012_7,INTERCAMBIADOR SARDINERO,0,,Route_394
100,24100IFA_10012,24100IFA_10012_8,INT. AVDA. VALDECILLA,1,,Route_174
100,24100IFA_10012,24100IFA_10012_9,INTERCAMBIADOR SARDINERO,0,,Route_394
100,24100IFA_10012,24100IFA_10012_10,INT. AVDA. VALDECILLA,1,,Route_174
100,24100IFA_10012,24100IFA_10012_11,INTERCAMBIADOR SARDINERO,0,,Route_394
100,24100IFA_10012,24100IFA_10012_12,INT. AVDA. VALDECILLA,1,,Route_174
100,24100IFA_10012,24100IFA_10012_13,INTERCAMBIADOR SARDINERO,0,,Route_394
100,24100IFA_10012,24100IFA_10012_14,INT. AVDA. VALDECILLA,1,,Route_174
100,24100IFA_10012,24100IFA_10012_15,INTERCAMBIADOR SARDINERO,0,,Route_394
100,24100IFA_10012,24100IFA_10012_16,INT. AVDA. VALDECILLA,1,,Route_174
100,24100IFA_10012,24100IFA_10012_17,INTERCAMBIADOR SARDINERO,0,,Route_394
100,24100IFA_10012,24100IFA_10012_18,INT. AVDA. VALDECILLA,1,,Route_174
100,24100IFA_10012,24100IFA_10012_19,INTERCAMBIADOR SARDINERO,0,,Route_394
100,24100IFA_10012,24100IFA_10012_20,INT. AVDA. VALDECILLA,1,,Route_174
100,24100IFA_10012,24100IFA_10012_21,INTERCAMBIADOR SARDINERO,0,,Route_394
100,24100IFA_10012,24100IFA_10012_22,INT. AVDA. VALDECILLA,1,,Route_174
100,24100IFA_10013,24100IFA_10013_3,INTERCAMBIADOR SARDINERO,0,,Route_394
100,24100IFA_10013,24100IFA_10013_4,INT. AVDA. VALDECILLA,1,,Route_174
100,24100IFA_10013,24100IFA_10013_5,INTERCAMBIADOR SARDINERO,0,,Route_394
100,24100IFA_10013,24100IFA_10013_6,INT. AVDA. VALDECILLA,1,,Route_174
100,24100IFA_10013,24100IFA_10013_7,INTERCAMBIADOR SARDINERO,0,,Route_394
100,24100IFA_10013,24100IFA_10013_8,INT. AVDA. VALDECILLA,1,,Route_174
100,24100IFA_10013,24100IFA_10013_9,INTERCAMBIADOR SARDINERO,0,,Route_394
100,24100IFA_10013,24100IFA_10013_10,INT. AVDA. VALDECILLA,1,,Route_174
100,24100IFA_10013,24100IFA_10013_11,INTERCAMBIADOR SARDINERO,0,,Route_394
100,24100IFA_10013,24100IFA_10013_12,INT. AVDA. VALDECILLA,1,,Route_174
100,24100IFA_10013,24100IFA_10013_13,INTERCAMBIADOR SARDINERO,0,,Route_394
100,24100IFA_10013,24100IFA_10013_14,INT. AVDA. VALDECILLA,1,,Route_174
100,24100IFA_10013,24100IFA_10013_15,INTERCAMBIADOR SARDINERO,0,,Route_394
100,24100IFA_10013,24100IFA_10013_16,INT. AVDA. VALDECILLA,1,,Route_174
100,24100IFA_10013,24100IFA_10013_17,INTERCAMBIADOR SARDINERO,0,,Route_394
100,24100IFA_10013,24100IFA_10013_18,INT. AVDA. VALDECILLA,1,,Route_174
100,24100IFA_10013,24100IFA_10013_19,INTERCAMBIADOR SARDINERO,0,,Route_394
100,24100IFA_10013,24100IFA_10013_20,INT. AVDA. VALDECILLA,1,,Route_174
4,24100IFA_10013,24100IFA_10013_21,INTERCAMBIADOR SARDINERO,1,,Route_186
2,24011IFA_1101,24011IFA_1101_2,CONSUELO BERGES,0,,Route_382
11,24011IFA_1101,24011IFA_1101_3,AVDA. VALDECILLA,1,,Route_387
11,24011IFA_1101,24011IFA_1101_4,PLAZA ITALIA,0,,Route_386
11,24011IFA_1101,24011IFA_1101_5,AVDA. VALDECILLA,1,,Route_387
11,24011IFA_1101,24011IFA_1101_6,PLAZA ITALIA,0,,Route_386
11,24011IFA_1101,24011IFA_1101_7,AVDA. VALDECILLA,1,,Route_387
11,24011IFA_1101,24011IFA_1101_8,PLAZA ITALIA,0,,Route_386
11,24011IFA_1101,24011IFA_1101_9,AVDA. VALDECILLA,1,,Route_387
11,24011IFA_1101,24011IFA_1101_10,PLAZA ITALIA,0,,Route_386
11,24011IFA_1101,24011IFA_1101_11,AVDA. VALDECILLA,1,,Route_387
11,24011IFA_1101,24011IFA_1101_12,PLAZA ITALIA,0,,Route_386
11,24011IFA_1101,24011IFA_1101_13,AVDA. VALDECILLA,1,,Route_387
11,24011IFA_1101,24011IFA_1101_14,PLAZA ITALIA,0,,Route_386
11,24011IFA_1101,24011IFA_1101_15,AVDA. VALDECILLA,1,,Route_387
11,24011IFA_1101,24011IFA_1101_16,PLAZA ITALIA,0,,Route_386
11,24011IFA_1101,24011IFA_1101_17,AVDA. VALDECILLA,1,,Route_387
11,24011IFA_1101,24011IFA_1101_18,PLAZA ITALIA,0,,Route_386
11,24011IFA_1101,24011IFA_1101_19,AVDA. VALDECILLA,1,,Route_387
11,24011IFA_1101,24011IFA_1101_20,PLAZA ITALIA,0,,Route_386
11,24011IFA_1101,24011IFA_1101_21,AVDA. VALDECILLA,1,,Route_387
11,24011IFA_1101,24011IFA_1101_22,PLAZA ITALIA,0,,Route_386
11,24011IFA_1101,24011IFA_1101_23,AVDA. VALDECILLA,1,,Route_387
11,24011IFA_1101,24011IFA_1101_24,PLAZA ITALIA,0,,Route_386
11,24011IFA_1101,24011IFA_1101_25,AVDA. VALDECILLA,1,,Route_387
11,24011IFA_1101,24011IFA_1101_26,PLAZA ITALIA,0,,Route_386
11,24011IFA_1101,24011IFA_1101_27,AVDA. VALDECILLA,1,,Route_387
11,24011IFA_1101,24011IFA_1101_28,PLAZA ITALIA,0,,Route_386
11,24011IFA_1101,24011IFA_1101_29,AVDA. VALDECILLA,1,,Route_387
12,24011IFA_1101,24011IFA_1101_30,CARREFOUR,0,,Route_388
12,24012IFA_1201,24012IFA_1201_2,CARREFOUR,0,,Route_388
12,24012IFA_1201,24012IFA_1201_3,CARREFOUR,0,,Route_388
12,24012IFA_1201,24012IFA_1201_4,CARREFOUR,0,,Route_388
12,24012IFA_1201,24012IFA_1201_5,CARREFOUR,0,,Route_388
12,24012IFA_1201,24012IFA_1201_6,CARREFOUR,0,,Route_388
12,24012IFA_1201,24012IFA_1201_7,CARREFOUR,0,,Route_388
12,24012IFA_1201,24012IFA_1201_8,CARREFOUR,0,,Route_388
12,24012IFA_1201,24012IFA_1201_9,CARREFOUR,0,,Route_388
12,24012IFA_1201,24012IFA_1201_10,CARREFOUR,0,,Route_388
12,24012IFA_1201,24012IFA_1201_11,CARREFOUR,0,,Route_388
12,24012IFA_1202,24012IFA_1202_2,CARREFOUR,0,,Route_388
12,24012IFA_1202,24012IFA_1202_3,CARREFOUR,0,,Route_388
12,24012IFA_1202,24012IFA_1202_4,CARREFOUR,0,,Route_388
12,24012IFA_1202,24012IFA_1202_5,CARREFOUR,0,,Route_388
12,24012IFA_1203,24012IFA_1203_2,CARREFOUR,0,,Route_388
12,24012IFA_1203,24012IFA_1203_3,CARREFOUR,0,,Route_388
12,24012IFA_1203,24012IFA_1203_4,CARREFOUR,0,,Route_388
12,24012IFA_1203,24012IFA_1203_5,CARREFOUR,0,,Route_388
12,24012IFA_1203,24012IFA_1203_6,CARREFOUR,0,,Route_388
12,24012IFA_1203,24012IFA_1203_7,CARREFOUR,0,,Route_388
12,24012IFA_1203,24012IFA_1203_8,CARREFOUR,0,,Route_388
12,24012IFA_1203,24012IFA_1203_9,CARREFOUR,0,,Route_388
12,24012IFA_1203,24012IFA_1203_10,CARREFOUR,0,,Route_388
1,24012IFA_1203,24012IFA_1203_11,ADARZO,1,,Route_374
12,24012IFA_1212,24012IFA_1212_2,CARREFOUR,0,,Route_388
12,24012IFA_1212,24012IFA_1212_3,CARREFOUR,0,,Route_388
12,24012IFA_1212,24012IFA_1212_4,CARREFOUR,0,,Route_388
12,24012IFA_1212,24012IFA_1212_5,CARREFOUR,0,,Route_388
12,24012IFA_1212,24012IFA_1212_6,CARREFOUR,0,,Route_388
13,24013IFA_1301,24013IFA_1301_2,LLUJA,1,,Route_36
13,24013IFA_1301,24013IFA_1301_3,CUETO por el SARDINERO,0,,Route_375
13,24013IFA_1301,24013IFA_1301_4,LLUJA,1,,Route_36
13,24013IFA_1301,24013IFA_1301_5,CUETO por el SARDINERO,0,,Route_375
13,24013IFA_1301,24013IFA_1301_6,LLUJA,1,,Route_36
13,24013IFA_1301,24013IFA_1301_7,CUETO por el SARDINERO,0,,Route_375
13,24013IFA_1301,24013IFA_1301_8,LLUJA,1,,Route_36
13,24013IFA_1302,24013IFA_1302_2,LLUJA,1,,Route_36
13,24013IFA_1302,24013IFA_1302_3,CUETO por el SARDINERO,0,,Route_375
13,24013IFA_1302,24013IFA_1302_4,LLUJA,1,,Route_36
13,24013IFA_1302,24013IFA_1302_5,CUETO por el SARDINERO,0,,Route_375
13,24013IFA_1302,24013IFA_1302_6,LLUJA,1,,Route_36
13,24013IFA_1302,24013IFA_1302_7,CUETO por el SARDINERO,0,,Route_375
13,24013IFA_1302,24013IFA_1302_8,LLUJA,1,,Route_36
13,24013IFA_1302,24013IFA_1302_9,CUETO por el SARDINERO,0,,Route_375
13,24013IFA_1311,24013IFA_1311_2,CUETO por el SARDINERO,0,,Route_375
13,24013IFA_1311,24013IFA_1311_3,LLUJA,1,,Route_36
13,24013IFA_1311,24013IFA_1311_4,CUETO por el SARDINERO,0,,Route_375
13,24013IFA_1311,24013IFA_1311_5,LLUJA,1,,Route_36
13,24013IFA_1311,24013IFA_1311_6,CUETO por el SARDINERO,0,,Route_375
13,24013IFA_1311,24013IFA_1311_7,LLUJA,1,,Route_36
13,24013IFA_1311,24013IFA_1311_8,CUETO por el SARDINERO,0,,Route_375
13,24013IFA_1311,24013IFA_1311_9,LLUJA,1,,Route_36
13,24013IFA_1312,24013IFA_1312_2,LLUJA,1,,Route_36
13,24013IFA_1312,24013IFA_1312_3,CUETO por el SARDINERO,0,,Route_375
13,24013IFA_1312,24013IFA_1312_4,LLUJA,1,,Route_36
13,24013IFA_1312,24013IFA_1312_5,CUETO por el SARDINERO,0,,Route_375
13,24013IFA_1312,24013IFA_1312_6,LLUJA,1,,Route_36
13,24013IFA_1312,24013IFA_1312_7,CUETO por el SARDINERO,0,,Route_375
13,24013IFA_1312,24013IFA_1312_8,LLUJA,1,,Route_36
13,24013IFA_1312,24013IFA_1312_9,CUETO por el SARDINERO,0,,Route_375
14,24014IFA_1401,24014IFA_1401_2,ESTACIONES,0,,Route_105
14,24014IFA_1401,24014IFA_1401_3,ESTACIONES,0,,Route_105
14,24014IFA_1401,24014IFA_1401_4,ESTACIONES,0,,Route_105
14,24014IFA_1401,24014IFA_1401_5,ESTACIONES,0,,Route_105
14,24014IFA_1401,24014IFA_1401_6,ESTACIONES,0,,Route_105
14,24014IFA_1401,24014IFA_1401_7,ESTACIONES,0,,Route_105
14,24014IFA_1401,24014IFA_1401_8,ESTACIONES,0,,Route_105
14,24014IFA_1401,24014IFA_1401_9,ESTACIONES,0,,Route_105
14,24014IFA_1401,24014IFA_1401_10,ESTACIONES,0,,Route_105
14,24014IFA_1401,24014IFA_1401_11,ESTACIONES,0,,Route_105
14,24014IFA_1401,24014IFA_1401_12,ESTACIONES,0,,Route_105
14,24014IFA_1401,24014IFA_1401_13,ESTACIONES,0,,Route_105
14,24014IFA_1401,24014IFA_1401_14,ESTACIONES,0,,Route_105
14,24014IFA_1401,24014IFA_1401_15,ESTACIONES,0,,Route_105
14,24014IFA_1401,24014IFA_1401_16,ESTACIONES,0,,Route_105
14,24014IFA_1401,24014IFA_1401_17,ESTACIONES,0,,Route_105
14,24014IFA_1401,24014IFA_1401_18,ESTACIONES,0,,Route_105
14,24014IFA_1401,24014IFA_1401_19,ESTACIONES,0,,Route_105
14,24014IFA_1401,24014IFA_1401_20,ESTACIONES,0,,Route_105
16,24016IFA_1601,24016IFA_1601_2,PLAZA REMEDIOS,0,,Route_213
16,24016IFA_1601,24016IFA_1601_3,PLAZA REMEDIOS,0,,Route_213
16,24016IFA_1601,24016IFA_1601_4,PLAZA REMEDIOS,0,,Route_213
16,24016IFA_1601,24016IFA_1601_5,PLAZA REMEDIOS,0,,Route_213
16,24016IFA_1601,24016IFA_1601_6,PLAZA REMEDIOS,0,,Route_213
16,24016IFA_1601,24016IFA_1601_7,PLAZA REMEDIOS,0,,Route_213
16,24016IFA_1601,24016IFA_1601_8,PLAZA REMEDIOS,0,,Route_213
16,24016IFA_1601,24016IFA_1601_9,PLAZA REMEDIOS,0,,Route_213
16,24016IFA_1601,24016IFA_1601_10,PLAZA REMEDIOS,0,,Route_213
16,24016IFA_1601,24016IFA_1601_11,PLAZA REMEDIOS,0,,Route_213
16,24016IFA_1601,24016IFA_1601_12,PLAZA REMEDIOS,0,,Route_213
16,24016IFA_1601,24016IFA_1601_13,PLAZA REMEDIOS,0,,Route_213
16,24016IFA_1611,24016IFA_1611_2,PLAZA REMEDIOS,0,,Route_213
16,24016IFA_1611,24016IFA_1611_3,PLAZA REMEDIOS,0,,Route_213
16,24016IFA_1611,24016IFA_1611_4,PLAZA REMEDIOS,0,,Route_213
16,24016IFA_1611,24016IFA_1611_5,PLAZA REMEDIOS,0,,Route_213
16,24016IFA_1611,24016IFA_1611_6,PLAZA REMEDIOS,0,,Route_213
16,24016IFA_1611,24016IFA_1611_7,PLAZA REMEDIOS,0,,Route_213
16,24016IFA_1611,24016IFA_1611_8,PLAZA REMEDIOS,0,,Route_213
16,24016IFA_1611,24016IFA_1611_9,PLAZA REMEDIOS,0,,Route_213
16,24016IFA_1611,24016IFA_1611_10,PLAZA REMEDIOS,0,,Route_213
16,24016IFA_1611,24016IFA_1611_11,PLAZA REMEDIOS,0,,Route_213
16,24016IFA_1611,24016IFA_1611_12,PLAZA REMEDIOS,0,,Route_213
16,24016IFA_1611,24016IFA_1611_13,PLAZA REMEDIOS,0,,Route_213
16,24016IFA_1611,24016IFA_1611_14,PLAZA REMEDIOS,0,,Route_213
16,24016IFA_1611,24016IFA_1611_15,PLAZA REMEDIOS,0,,Route_213
17,24017IFA_1702,24017IFA_1702_2,CIRIEGO por Bº La Torre,0,,Route_45
17,24017IFA_1702,24017IFA_1702_3,ESTACIONES por Bº La Torre,1,,Route_46
17,24017IFA_1702,24017IFA_1702_4,CIRIEGO por Bº La Torre,0,,Route_45
17,24017IFA_1702,24017IFA_1702_5,ESTACIONES por Bº La Torre,1,,Route_46
17,24017IFA_1702,24017IFA_1702_6,CIRIEGO por Bº La Torre,0,,Route_45
17,24017IFA_1702,24017IFA_1702_7,ESTACIONES por Bº La Torre,1,,Route_46
17,24017IFA_1712,24017IFA_1712_2,CIRIEGO por Bº La Torre,0,,Route_45
17,24017IFA_1712,24017IFA_1712_3,ESTACIONES por Bº La Torre,1,,Route_46
17,24017IFA_1712,24017IFA_1712_4,CIRIEGO por Bº La Torre,0,,Route_45
17,24017IFA_1712,24017IFA_1712_5,ESTACIONES por Bº La Torre,1,,Route_46
17,24017IFA_1712,24017IFA_1712_6,CIRIEGO por Bº La Torre,0,,Route_45
17,24017IFA_1712,24017IFA_1712_7,ESTACIONES por Bº La Torre,1,,Route_46
17,24017IFA_1712,24017IFA_1712_8,CIRIEGO por Bº La Torre,0,,Route_45
17,24017IFA_1712,24017IFA_1712_9,ESTACIONES por Bº La Torre,1,,Route_46
17,24017IFA_1712,24017IFA_1712_10,CIRIEGO por Bº La Torre,0,,Route_45
17,24017IFA_1712,24017IFA_1712_11,ESTACIONES por Bº La Torre,1,,Route_46
17,24017IFA_1712,24017IFA_1712_12,CIRIEGO por Bº La Torre,0,,Route_45
17,24017IFA_1712,24017IFA_1712_13,ESTACIONES por Bº La Torre,1,,Route_46
17,24017IFA_1712,24017IFA_1712_14,CIRIEGO por Bº La Torre,0,,Route_45
17,24017IFA_1712,24017IFA_1712_15,ESTACIONES por Bº La Torre,1,,Route_46
17,24017IFA_1712,24017IFA_1712_16,CIRIEGO por Bº La Torre,0,,Route_45
18,24018IFA_1801,24018IFA_1801_2,PUERTOCHICO,1,,Route_53
18,24018IFA_1801,24018IFA_1801_3,MONTE por Corbanera,0,,Route_51
18,24018IFA_1801,24018IFA_1801_4,PUERTOCHICO,1,,Route_53
18,24018IFA_1801,24018IFA_1801_5,MONTE por Corbanera,0,,Route_51
18,24018IFA_1801,24018IFA_1801_6,PUERTOCHICO,1,,Route_53
18,24018IFA_1801,24018IFA_1801_7,MONTE por Corbanera,0,,Route_51
18,24018IFA_1801,24018IFA_1801_8,PUERTOCHICO,1,,Route_53
18,24018IFA_1801,24018IFA_1801_9,MONTE por Corbanera,0,,Route_51
18,24018IFA_1801,24018IFA_1801_10,PUERTOCHICO,1,,Route_53
18,24018IFA_1801,24018IFA_1801_11,MONTE por Corbanera,0,,Route_51
18,24018IFA_1801,24018IFA_1801_12,PUERTOCHICO,1,,Route_53
18,24018IFA_1801,24018IFA_1801_13,MONTE por Corbanera,0,,Route_51
18,24018IFA_1801,24018IFA_1801_14,PUERTOCHICO,1,,Route_53
18,24018IFA_1801,24018IFA_1801_15,MONTE por Corbanera,0,,Route_51
18,24018IFA_1801,24018IFA_1801_16,PUERTOCHICO,1,,Route_53
18,24018IFA_1801,24018IFA_1801_17,MONTE por Corbanera,0,,Route_51
18,24018IFA_1801,24018IFA_1801_18,PUERTOCHICO,1,,Route_53
18,24018IFA_1801,24018IFA_1801_19,MONTE por Corbanera,0,,Route_51
18,24018IFA_1801,24018IFA_1801_20,PUERTOCHICO,1,,Route_53
18,24018IFA_1801,24018IFA_1801_21,MONTE por Corbanera,0,,Route_51
18,24018IFA_1801,24018IFA_1801_22,PUERTOCHICO,1,,Route_53
18,24018IFA_1801,24018IFA_1801_23,MONTE por Corbanera,0,,Route_51
18,24018IFA_1801,24018IFA_1801_24,PUERTOCHICO,1,,Route_53
18,24018IFA_1801,24018IFA_1801_25,MONTE por Corbanera,0,,Route_51
18,24018IFA_1801,24018IFA_1801_26,PUERTOCHICO,1,,Route_53
18,24018IFA_1801,24018IFA_1801_27,MONTE por Corbanera,0,,Route_51
18,24018IFA_1801,24018IFA_1801_28,PUERTOCHICO,1,,Route_53
18,24018IFA_1801,24018IFA_1801_29,MONTE por Corbanera,0,,Route_51
18,24018IFA_1801,24018IFA_1801_30,PUERTOCHICO,1,,Route_53
241,24241IFA_24101,24241IFA_24101_2,PCTCAN POR REINA VICTORIA,0,,Route_362
241,24241IFA_24101,24241IFA_24101_3,PCTCAN POR REINA VICTORIA,0,,Route_362
241,24241IFA_24101,24241IFA_24101_4,PCTCAN POR REINA VICTORIA,0,,Route_362
241,24241IFA_24101,24241IFA_24101_5,PCTCAN POR REINA VICTORIA,0,,Route_362
241,24241IFA_24101,24241IFA_24101_6,PCTCAN POR REINA VICTORIA,0,,Route_362
241,24241IFA_24101,24241IFA_24101_7,PCTCAN POR REINA VICTORIA,0,,Route_362
241,24241IFA_24101,24241IFA_24101_8,PCTCAN POR REINA VICTORIA,0,,Route_362
241,24241IFA_24101,24241IFA_24101_9,PCTCAN POR REINA VICTORIA,0,,Route_362
241,24241IFA_24101,24241IFA_24101_10,PCTCAN POR REINA VICTORIA,0,,Route_362
241,24241IFA_24101,24241IFA_24101_11,PCTCAN POR REINA VICTORIA,0,,Route_362
241,24241IFA_24101,24241IFA_24101_12,PCTCAN POR REINA VICTORIA,0,,Route_362
241,24241IFA_24102,24241IFA_24102_2,PCTCAN POR REINA VICTORIA,0,,Route_362
241,24241IFA_24102,24241IFA_24102_3,PCTCAN POR REINA VICTORIA,0,,Route_362
241,24241IFA_24102,24241IFA_24102_4,PCTCAN POR REINA VICTORIA,0,,Route_362
241,24241IFA_24102,24241IFA_24102_5,PCTCAN POR REINA VICTORIA,0,,Route_362
241,24241IFA_24102,24241IFA_24102_6,PCTCAN POR REINA VICTORIA,0,,Route_362
241,24241IFA_24102,24241IFA_24102_7,PCTCAN POR REINA VICTORIA,0,,Route_362
241,24241IFA_24102,24241IFA_24102_8,PCTCAN POR REINA VICTORIA,0,,Route_362
241,24241IFA_24102,24241IFA_24102_9,PCTCAN POR REINA VICTORIA,0,,Route_362
241,24241IFA_24102,24241IFA_24102_10,PCTCAN POR REINA VICTORIA,0,,Route_362
241,24241IFA_24102,24241IFA_24102_11,PCTCAN POR REINA VICTORIA,0,,Route_362
241,24241IFA_24102,24241IFA_24102_12,PCTCAN POR REINA VICTORIA,0,,Route_362
241,24241IFA_24103,24241IFA_24103_2,PCTCAN POR REINA VICTORIA,0,,Route_362
241,24241IFA_24103,24241IFA_24103_3,PCTCAN POR REINA VICTORIA,0,,Route_362
241,24241IFA_24103,24241IFA_24103_4,PCTCAN POR REINA VICTORIA,0,,Route_362
241,24241IFA_24103,24241IFA_24103_5,PCTCAN POR REINA VICTORIA,0,,Route_362
241,24241IFA_24103,24241IFA_24103_6,PCTCAN POR REINA VICTORIA,0,,Route_362
241,24241IFA_24103,24241IFA_24103_7,PCTCAN POR REINA VICTORIA,0,,Route_362
241,24241IFA_24103,24241IFA_24103_8,PCTCAN POR REINA VICTORIA,0,,Route_362
241,24241IFA_24103,24241IFA_24103_9,PCTCAN POR REINA VICTORIA,0,,Route_362
241,24241IFA_24103,24241IFA_24103_10,PCTCAN POR REINA VICTORIA,0,,Route_362
241,24241IFA_24103,24241IFA_24103_11,PCTCAN POR REINA VICTORIA,0,,Route_362
241,24241IFA_24103,24241IFA_24103_12,PCTCAN POR REINA VICTORIA,0,,Route_362
242,24242IFA_24201,24242IFA_24201_2,PCTCAN POR REINA VICTORIA,0,,Route_390
242,24242IFA_24201,24242IFA_24201_3,PCTCAN POR REINA VICTORIA,0,,Route_390
242,24242IFA_24201,24242IFA_24201_4,PCTCAN POR REINA VICTORIA,0,,Route_390
242,24242IFA_24201,24242IFA_24201_5,PCTCAN POR REINA VICTORIA,0,,Route_390
242,24242IFA_24201,24242IFA_24201_6,PCTCAN POR REINA VICTORIA,0,,Route_390
242,24242IFA_24201,24242IFA_24201_7,PCTCAN POR REINA VICTORIA,0,,Route_390
242,24242IFA_24201,24242IFA_24201_8,PCTCAN POR REINA VICTORIA,0,,Route_390
242,24242IFA_24201,24242IFA_24201_9,PCTCAN POR REINA VICTORIA,0,,Route_390
242,24242IFA_24201,24242IFA_24201_10,PCTCAN POR REINA VICTORIA,0,,Route_390
242,24242IFA_24201,24242IFA_24201_11,PCTCAN POR REINA VICTORIA,0,,Route_390
242,24242IFA_24202,24242IFA_24202_2,PCTCAN POR REINA VICTORIA,0,,Route_390
242,24242IFA_24202,24242IFA_24202_3,PCTCAN POR REINA VICTORIA,0,,Route_390
242,24242IFA_24202,24242IFA_24202_4,PCTCAN POR REINA VICTORIA,0,,Route_390
242,24242IFA_24202,24242IFA_24202_5,PCTCAN POR REINA VICTORIA,0,,Route_390
242,24242IFA_24202,24242IFA_24202_6,PCTCAN POR REINA VICTORIA,0,,Route_390
242,24242IFA_24202,24242IFA_24202_7,PCTCAN POR REINA VICTORIA,0,,Route_390
242,24242IFA_24202,24242IFA_24202_8,PCTCAN POR REINA VICTORIA,0,,Route_390
242,24242IFA_24202,24242IFA_24202_9,PCTCAN POR REINA VICTORIA,0,,Route_390
242,24242IFA_24202,24242IFA_24202_10,PCTCAN POR REINA VICTORIA,0,,Route_390
242,24242IFA_24202,24242IFA_24202_11,PCTCAN POR REINA VICTORIA,0,,Route_390
242,24242IFA_24202,24242IFA_24202_12,PCTCAN POR REINA VICTORIA,0,,Route_390
242,24242IFA_24203,24242IFA_24203_2,PCTCAN POR REINA VICTORIA,0,,Route_390
242,24242IFA_24203,24242IFA_24203_3,PCTCAN POR REINA VICTORIA,0,,Route_390
242,24242IFA_24203,24242IFA_24203_4,PCTCAN POR REINA VICTORIA,0,,Route_390
242,24242IFA_24203,24242IFA_24203_5,PCTCAN POR REINA VICTORIA,0,,Route_390
242,24242IFA_24203,24242IFA_24203_6,PCTCAN POR REINA VICTORIA,0,,Route_390
242,24242IFA_24203,24242IFA_24203_7,PCTCAN POR REINA VICTORIA,0,,Route_390
242,24242IFA_24203,24242IFA_24203_8,PCTCAN POR REINA VICTORIA,0,,Route_390
242,24242IFA_24203,24242IFA_24203_9,PCTCAN POR REINA VICTORIA,0,,Route_390
242,24242IFA_24203,24242IFA_24203_10,PCTCAN POR REINA VICTORIA,0,,Route_390
242,24242IFA_24203,24242IFA_24203_11,PCTCAN POR REINA VICTORIA,0,,Route_390
242,24242IFA_24203,24242IFA_24203_12,PCTCAN POR REINA VICTORIA,0,,Route_390
51,24051IFA_5101,24051IFA_5101_2,MIRANDA,0,,Route_189
51,24051IFA_5101,24051IFA_5101_3,MIRANDA,0,,Route_189
51,24051IFA_5101,24051IFA_5101_4,MIRANDA,0,,Route_189
51,24051IFA_5101,24051IFA_5101_5,MIRANDA,0,,Route_189
51,24051IFA_5101,24051IFA_5101_6,MIRANDA,0,,Route_189
51,24051IFA_5101,24051IFA_5101_7,PLAZA ITALIA,0,,Route_348
51,24051IFA_5101,24051IFA_5101_8,PLAZA ITALIA,0,,Route_190
51,24051IFA_5101,24051IFA_5101_9,PLAZA ITALIA,0,,Route_190
51,24051IFA_5101,24051IFA_5101_10,PLAZA ITALIA,0,,Route_190
51,24051IFA_5101,24051IFA_5101_11,PLAZA ITALIA,0,,Route_190
51,24051IFA_5101,24051IFA_5101_12,PLAZA ITALIA,0,,Route_190
51,24051IFA_5101,24051IFA_5101_13,PLAZA ITALIA,0,,Route_190
51,24051IFA_5101,24051IFA_5101_14,PLAZA ITALIA,0,,Route_190
51,24051IFA_5101,24051IFA_5101_15,PLAZA ITALIA,0,,Route_190
51,24051IFA_5101,24051IFA_5101_16,PLAZA ITALIA,0,,Route_190
51,24051IFA_5101,24051IFA_5101_17,PLAZA ITALIA,0,,Route_190
51,24051IFA_5101,24051IFA_5101_18,PLAZA ITALIA,0,,Route_190
51,24051IFA_5101,24051IFA_5101_19,PLAZA ITALIA,0,,Route_190
51,24051IFA_5101,24051IFA_5101_20,PLAZA ITALIA,0,,Route_190
51,24051IFA_5101,24051IFA_5101_21,PLAZA ITALIA,0,,Route_190
51,24051IFA_5102,24051IFA_5102_2,MIRANDA,0,,Route_189
51,24051IFA_5102,24051IFA_5102_3,MIRANDA,0,,Route_189
51,24051IFA_5102,24051IFA_5102_4,MIRANDA,0,,Route_189
51,24051IFA_5102,24051IFA_5102_5,MIRANDA,0,,Route_189
51,24051IFA_5102,24051IFA_5102_6,MIRANDA,0,,Route_189
51,24051IFA_5102,24051IFA_5102_7,PLAZA ITALIA,0,,Route_348
51,24051IFA_5102,24051IFA_5102_8,PLAZA ITALIA,0,,Route_190
51,24051IFA_5102,24051IFA_5102_9,PLAZA ITALIA,0,,Route_190
51,24051IFA_5102,24051IFA_5102_10,PLAZA ITALIA,0,,Route_190
51,24051IFA_5102,24051IFA_5102_11,PLAZA ITALIA,0,,Route_190
51,24051IFA_5103,24051IFA_5103_2,MIRANDA,0,,Route_189
51,24051IFA_5103,24051IFA_5103_3,MIRANDA,0,,Route_189
51,24051IFA_5103,24051IFA_5103_4,MIRANDA,0,,Route_189
51,24051IFA_5103,24051IFA_5103_5,MIRANDA,0,,Route_189
51,24051IFA_5103,24051IFA_5103_6,PLAZA ITALIA,0,,Route_348
51,24051IFA_5103,24051IFA_5103_7,PLAZA ITALIA,0,,Route_190
51,24051IFA_5103,24051IFA_5103_8,PLAZA ITALIA,0,,Route_190
51,24051IFA_5103,24051IFA_5103_9,PLAZA ITALIA,0,,Route_190
51,24051IFA_5103,24051IFA_5103_10,PLAZA ITALIA,0,,Route_190
51,24051IFA_5112,24051IFA_5112_2,PLAZA ITALIA,0,,Route_190
51,24051IFA_5112,24051IFA_5112_3,PLAZA ITALIA,0,,Route_190
51,24051IFA_5112,24051IFA_5112_4,PLAZA ITALIA,0,,Route_190
51,24051IFA_5112,24051IFA_5112_5,PLAZA ITALIA,0,,Route_190
51,24051IFA_5112,24051IFA_5112_6,PLAZA ITALIA,0,,Route_190
51,24051IFA_5112,24051IFA_5112_7,PLAZA ITALIA,0,,Route_190
51,24051IFA_5112,24051IFA_5112_8,PLAZA ITALIA,0,,Route_190
51,24051IFA_5112,24051IFA_5112_9,PLAZA ITALIA,0,,Route_190
51,24051IFA_5112,24051IFA_5112_10,PLAZA ITALIA,0,,Route_190
51,24051IFA_5113,24051IFA_5113_2,PLAZA ITALIA,0,,Route_190
51,24051IFA_5113,24051IFA_5113_3,PLAZA ITALIA,0,,Route_190
51,24051IFA_5113,24051IFA_5113_4,PLAZA ITALIA,0,,Route_190
51,24051IFA_5113,24051IFA_5113_5,PLAZA ITALIA,0,,Route_190
51,24051IFA_5113,24051IFA_5113_6,PLAZA ITALIA,0,,Route_190
51,24051IFA_5113,24051IFA_5113_7,PLAZA ITALIA,0,,Route_190
51,24051IFA_5113,24051IFA_5113_8,PLAZA ITALIA,0,,Route_190
51,24051IFA_5113,24051IFA_5113_9,PLAZA ITALIA,0,,Route_190
51,24051IFA_5113,24051IFA_5113_10,PLAZA ITALIA,0,,Route_190
52,24052IFA_5201,24052IFA_5201_2,MIRANDA,0,,Route_191
52,24052IFA_5201,24052IFA_5201_3,MIRANDA,0,,Route_191
52,24052IFA_5201,24052IFA_5201_4,MIRANDA,0,,Route_191
52,24052IFA_5201,24052IFA_5201_5,MIRANDA,0,,Route_191
52,24052IFA_5201,24052IFA_5201_6,MIRANDA,0,,Route_191
52,24052IFA_5201,24052IFA_5201_7,PLAZA DE ITALIA ,0,,Route_192
52,24052IFA_5201,24052IFA_5201_8,PLAZA DE ITALIA ,0,,Route_192
52,24052IFA_5201,24052IFA_5201_9,PLAZA DE ITALIA ,0,,Route_192
52,24052IFA_5201,24052IFA_5201_10,PLAZA DE ITALIA ,0,,Route_192
52,24052IFA_5201,24052IFA_5201_11,PLAZA DE ITALIA ,0,,Route_192
52,24052IFA_5201,24052IFA_5201_12,PLAZA DE ITALIA ,0,,Route_192
52,24052IFA_5201,24052IFA_5201_13,PLAZA DE ITALIA ,0,,Route_192
52,24052IFA_5201,24052IFA_5201_14,PLAZA DE ITALIA ,0,,Route_192
52,24052IFA_5201,24052IFA_5201_15,PLAZA DE ITALIA ,0,,Route_192
52,24052IFA_5201,24052IFA_5201_16,PLAZA DE ITALIA ,0,,Route_192
52,24052IFA_5201,24052IFA_5201_17,PLAZA DE ITALIA ,0,,Route_192
52,24052IFA_5201,24052IFA_5201_18,PLAZA DE ITALIA ,0,,Route_192
52,24052IFA_5201,24052IFA_5201_19,PLAZA DE ITALIA ,0,,Route_192
52,24052IFA_5201,24052IFA_5201_20,PLAZA DE ITALIA ,0,,Route_192
52,24052IFA_5201,24052IFA_5201_21,PLAZA DE ITALIA ,0,,Route_192
52,24052IFA_5202,24052IFA_5202_2,MIRANDA,0,,Route_191
52,24052IFA_5202,24052IFA_5202_3,MIRANDA,0,,Route_191
52,24052IFA_5202,24052IFA_5202_4,MIRANDA,0,,Route_191
52,24052IFA_5202,24052IFA_5202_5,MIRANDA,0,,Route_191
52,24052IFA_5202,24052IFA_5202_6,MIRANDA,0,,Route_191
52,24052IFA_5202,24052IFA_5202_7,PLAZA DE ITALIA ,0,,Route_192
52,24052IFA_5202,24052IFA_5202_8,PLAZA DE ITALIA ,0,,Route_192
52,24052IFA_5202,24052IFA_5202_9,PLAZA DE ITALIA ,0,,Route_192
52,24052IFA_5202,24052IFA_5202_10,PLAZA DE ITALIA ,0,,Route_192
52,24052IFA_5202,24052IFA_5202_11,PLAZA DE ITALIA ,0,,Route_192
1,24052IFA_5203,24052IFA_5203_2,GONZALEZ TREVILLA,0,,Route_381
52,24052IFA_5203,24052IFA_5203_3,MIRANDA,0,,Route_191
52,24052IFA_5203,24052IFA_5203_4,MIRANDA,0,,Route_191
52,24052IFA_5203,24052IFA_5203_5,MIRANDA,0,,Route_191
52,24052IFA_5203,24052IFA_5203_6,PLAZA DE ITALIA ,0,,Route_192
52,24052IFA_5203,24052IFA_5203_7,PLAZA DE ITALIA ,0,,Route_192
52,24052IFA_5203,24052IFA_5203_8,PLAZA DE ITALIA ,0,,Route_192
52,24052IFA_5203,24052IFA_5203_9,PLAZA DE ITALIA ,0,,Route_192
52,24052IFA_5203,24052IFA_5203_10,PLAZA DE ITALIA ,0,,Route_192
52,24052IFA_5203,24052IFA_5203_11,PLAZA DE ITALIA ,0,,Route_192
52,24052IFA_5203,24052IFA_5203_12,PLAZA DE ITALIA ,0,,Route_192
52,24052IFA_5203,24052IFA_5203_13,PLAZA DE ITALIA ,0,,Route_192
52,24052IFA_5203,24052IFA_5203_14,PLAZA DE ITALIA ,0,,Route_192
52,24052IFA_5203,24052IFA_5203_15,PLAZA DE ITALIA ,0,,Route_192
52,24052IFA_5203,24052IFA_5203_16,PLAZA DE ITALIA ,0,,Route_192
52,24052IFA_5203,24052IFA_5203_17,PLAZA DE ITALIA ,0,,Route_192
52,24052IFA_5203,24052IFA_5203_18,PLAZA DE ITALIA ,0,,Route_192
52,24052IFA_5203,24052IFA_5203_19,PLAZA DE ITALIA ,0,,Route_192
52,24052IFA_5212,24052IFA_5212_2,PLAZA DE ITALIA ,0,,Route_192
52,24052IFA_5212,24052IFA_5212_3,PLAZA DE ITALIA ,0,,Route_192
52,24052IFA_5212,24052IFA_5212_4,PLAZA DE ITALIA ,0,,Route_192
52,24052IFA_5212,24052IFA_5212_5,PLAZA DE ITALIA ,0,,Route_192
52,24052IFA_5212,24052IFA_5212_6,PLAZA DE ITALIA ,0,,Route_192
52,24052IFA_5212,24052IFA_5212_7,PLAZA DE ITALIA ,0,,Route_192
52,24052IFA_5212,24052IFA_5212_8,PLAZA DE ITALIA ,0,,Route_192
52,24052IFA_5212,24052IFA_5212_9,PLAZA DE ITALIA ,0,,Route_192
52,24052IFA_5212,24052IFA_5212_10,PLAZA DE ITALIA ,0,,Route_192
61,24061IFA_6101,24061IFA_6101_2,COMPLEJO DEPORTIVO,0,,Route_366
61,24061IFA_6101,24061IFA_6101_3,COMPLEJO DEPORTIVO,0,,Route_366
61,24061IFA_6101,24061IFA_6101_4,COMPLEJO DEPORTIVO,0,,Route_366
61,24061IFA_6101,24061IFA_6101_5,COMPLEJO DEPORTIVO,0,,Route_366
61,24061IFA_6101,24061IFA_6101_6,COMPLEJO DEPORTIVO,0,,Route_366
61,24061IFA_6101,24061IFA_6101_7,COMPLEJO DEPORTIVO,0,,Route_366
61,24061IFA_6101,24061IFA_6101_8,COMPLEJO DEPORTIVO,0,,Route_366
61,24061IFA_6101,24061IFA_6101_9,COMPLEJO DEPORTIVO,0,,Route_366
61,24061IFA_6101,24061IFA_6101_10,COMPLEJO DEPORTIVO,0,,Route_366
61,24061IFA_6101,24061IFA_6101_11,COMPLEJO DEPORTIVO,0,,Route_366
61,24061IFA_6101,24061IFA_6101_12,COMPLEJO DEPORTIVO,0,,Route_366
61,24061IFA_6101,24061IFA_6101_13,COMPLEJO DEPORTIVO,0,,Route_366
61,24061IFA_6101,24061IFA_6101_14,COMPLEJO DEPORTIVO,0,,Route_366
61,24061IFA_6101,24061IFA_6101_15,COMPLEJO DEPORTIVO,0,,Route_366
61,24061IFA_6101,24061IFA_6101_16,COMPLEJO DEPORTIVO,0,,Route_366
61,24061IFA_6102,24061IFA_6102_2,COMPLEJO DEPORTIVO,0,,Route_366
61,24061IFA_6102,24061IFA_6102_3,COMPLEJO DEPORTIVO,0,,Route_366
61,24061IFA_6102,24061IFA_6102_4,COMPLEJO DEPORTIVO,0,,Route_366
61,24061IFA_6102,24061IFA_6102_5,COMPLEJO DEPORTIVO,0,,Route_366
61,24061IFA_6102,24061IFA_6102_6,COMPLEJO DEPORTIVO,0,,Route_366
61,24061IFA_6102,24061IFA_6102_7,COMPLEJO DEPORTIVO,0,,Route_366
61,24061IFA_6102,24061IFA_6102_8,COMPLEJO DEPORTIVO,0,,Route_366
61,24061IFA_6102,24061IFA_6102_9,COMPLEJO DEPORTIVO,0,,Route_366
61,24061IFA_6102,24061IFA_6102_10,COMPLEJO DEPORTIVO,0,,Route_366
61,24061IFA_6102,24061IFA_6102_11,COMPLEJO DEPORTIVO,0,,Route_366
61,24061IFA_6102,24061IFA_6102_12,COMPLEJO DEPORTIVO,0,,Route_366
61,24061IFA_6102,24061IFA_6102_13,COMPLEJO DEPORTIVO,0,,Route_366
61,24061IFA_6102,24061IFA_6102_14,COMPLEJO DEPORTIVO,0,,Route_366
61,24061IFA_6102,24061IFA_6102_15,COMPLEJO DEPORTIVO,0,,Route_366
61,24061IFA_6102,24061IFA_6102_16,COMPLEJO DEPORTIVO,0,,Route_366
62,24062IFA_6201,24062IFA_6201_2,COMPLEJO RUTH BEITIA,0,,Route_367
62,24062IFA_6201,24062IFA_6201_3,COMPLEJO RUTH BEITIA,0,,Route_367
62,24062IFA_6201,24062IFA_6201_4,COMPLEJO RUTH BEITIA,0,,Route_367
62,24062IFA_6201,24062IFA_6201_5,COMPLEJO RUTH BEITIA,0,,Route_367
62,24062IFA_6201,24062IFA_6201_6,COMPLEJO RUTH BEITIA,0,,Route_367
62,24062IFA_6201,24062IFA_6201_7,COMPLEJO RUTH BEITIA,0,,Route_367
62,24062IFA_6201,24062IFA_6201_8,COMPLEJO RUTH BEITIA,0,,Route_367
62,24062IFA_6202,24062IFA_6202_2,COMPLEJO RUTH BEITIA,0,,Route_367
62,24062IFA_6202,24062IFA_6202_3,COMPLEJO RUTH BEITIA,0,,Route_367
62,24062IFA_6202,24062IFA_6202_4,COMPLEJO RUTH BEITIA,0,,Route_367
62,24062IFA_6202,24062IFA_6202_5,COMPLEJO RUTH BEITIA,0,,Route_367
62,24062IFA_6202,24062IFA_6202_6,COMPLEJO RUTH BEITIA,0,,Route_367
62,24062IFA_6202,24062IFA_6202_7,COMPLEJO RUTH BEITIA,0,,Route_367
62,24062IFA_6202,24062IFA_6202_8,COMPLEJO RUTH BEITIA,0,,Route_367
62,24062IFA_6202,24062IFA_6202_9,COMPLEJO RUTH BEITIA,0,,Route_367
62,24062IFA_6202,24062IFA_6202_10,COMPLEJO RUTH BEITIA,0,,Route_367
62,24062IFA_6202,24062IFA_6202_11,COMPLEJO RUTH BEITIA,0,,Route_367
62,24062IFA_6202,24062IFA_6202_12,COMPLEJO RUTH BEITIA,0,,Route_367
62,24062IFA_6202,24062IFA_6202_13,COMPLEJO RUTH BEITIA,0,,Route_367
62,24062IFA_6202,24062IFA_6202_14,COMPLEJO RUTH BEITIA,0,,Route_367
62,24062IFA_6202,24062IFA_6202_15,COMPLEJO RUTH BEITIA,0,,Route_367
62,24062IFA_6211,24062IFA_6211_2,COMPLEJO RUTH BEITIA,0,,Route_367
62,24062IFA_6211,24062IFA_6211_3,COMPLEJO RUTH BEITIA,0,,Route_367
62,24062IFA_6211,24062IFA_6211_4,COMPLEJO RUTH BEITIA,0,,Route_367
62,24062IFA_6211,24062IFA_6211_5,COMPLEJO RUTH BEITIA,0,,Route_367
62,24062IFA_6211,24062IFA_6211_6,COMPLEJO RUTH BEITIA,0,,Route_367
62,24062IFA_6211,24062IFA_6211_7,COMPLEJO RUTH BEITIA,0,,Route_367
62,24062IFA_6211,24062IFA_6211_8,COMPLEJO RUTH BEITIA,0,,Route_367
71,24071IFA_7101,24071IFA_7101_2,L.QUINTANILLA,0,,Route_195
71,24071IFA_7101,24071IFA_7101_3,L.QUINTANILLA,0,,Route_195
71,24071IFA_7101,24071IFA_7101_4,L.QUINTANILLA,0,,Route_195
71,24071IFA_7101,24071IFA_7101_5,L.QUINTANILLA,0,,Route_195
71,24071IFA_7101,24071IFA_7101_6,L.QUINTANILLA,0,,Route_195
71,24071IFA_7101,24071IFA_7101_7,L.QUINTANILLA,0,,Route_195
71,24071IFA_7101,24071IFA_7101_8,L.QUINTANILLA,0,,Route_195
71,24071IFA_7101,24071IFA_7101_9,L.QUINTANILLA,0,,Route_195
71,24071IFA_7101,24071IFA_7101_10,L.QUINTANILLA,0,,Route_195
71,24071IFA_7101,24071IFA_7101_11,L.QUINTANILLA,0,,Route_195
71,24071IFA_7101,24071IFA_7101_12,L.QUINTANILLA,0,,Route_195
71,24071IFA_7101,24071IFA_7101_13,L.QUINTANILLA,0,,Route_195
71,24071IFA_7101,24071IFA_7101_14,L.QUINTANILLA,0,,Route_195
71,24071IFA_7101,24071IFA_7101_15,L.QUINTANILLA,0,,Route_195
71,24071IFA_7101,24071IFA_7101_16,L.QUINTANILLA,0,,Route_195
71,24071IFA_7101,24071IFA_7101_17,L.QUINTANILLA,0,,Route_195
71,24071IFA_7101,24071IFA_7101_18,L.QUINTANILLA,0,,Route_195
71,24071IFA_7102,24071IFA_7102_2,L.QUINTANILLA,0,,Route_195
71,24071IFA_7102,24071IFA_7102_3,L.QUINTANILLA,0,,Route_195
71,24071IFA_7102,24071IFA_7102_4,L.QUINTANILLA,0,,Route_195
71,24071IFA_7102,24071IFA_7102_5,L.QUINTANILLA,0,,Route_195
71,24071IFA_7102,24071IFA_7102_6,L.QUINTANILLA,0,,Route_195
71,24071IFA_7102,24071IFA_7102_7,L.QUINTANILLA,0,,Route_195
71,24071IFA_7102,24071IFA_7102_8,L.QUINTANILLA,0,,Route_195
71,24071IFA_7102,24071IFA_7102_9,L.QUINTANILLA,0,,Route_195
71,24071IFA_7102,24071IFA_7102_10,L.QUINTANILLA,0,,Route_195
71,24071IFA_7102,24071IFA_7102_11,L.QUINTANILLA,0,,Route_195
71,24071IFA_7102,24071IFA_7102_12,L.QUINTANILLA,0,,Route_195
71,24071IFA_7102,24071IFA_7102_13,L.QUINTANILLA,0,,Route_195
71,24071IFA_7102,24071IFA_7102_14,L.QUINTANILLA,0,,Route_195
71,24071IFA_7102,24071IFA_7102_15,L.QUINTANILLA,0,,Route_195
71,24071IFA_7102,24071IFA_7102_16,L.QUINTANILLA,0,,Route_195
71,24071IFA_7102,24071IFA_7102_17,L.QUINTANILLA,0,,Route_195
71,24071IFA_7102,24071IFA_7102_18,L.QUINTANILLA,0,,Route_195
71,24071IFA_7113,24071IFA_7113_2,L.QUINTANILLA,0,,Route_195
71,24071IFA_7113,24071IFA_7113_3,L.QUINTANILLA,0,,Route_195
71,24071IFA_7113,24071IFA_7113_4,L.QUINTANILLA,0,,Route_195
71,24071IFA_7113,24071IFA_7113_5,L.QUINTANILLA,0,,Route_195
71,24071IFA_7113,24071IFA_7113_6,L.QUINTANILLA,0,,Route_195
71,24071IFA_7113,24071IFA_7113_7,L.QUINTANILLA,0,,Route_195
72,24071IFA_7113,24071IFA_7113_8,L.QUINTANILLA por SARDINERO,0,,Route_196
72,24071IFA_7113,24071IFA_7113_9,L.QUINTANILLA por SARDINERO,0,,Route_196
72,24072IFA_7201,24072IFA_7201_2,L.QUINTANILLA por SARDINERO,0,,Route_196
72,24072IFA_7201,24072IFA_7201_3,L.QUINTANILLA por SARDINERO,0,,Route_196
72,24072IFA_7201,24072IFA_7201_4,L.QUINTANILLA por SARDINERO,0,,Route_196
72,24072IFA_7201,24072IFA_7201_5,L.QUINTANILLA por SARDINERO,0,,Route_196
72,24072IFA_7201,24072IFA_7201_6,L.QUINTANILLA por SARDINERO,0,,Route_196
72,24072IFA_7201,24072IFA_7201_7,L.QUINTANILLA por SARDINERO,0,,Route_196
72,24072IFA_7201,24072IFA_7201_8,L.QUINTANILLA por SARDINERO,0,,Route_196
72,24072IFA_7201,24072IFA_7201_9,L.QUINTANILLA por SARDINERO,0,,Route_196
72,24072IFA_7201,24072IFA_7201_10,L.QUINTANILLA por SARDINERO,0,,Route_196
72,24072IFA_7201,24072IFA_7201_11,L.QUINTANILLA por SARDINERO,0,,Route_196
72,24072IFA_7201,24072IFA_7201_12,L.QUINTANILLA por SARDINERO,0,,Route_196
72,24072IFA_7201,24072IFA_7201_13,L.QUINTANILLA por SARDINERO,0,,Route_196
72,24072IFA_7201,24072IFA_7201_14,L.QUINTANILLA por SARDINERO,0,,Route_196
72,24072IFA_7201,24072IFA_7201_15,L.QUINTANILLA por SARDINERO,0,,Route_196
72,24072IFA_7201,24072IFA_7201_16,L.QUINTANILLA por SARDINERO,0,,Route_196
72,24072IFA_7201,24072IFA_7201_17,L.QUINTANILLA por SARDINERO,0,,Route_196
72,24072IFA_7201,24072IFA_7201_18,L.QUINTANILLA por SARDINERO,0,,Route_196
72,24072IFA_7202,24072IFA_7202_2,L.QUINTANILLA por SARDINERO,0,,Route_196
72,24072IFA_7202,24072IFA_7202_3,L.QUINTANILLA por SARDINERO,0,,Route_196
72,24072IFA_7202,24072IFA_7202_4,L.QUINTANILLA por SARDINERO,0,,Route_196
72,24072IFA_7202,24072IFA_7202_5,L.QUINTANILLA por SARDINERO,0,,Route_196
72,24072IFA_7202,24072IFA_7202_6,L.QUINTANILLA por SARDINERO,0,,Route_196
72,24072IFA_7202,24072IFA_7202_7,L.QUINTANILLA por SARDINERO,0,,Route_196
72,24072IFA_7202,24072IFA_7202_8,L.QUINTANILLA por SARDINERO,0,,Route_196
72,24072IFA_7202,24072IFA_7202_9,L.QUINTANILLA por SARDINERO,0,,Route_196
72,24072IFA_7202,24072IFA_7202_10,L.QUINTANILLA por SARDINERO,0,,Route_196
72,24072IFA_7202,24072IFA_7202_11,L.QUINTANILLA por SARDINERO,0,,Route_196
72,24072IFA_7202,24072IFA_7202_12,L.QUINTANILLA por SARDINERO,0,,Route_196
72,24072IFA_7202,24072IFA_7202_13,L.QUINTANILLA por SARDINERO,0,,Route_196
72,24072IFA_7202,24072IFA_7202_14,L.QUINTANILLA por SARDINERO,0,,Route_196
72,24072IFA_7202,24072IFA_7202_15,L.QUINTANILLA por SARDINERO,0,,Route_196
72,24072IFA_7202,24072IFA_7202_16,L.QUINTANILLA por SARDINERO,0,,Route_196
72,24072IFA_7202,24072IFA_7202_17,L.QUINTANILLA por SARDINERO,0,,Route_196
72,24072IFA_7202,24072IFA_7202_18,L.QUINTANILLA por SARDINERO,0,,Route_196
41,24EIFA_R01,24EIFA_R01_2,INTERCAMBIADOR SARDINERO,0,,Route_344
41,24EIFA_R01,24EIFA_R01_3,INTERCAMBIADOR VALDECILLA,1,,Route_345
3,24EIFA_R01,24EIFA_R01_4,PASEO DE PEREDA 35,0,,Route_383
3,24EIFA_R01,24EIFA_R01_5,OJAIZ,1,,Route_11
3,24EIFA_R01,24EIFA_R01_6,PASEO DE PEREDA 35,0,,Route_383
3,24EIFA_R01,24EIFA_R01_7,OJAIZ,1,,Route_11
3,24EIFA_R01,24EIFA_R01_8,PASEO DE PEREDA 35,0,,Route_383
1,24EIFA_R01,24EIFA_R01_9,ADARZO,1,,Route_374
1,24EIFA_R01,24EIFA_R01_10,GONZALEZ TREVILLA,0,,Route_381
1,24EIFA_R01,24EIFA_R01_11,ADARZO,1,,Route_374
1,24EIFA_R01,24EIFA_R01_12,GONZALEZ TREVILLA,0,,Route_381
3,24EIFA_R02,24EIFA_R02_2,OJAIZ,1,,Route_15
3,24EIFA_R02,24EIFA_R02_3,INT SARDINERO,0,,Route_385
3,24EIFA_R02,24EIFA_R02_4,OJAIZ,1,,Route_15
3,24EIFA_R02,24EIFA_R02_5,INT SARDINERO,0,,Route_385
12,24EIFA_R02,24EIFA_R02_6,CARREFOUR,0,,Route_388
2,24EIFA_R03,24EIFA_R03_2,CONSUELO BERGES,0,,Route_382
2,24EIFA_R03,24EIFA_R03_3,CORBAN,1,,Route_180
2,24EIFA_R03,24EIFA_R03_4,CONSUELO BERGES,0,,Route_382
2,24EIFA_R03,24EIFA_R03_5,CORBAN,1,,Route_180
2,24EIFA_R03,24EIFA_R03_6,CONSUELO BERGES,0,,Route_382
4,24EIFA_R04,24EIFA_R04_2,BARRIO PESQUERO,0,,Route_185
61,24EIFA_R04,24EIFA_R04_3,COMPLEJO DEPORTIVO,0,,Route_366
62,24EIFA_R04,24EIFA_R04_4,COMPLEJO RUTH BEITIA,0,,Route_367
61,24EIFA_R05,24EIFA_R05_2,COMPLEJO DEPORTIVO,0,,Route_366
12,24EIFA_R05,24EIFA_R05_3,CARREFOUR,0,,Route_388
62,24EIFA_R05,24EIFA_R05_4,COMPLEJO RUTH BEITIA,0,,Route_367
12,24EIFA_R06,24EIFA_R06_2,CARREFOUR,0,,Route_388
4,24EIFA_R06,24EIFA_R06_3,BARRIO PESQUERO,0,,Route_185
4,24EIFA_R06,24EIFA_R06_4,INTERCAMBIADOR SARDINERO,1,,Route_186
2,24EIFA_R06,24EIFA_R06_5,CORBAN,1,,Route_180
2,24EIFA_R08,24EIFA_R08_2,CONSUELO BERGES,0,,Route_382
2,24EIFA_R10,24EIFA_R10_2,CORBAN,1,,Route_180
3,24EIFA_R12,24EIFA_R12_2,OJAIZ,1,,Route_11
1,24EILIUA_0107,24EILIUA_0107_2,PCTCAN-UNEATLANTICO,1,,Route_372
1,24EILIUA_0107,24EILIUA_0107_3,GONZALEZ TREVILLA,0,,Route_380
1,24EILIUA_0107,24EILIUA_0107_4,PCTCAN-UNEATLANTICO,1,,Route_372
1,24EILIUA_0107,24EILIUA_0107_5,GONZALEZ TREVILLA,0,,Route_380
1,24EILIUA_0107,24EILIUA_0107_6,PCTCAN-UNEATLANTICO,1,,Route_372
1,24EILIUA_0107,24EILIUA_0107_7,GONZALEZ TREVILLA,0,,Route_380
1,24EILIUA_0107,24EILIUA_0107_8,PCTCAN-UNEATLANTICO,1,,Route_372
41,24EILIUA_R01,24EILIUA_R01_2,INTERCAMBIADOR SARDINERO,0,,Route_344
41,24EILIUA_R01,24EILIUA_R01_3,INTERCAMBIADOR VALDECILLA,1,,Route_345
3,24EILIUA_R01,24EILIUA_R01_4,PASEO DE PEREDA 35,0,,Route_383
3,24EILIUA_R01,24EILIUA_R01_5,OJAIZ,1,,Route_11
3,24EILIUA_R01,24EILIUA_R01_6,PASEO DE PEREDA 35,0,,Route_383
3,24EILIUA_R01,24EILIUA_R01_7,OJAIZ,1,,Route_11
3,24EILIUA_R01,24EILIUA_R01_8,RECTORADO,0,,Route_384
61,24EILIUA_R01,24EILIUA_R01_9,COMPLEJO DEPORTIVO,0,,Route_366
62,24EILIUA_R01,24EILIUA_R01_10,COMPLEJO RUTH BEITIA,0,,Route_367
1,24EILIUA_R02,24EILIUA_R02_2,GONZALEZ TREVILLA,0,,Route_380
1,24EILIUA_R02,24EILIUA_R02_3,PCTCAN-UNEATLANTICO,1,,Route_372
100,24EILIUA_R02,24EILIUA_R02_4,INT. AVDA. VALDECILLA,1,,Route_174
100,24EILIUA_R02,24EILIUA_R02_5,INTERCAMBIADOR SARDINERO,0,,Route_394
100,24EILIUA_R02,24EILIUA_R02_6,INT. AVDA. VALDECILLA,1,,Route_174
100,24EILIUA_R02,24EILIUA_R02_7,INTERCAMBIADOR SARDINERO,0,,Route_394
42,24EILIUA_R02,24EILIUA_R02_8,ESTACIONES,1,,Route_245
42,24EILIUA_R02,24EILIUA_R02_9,ESTACIONES,1,,Route_245
42,24EILIUA_R02,24EILIUA_R02_10,ESTACIONES,1,,Route_245
42,24EILIUA_R02,24EILIUA_R02_11,ESTACIONES,1,,Route_245
2,24EILIUA_R02,24EILIUA_R02_12,CONSUELO BERGES,0,,Route_382
2,24EILIUA_R02,24EILIUA_R02_13,CORBAN,1,,Route_180
71,24EILIUA_R03,24EILIUA_R03_2,L.QUINTANILLA,0,,Route_195
44,24EILIUA_R03,24EILIUA_R03_3,INSTITUTOS,0,,Route_248
12,24EILIUA_R03,24EILIUA_R03_4,CARREFOUR,0,,Route_388
12,24EILIUA_R03,24EILIUA_R03_5,CARREFOUR,0,,Route_388
44,24EILIUA_R03,24EILIUA_R03_6,SAN MARTIN,1,,Route_249
51,24EILIUA_R04,24EILIUA_R04_2,MIRANDA,0,,Route_189
52,24EILIUA_R04,24EILIUA_R04_3,MIRANDA,0,,Route_191
3,24EILIUA_R04,24EILIUA_R04_4,OJAIZ,1,,Route_13
3,24EILIUA_R04,24EILIUA_R04_5,PASEO DE PEREDA 35,0,,Route_383
3,24EILIUA_R04,24EILIUA_R04_6,OJAIZ,1,,Route_11
3,24EILIUA_R04,24EILIUA_R04_7,PASEO DE PEREDA 35,0,,Route_383
2,24EILIUA_R04,24EILIUA_R04_8,CORBAN,1,,Route_180
42,24EILIUA_R05,24EILIUA_R05_2,RECTORADO,0,,Route_244
42,24EILIUA_R05,24EILIUA_R05_3,RECTORADO,0,,Route_244
42,24EILIUA_R05,24EILIUA_R05_4,RECTORADO,0,,Route_244
4,24EILIUA_R05,24EILIUA_R05_5,BARRIO PESQUERO,0,,Route_185
4,24EILIUA_R05,24EILIUA_R05_6,INTERCAMBIADOR SARDINERO,1,,Route_186
4,24EILIUA_R05,24EILIUA_R05_7,BARRIO PESQUERO,0,,Route_185
4,24EILIUA_R05,24EILIUA_R05_8,INTERCAMBIADOR SARDINERO,1,,Route_186
42,24EILIUA_R05,24EILIUA_R05_9,ESTACIONES,1,,Route_245
42,24EILIUA_R05,24EILIUA_R05_10,ESTACIONES,1,,Route_245
42,24EILIUA_R05,24EILIUA_R05_11,ESTACIONES,1,,Route_245
42,24EILIUA_R05,24EILIUA_R05_12,ESTACIONES,1,,Route_245
42,24EILIUA_R05,24EILIUA_R05_13,ESTACIONES,1,,Route_245
12,24EILIUA_R05,24EILIUA_R05_14,CARREFOUR,0,,Route_388
71,24EILIUA_R06,24EILIUA_R06_2,L.QUINTANILLA,0,,Route_195
4,24EILIUA_R06,24EILIUA_R06_3,BARRIO PESQUERO,0,,Route_185
4,24EILIUA_R06,24EILIUA_R06_4,INTERCAMBIADOR SARDINERO,1,,Route_186
4,24EILIUA_R06,24EILIUA_R06_5,BARRIO PESQUERO,0,,Route_185
4,24EILIUA_R06,24EILIUA_R06_6,INTERCAMBIADOR SARDINERO,1,,Route_186
62,24EILIUA_R06,24EILIUA_R06_7,COMPLEJO RUTH BEITIA,0,,Route_367
43,24EILIUA_R07,24EILIUA_R07_2,INSTITUTOS,0,,Route_246
12,24EILIUA_R07,24EILIUA_R07_3,CARREFOUR,0,,Route_388
100,24EILIUA_R07,24EILIUA_R07_4,INT. AVDA. VALDECILLA,1,,Route_174
100,24EILIUA_R07,24EILIUA_R07_5,INTERCAMBIADOR SARDINERO,0,,Route_394
100,24EILIUA_R07,24EILIUA_R07_6,INT. AVDA. VALDECILLA,1,,Route_174
100,24EILIUA_R07,24EILIUA_R07_7,INTERCAMBIADOR SARDINERO,0,,Route_394
2,24EILIUA_R07,24EILIUA_R07_8,CORBAN,1,,Route_180
43,24EILIUA_R07,24EILIUA_R07_9,MIRANDA,1,,Route_247
42,24EILIUA_R08,24EILIUA_R08_2,RECTORADO,0,,Route_244
42,24EILIUA_R08,24EILIUA_R08_3,RECTORADO,0,,Route_244
61,24EILIUA_R08,24EILIUA_R08_4,COMPLEJO DEPORTIVO,0,,Route_366
62,24EILIUA_R08,24EILIUA_R08_5,COMPLEJO RUTH BEITIA,0,,Route_367
4,24EILIUA_R08,24EILIUA_R08_6,BARRIO PESQUERO,0,,Route_185
4,24EILIUA_R08,24EILIUA_R08_7,INTERCAMBIADOR SARDINERO,1,,Route_186
13,24EILIUA_R09,24EILIUA_R09_2,LLUJA,1,,Route_36
13,24EILIUA_R09,24EILIUA_R09_3,CUETO por el SARDINERO,0,,Route_375
71,24EILIUA_R09,24EILIUA_R09_4,L.QUINTANILLA,0,,Route_195
42,24EILIUA_R09,24EILIUA_R09_5,ESTACIONES,1,,Route_245
42,24EILIUA_R09,24EILIUA_R09_6,RECTORADO,0,,Route_244
12,24EILIUA_R10,24EILIUA_R10_2,CARREFOUR,0,,Route_388
12,24EILIUA_R10,24EILIUA_R10_3,CARREFOUR,0,,Route_388
1,24EILIUA_R11,24EILIUA_R11_2,PCTCAN-UNEATLANTICO,1,,Route_372
1,24EILIUA_R11,24EILIUA_R11_3,GONZALEZ TREVILLA,0,,Route_380
1,24EILIUA_R11,24EILIUA_R11_4,PCTCAN-UNEATLANTICO,1,,Route_372
1,24EILIUA_R11,24EILIUA_R11_5,GONZALEZ TREVILLA,0,,Route_380
1,24EILIUA_R12,24EILIUA_R12_2,GONZALEZ TREVILLA,0,,Route_380
1,24EILIUA_R12,24EILIUA_R12_3,PCTCAN-UNEATLANTICO,1,,Route_372
52,24EILIUA_R12,24EILIUA_R12_4,MIRANDA,0,,Route_191
51,24EILIUA_R12,24EILIUA_R12_5,MIRANDA,0,,Route_189
52,24EILIUA_R14,24EILIUA_R14_2,MIRANDA,0,,Route_191
241,24241ISB_24101,24241ISB_24101_2,PCTCAN POR TUNEL TETUAN,0,,Route_363
241,24241ISB_24101,24241ISB_24101_3,PCTCAN POR TUNEL TETUAN,0,,Route_363
241,24241ISB_24101,24241ISB_24101_4,PCTCAN POR TUNEL TETUAN,0,,Route_363
241,24241ISB_24101,24241ISB_24101_5,PCTCAN POR TUNEL TETUAN,0,,Route_363
241,24241ISB_24101,24241ISB_24101_6,PCTCAN POR TUNEL TETUAN,0,,Route_363
241,24241ISB_24101,24241ISB_24101_7,PCTCAN POR TUNEL TETUAN,0,,Route_363
241,24241ISB_24101,24241ISB_24101_8,PCTCAN POR TUNEL TETUAN,0,,Route_363
241,24241ISB_24101,24241ISB_24101_9,PCTCAN POR TUNEL TETUAN,0,,Route_363
241,24241ISB_24101,24241ISB_24101_10,PCTCAN POR TUNEL TETUAN,0,,Route_363
241,24241ISB_24101,24241ISB_24101_11,PCTCAN POR TUNEL TETUAN,0,,Route_363
241,24241ISB_24101,24241ISB_24101_12,PCTCAN POR TUNEL TETUAN,0,,Route_363
241,24241ISB_24102,24241ISB_24102_2,PCTCAN POR TUNEL TETUAN,0,,Route_363
241,24241ISB_24102,24241ISB_24102_3,PCTCAN POR TUNEL TETUAN,0,,Route_363
241,24241ISB_24102,24241ISB_24102_4,PCTCAN POR TUNEL TETUAN,0,,Route_363
241,24241ISB_24102,24241ISB_24102_5,PCTCAN POR TUNEL TETUAN,0,,Route_363
241,24241ISB_24102,24241ISB_24102_6,PCTCAN POR TUNEL TETUAN,0,,Route_363
241,24241ISB_24102,24241ISB_24102_7,PCTCAN POR TUNEL TETUAN,0,,Route_363
241,24241ISB_24102,24241ISB_24102_8,PCTCAN POR TUNEL TETUAN,0,,Route_363
241,24241ISB_24102,24241ISB_24102_9,PCTCAN POR TUNEL TETUAN,0,,Route_363
241,24241ISB_24102,24241ISB_24102_10,PCTCAN POR TUNEL TETUAN,0,,Route_363
241,24241ISB_24102,24241ISB_24102_11,PCTCAN POR TUNEL TETUAN,0,,Route_363
241,24241ISB_24102,24241ISB_24102_12,PCTCAN POR TUNEL TETUAN,0,,Route_363
241,24241ISB_24103,24241ISB_24103_2,PCTCAN POR TUNEL TETUAN,0,,Route_363
241,24241ISB_24103,24241ISB_24103_3,PCTCAN POR TUNEL TETUAN,0,,Route_363
241,24241ISB_24103,24241ISB_24103_4,PCTCAN POR TUNEL TETUAN,0,,Route_363
241,24241ISB_24103,24241ISB_24103_5,PCTCAN POR TUNEL TETUAN,0,,Route_363
241,24241ISB_24103,24241ISB_24103_6,PCTCAN POR TUNEL TETUAN,0,,Route_363
241,24241ISB_24103,24241ISB_24103_7,PCTCAN POR TUNEL TETUAN,0,,Route_363
241,24241ISB_24103,24241ISB_24103_8,PCTCAN POR TUNEL TETUAN,0,,Route_363
241,24241ISB_24103,24241ISB_24103_9,PCTCAN POR TUNEL TETUAN,0,,Route_363
241,24241ISB_24103,24241ISB_24103_10,PCTCAN POR TUNEL TETUAN,0,,Route_363
241,24241ISB_24103,24241ISB_24103_11,PCTCAN POR TUNEL TETUAN,0,,Route_363
241,24241ISB_24103,24241ISB_24103_12,PCTCAN POR TUNEL TETUAN,0,,Route_363
242,24242ISB_24201,24242ISB_24201_2,PCTCAN POR TUNEL TETUAN,0,,Route_391
242,24242ISB_24201,24242ISB_24201_3,PCTCAN POR TUNEL TETUAN,0,,Route_391
242,24242ISB_24201,24242ISB_24201_4,PCTCAN POR TUNEL TETUAN,0,,Route_391
242,24242ISB_24201,24242ISB_24201_5,PCTCAN POR TUNEL TETUAN,0,,Route_391
242,24242ISB_24201,24242ISB_24201_6,PCTCAN POR TUNEL TETUAN,0,,Route_391
242,24242ISB_24201,24242ISB_24201_7,PCTCAN POR TUNEL TETUAN,0,,Route_391
242,24242ISB_24201,24242ISB_24201_8,PCTCAN POR TUNEL TETUAN,0,,Route_391
242,24242ISB_24201,24242ISB_24201_9,PCTCAN POR TUNEL TETUAN,0,,Route_391
242,24242ISB_24201,24242ISB_24201_10,PCTCAN POR TUNEL TETUAN,0,,Route_391
242,24242ISB_24201,24242ISB_24201_11,PCTCAN POR TUNEL TETUAN,0,,Route_391
242,24242ISB_24202,24242ISB_24202_2,PCTCAN POR TUNEL TETUAN,0,,Route_391
242,24242ISB_24202,24242ISB_24202_3,PCTCAN POR TUNEL TETUAN,0,,Route_391
242,24242ISB_24202,24242ISB_24202_4,PCTCAN POR TUNEL TETUAN,0,,Route_391
242,24242ISB_24202,24242ISB_24202_5,PCTCAN POR TUNEL TETUAN,0,,Route_391
242,24242ISB_24202,24242ISB_24202_6,PCTCAN POR TUNEL TETUAN,0,,Route_391
242,24242ISB_24202,24242ISB_24202_7,PCTCAN POR TUNEL TETUAN,0,,Route_391
242,24242ISB_24202,24242ISB_24202_8,PCTCAN POR TUNEL TETUAN,0,,Route_391
242,24242ISB_24202,24242ISB_24202_9,PCTCAN POR TUNEL TETUAN,0,,Route_391
242,24242ISB_24202,24242ISB_24202_10,PCTCAN POR TUNEL TETUAN,0,,Route_391
242,24242ISB_24202,24242ISB_24202_11,PCTCAN POR TUNEL TETUAN,0,,Route_391
242,24242ISB_24202,24242ISB_24202_12,PCTCAN POR TUNEL TETUAN,0,,Route_391
242,24242ISB_24203,24242ISB_24203_2,PCTCAN POR TUNEL TETUAN,0,,Route_391
242,24242ISB_24203,24242ISB_24203_3,PCTCAN POR TUNEL TETUAN,0,,Route_391
242,24242ISB_24203,24242ISB_24203_4,PCTCAN POR TUNEL TETUAN,0,,Route_391
242,24242ISB_24203,24242ISB_24203_5,PCTCAN POR TUNEL TETUAN,0,,Route_391
242,24242ISB_24203,24242ISB_24203_6,PCTCAN POR TUNEL TETUAN,0,,Route_391
242,24242ISB_24203,24242ISB_24203_7,PCTCAN POR TUNEL TETUAN,0,,Route_391
242,24242ISB_24203,24242ISB_24203_8,PCTCAN POR TUNEL TETUAN,0,,Route_391
242,24242ISB_24203,24242ISB_24203_9,PCTCAN POR TUNEL TETUAN,0,,Route_391
242,24242ISB_24203,24242ISB_24203_10,PCTCAN POR TUNEL TETUAN,0,,Route_391
242,24242ISB_24203,24242ISB_24203_11,PCTCAN POR TUNEL TETUAN,0,,Route_391
242,24242ISB_24203,24242ISB_24203_12,PCTCAN POR TUNEL TETUAN,0,,Route_391
17,24017ILB_1701,24017ILB_1701_2,ESTACIONES por Avda Deporte,1,,Route_48
17,24017ILB_1701,24017ILB_1701_3,CORBAN por Avda Deporte,0,,Route_47
17,24017ILB_1701,24017ILB_1701_4,ESTACIONES por Avda Deporte,1,,Route_48
17,24017ILB_1701,24017ILB_1701_5,CIRIEGO por Avda Deporte,0,,Route_43
17,24017ILB_1701,24017ILB_1701_6,ESTACIONES por Avda Deporte,1,,Route_44
17,24017ILB_1701,24017ILB_1701_7,CIRIEGO por Avda Deporte,0,,Route_43
17,24017ILB_1701,24017ILB_1701_8,ESTACIONES por Avda Deporte,1,,Route_44
17,24017ILB_1701,24017ILB_1701_9,CIRIEGO por Avda Deporte,0,,Route_43
17,24017ILB_1701,24017ILB_1701_10,ESTACIONES por Avda Deporte,1,,Route_44
17,24017ILB_1701,24017ILB_1701_11,CIRIEGO por Avda Deporte,0,,Route_43
17,24017ILB_1701,24017ILB_1701_12,ESTACIONES por Avda Deporte,1,,Route_44
17,24017ILB_1701,24017ILB_1701_13,CIRIEGO por Avda Deporte,0,,Route_43
17,24017ILB_1701,24017ILB_1701_14,ESTACIONES por Avda Deporte,1,,Route_44
17,24017ILB_1701,24017ILB_1701_15,CIRIEGO por Avda Deporte,0,,Route_43
17,24017ILB_1701,24017ILB_1701_16,ESTACIONES por Avda Deporte,1,,Route_44
17,24017ILB_1701,24017ILB_1701_17,CIRIEGO por Avda Deporte,0,,Route_43
17,24017ILB_1701,24017ILB_1701_18,ESTACIONES por Avda Deporte,1,,Route_44
17,24017ILB_1701,24017ILB_1701_19,CIRIEGO por Avda Deporte,0,,Route_43
17,24017ILB_1701,24017ILB_1701_20,ESTACIONES por Avda Deporte,1,,Route_44
17,24017ILB_1701,24017ILB_1701_21,CIRIEGO por Avda Deporte,0,,Route_43
17,24017ILB_1701,24017ILB_1701_22,ESTACIONES por Avda Deporte,1,,Route_44
17,24017ILB_1701,24017ILB_1701_23,CIRIEGO por Avda Deporte,0,,Route_43
17,24017ILB_1701,24017ILB_1701_24,ESTACIONES por Avda Deporte,1,,Route_44
17,24017ILB_1701,24017ILB_1701_25,CIRIEGO por Avda Deporte,0,,Route_43
17,24017ILB_1701,24017ILB_1701_26,ESTACIONES por Avda Deporte,1,,Route_44
17,24017ILB_1701,24017ILB_1701_27,CORBAN por Avda Deporte,0,,Route_47
17,24017ILB_1701,24017ILB_1701_28,ESTACIONES por Avda Deporte,1,,Route_48
17,24017ILB_1701,24017ILB_1701_29,CORBAN por Avda Deporte,0,,Route_47
17,24017ILB_1701,24017ILB_1701_30,ESTACIONES por Avda Deporte,1,,Route_48
17,24017ILB_1701,24017ILB_1701_31,CORBAN por Avda Deporte,0,,Route_47
17,24017ILB_1701,24017ILB_1701_32,ESTACIONES por Avda Deporte,1,,Route_48
17,24017ILB_1702,24017ILB_1702_2,CORBAN por Bº La Torre,0,,Route_49
17,24017ILB_1702,24017ILB_1702_3,ESTACIONES por Bº La Torre,1,,Route_50
17,24017ILB_1702,24017ILB_1702_4,CIRIEGO por Bº La Torre,0,,Route_45
17,24017ILB_1702,24017ILB_1702_5,ESTACIONES por Bº La Torre,1,,Route_46
17,24017ILB_1702,24017ILB_1702_6,CIRIEGO por Bº La Torre,0,,Route_45
17,24017ILB_1702,24017ILB_1702_7,ESTACIONES por Bº La Torre,1,,Route_46
17,24017ILB_1702,24017ILB_1702_8,CIRIEGO por Bº La Torre,0,,Route_45
17,24017ILB_1702,24017ILB_1702_9,ESTACIONES por Bº La Torre,1,,Route_46
17,24017ILB_1702,24017ILB_1702_10,CIRIEGO por Bº La Torre,0,,Route_45
17,24017ILB_1702,24017ILB_1702_11,ESTACIONES por Bº La Torre,1,,Route_46
17,24017ILB_1702,24017ILB_1702_12,CIRIEGO por Bº La Torre,0,,Route_45
17,24017ILB_1702,24017ILB_1702_13,ESTACIONES por Bº La Torre,1,,Route_46
17,24017ILB_1702,24017ILB_1702_14,CIRIEGO por Bº La Torre,0,,Route_45
17,24017ILB_1702,24017ILB_1702_15,ESTACIONES por Bº La Torre,1,,Route_46
17,24017ILB_1702,24017ILB_1702_16,CIRIEGO por Bº La Torre,0,,Route_45
17,24017ILB_1702,24017ILB_1702_17,ESTACIONES por Bº La Torre,1,,Route_46
17,24017ILB_1702,24017ILB_1702_18,CIRIEGO por Bº La Torre,0,,Route_45
17,24017ILB_1702,24017ILB_1702_19,ESTACIONES por Bº La Torre,1,,Route_46
17,24017ILB_1702,24017ILB_1702_20,CIRIEGO por Bº La Torre,0,,Route_45
17,24017ILB_1702,24017ILB_1702_21,ESTACIONES por Bº La Torre,1,,Route_46
17,24017ILB_1702,24017ILB_1702_22,CIRIEGO por Bº La Torre,0,,Route_45
17,24017ILB_1702,24017ILB_1702_23,ESTACIONES por Bº La Torre,1,,Route_46
17,24017ILB_1702,24017ILB_1702_24,CIRIEGO por Bº La Torre,0,,Route_45
17,24017ILB_1702,24017ILB_1702_25,ESTACIONES por Bº La Torre,1,,Route_46
17,24017ILB_1702,24017ILB_1702_26,CORBAN por Bº La Torre,0,,Route_49
17,24017ILB_1702,24017ILB_1702_27,ESTACIONES por Bº La Torre,1,,Route_50
17,24017ILB_1702,24017ILB_1702_28,CORBAN por Bº La Torre,0,,Route_49
17,24017ILB_1702,24017ILB_1702_29,ESTACIONES por Bº La Torre,1,,Route_50
17,24017ILB_1702,24017ILB_1702_30,CORBAN por Bº La Torre,0,,Route_49
17,24017ILB_1702,24017ILB_1702_31,ESTACIONES por Bº La Torre,1,,Route_50
1,24001IFB_0101,24001IFB_0101_2,ADARZO,1,,Route_374
1,24001IFB_0101,24001IFB_0101_3,GONZALEZ TREVILLA,0,,Route_381
1,24001IFB_0101,24001IFB_0101_4,PCTCAN-UNEATLANTICO,1,,Route_372
1,24001IFB_0101,24001IFB_0101_5,GONZALEZ TREVILLA,0,,Route_380
1,24001IFB_0101,24001IFB_0101_6,PCTCAN-UNEATLANTICO,1,,Route_372
1,24001IFB_0101,24001IFB_0101_7,GONZALEZ TREVILLA,0,,Route_380
1,24001IFB_0101,24001IFB_0101_8,PCTCAN-UNEATLANTICO,1,,Route_372
1,24001IFB_0101,24001IFB_0101_9,GONZALEZ TREVILLA,0,,Route_380
1,24001IFB_0101,24001IFB_0101_10,PCTCAN-UNEATLANTICO,1,,Route_372
1,24001IFB_0101,24001IFB_0101_11,GONZALEZ TREVILLA,0,,Route_380
1,24001IFB_0101,24001IFB_0101_12,ADARZO,1,,Route_374
1,24001IFB_0101,24001IFB_0101_13,GONZALEZ TREVILLA,0,,Route_381
1,24001IFB_0101,24001IFB_0101_14,ADARZO,1,,Route_374
1,24001IFB_0101,24001IFB_0101_15,GONZALEZ TREVILLA,0,,Route_381
1,24001IFB_0101,24001IFB_0101_16,ADARZO,1,,Route_374
1,24001IFB_0101,24001IFB_0101_17,GONZALEZ TREVILLA,0,,Route_381
1,24001IFB_0101,24001IFB_0101_18,ADARZO,1,,Route_374
1,24001IFB_0101,24001IFB_0101_19,GONZALEZ TREVILLA,0,,Route_381
1,24001IFB_0102,24001IFB_0102_2,ADARZO,1,,Route_374
1,24001IFB_0102,24001IFB_0102_3,GONZALEZ TREVILLA,0,,Route_381
1,24001IFB_0102,24001IFB_0102_4,PCTCAN-UNEATLANTICO,1,,Route_372
1,24001IFB_0102,24001IFB_0102_5,GONZALEZ TREVILLA,0,,Route_380
1,24001IFB_0102,24001IFB_0102_6,PCTCAN-UNEATLANTICO,1,,Route_372
1,24001IFB_0102,24001IFB_0102_7,GONZALEZ TREVILLA,0,,Route_380
1,24001IFB_0102,24001IFB_0102_8,PCTCAN-UNEATLANTICO,1,,Route_372
1,24001IFB_0102,24001IFB_0102_9,GONZALEZ TREVILLA,0,,Route_380
1,24001IFB_0102,24001IFB_0102_10,PCTCAN-UNEATLANTICO,1,,Route_372
1,24001IFB_0102,24001IFB_0102_11,GONZALEZ TREVILLA,0,,Route_380
1,24001IFB_0102,24001IFB_0102_12,ADARZO,1,,Route_374
1,24001IFB_0102,24001IFB_0102_13,GONZALEZ TREVILLA,0,,Route_381
1,24001IFB_0102,24001IFB_0102_14,ADARZO,1,,Route_374
1,24001IFB_0102,24001IFB_0102_15,GONZALEZ TREVILLA,0,,Route_381
1,24001IFB_0102,24001IFB_0102_16,ADARZO,1,,Route_374
1,24001IFB_0102,24001IFB_0102_17,GONZALEZ TREVILLA,0,,Route_381
1,24001IFB_0103,24001IFB_0103_2,ADARZO,1,,Route_374
1,24001IFB_0103,24001IFB_0103_3,GONZALEZ TREVILLA,0,,Route_381
1,24001IFB_0103,24001IFB_0103_4,PCTCAN-UNEATLANTICO,1,,Route_372
1,24001IFB_0103,24001IFB_0103_5,GONZALEZ TREVILLA,0,,Route_380
1,24001IFB_0103,24001IFB_0103_6,PCTCAN-UNEATLANTICO,1,,Route_372
1,24001IFB_0103,24001IFB_0103_7,GONZALEZ TREVILLA,0,,Route_380
1,24001IFB_0103,24001IFB_0103_8,PCTCAN-UNEATLANTICO,1,,Route_372
1,24001IFB_0103,24001IFB_0103_9,GONZALEZ TREVILLA,0,,Route_380
1,24001IFB_0103,24001IFB_0103_10,ADARZO,1,,Route_374
1,24001IFB_0103,24001IFB_0103_11,GONZALEZ TREVILLA,0,,Route_381
1,24001IFB_0103,24001IFB_0103_12,ADARZO,1,,Route_374
1,24001IFB_0103,24001IFB_0103_13,GONZALEZ TREVILLA,0,,Route_381
1,24001IFB_0103,24001IFB_0103_14,ADARZO,1,,Route_374
1,24001IFB_0103,24001IFB_0103_15,GONZALEZ TREVILLA,0,,Route_381
1,24001IFB_0103,24001IFB_0103_16,ADARZO,1,,Route_374
1,24001IFB_0103,24001IFB_0103_17,GONZALEZ TREVILLA,0,,Route_381
1,24001IFB_0104,24001IFB_0104_2,PCTCAN-UNEATLANTICO,1,,Route_372
1,24001IFB_0104,24001IFB_0104_3,GONZALEZ TREVILLA,0,,Route_380
1,24001IFB_0104,24001IFB_0104_4,PCTCAN-UNEATLANTICO,1,,Route_372
1,24001IFB_0104,24001IFB_0104_5,GONZALEZ TREVILLA,0,,Route_380
1,24001IFB_0104,24001IFB_0104_6,PCTCAN-UNEATLANTICO,1,,Route_372
1,24001IFB_0104,24001IFB_0104_7,GONZALEZ TREVILLA,0,,Route_380
1,24001IFB_0104,24001IFB_0104_8,PCTCAN-UNEATLANTICO,1,,Route_372
1,24001IFB_0114,24001IFB_0114_2,GONZALEZ TREVILLA,0,,Route_380
1,24001IFB_0114,24001IFB_0114_3,ADARZO,1,,Route_374
1,24001IFB_0114,24001IFB_0114_4,GONZALEZ TREVILLA,0,,Route_381
1,24001IFB_0114,24001IFB_0114_5,ADARZO,1,,Route_374
1,24001IFB_0114,24001IFB_0114_6,GONZALEZ TREVILLA,0,,Route_381
1,24001IFB_0114,24001IFB_0114_7,ADARZO,1,,Route_374
1,24001IFB_0114,24001IFB_0114_8,GONZALEZ TREVILLA,0,,Route_381
14,24001IFB_0114,24001IFB_0114_9,ESTACIONES,0,,Route_105
1,24001IFB_0115,24001IFB_0115_2,ADARZO,1,,Route_374
1,24001IFB_0115,24001IFB_0115_3,GONZALEZ TREVILLA,0,,Route_381
1,24001IFB_0115,24001IFB_0115_4,ADARZO,1,,Route_374
1,24001IFB_0115,24001IFB_0115_5,GONZALEZ TREVILLA,0,,Route_381
1,24001IFB_0115,24001IFB_0115_6,ADARZO,1,,Route_374
1,24001IFB_0115,24001IFB_0115_7,GONZALEZ TREVILLA,0,,Route_381
1,24001IFB_0115,24001IFB_0115_8,ADARZO,1,,Route_374
17,24017IFB_1701,24017IFB_1701_2,CIRIEGO por Bº La Torre,0,,Route_45
17,24017IFB_1701,24017IFB_1701_3,ESTACIONES por Bº La Torre,1,,Route_46
17,24017IFB_1701,24017IFB_1701_4,CIRIEGO por Bº La Torre,0,,Route_45
17,24017IFB_1701,24017IFB_1701_5,ESTACIONES por Bº La Torre,1,,Route_46
17,24017IFB_1701,24017IFB_1701_6,CIRIEGO por Bº La Torre,0,,Route_45
17,24017IFB_1701,24017IFB_1701_7,ESTACIONES por Bº La Torre,1,,Route_46
17,24017IFB_1701,24017IFB_1701_8,CIRIEGO por Bº La Torre,0,,Route_45
17,24017IFB_1701,24017IFB_1701_9,ESTACIONES por Bº La Torre,1,,Route_46
17,24017IFB_1701,24017IFB_1701_10,CIRIEGO por Bº La Torre,0,,Route_45
17,24017IFB_1701,24017IFB_1701_11,ESTACIONES por Bº La Torre,1,,Route_46
17,24017IFB_1701,24017IFB_1701_12,CIRIEGO por Bº La Torre,0,,Route_45
17,24017IFB_1701,24017IFB_1701_13,ESTACIONES por Bº La Torre,1,,Route_46
17,24017IFB_1701,24017IFB_1701_14,CIRIEGO por Bº La Torre,0,,Route_45
17,24017IFB_1701,24017IFB_1701_15,ESTACIONES por Bº La Torre,1,,Route_46
17,24017IFB_1701,24017IFB_1701_16,CIRIEGO por Bº La Torre,0,,Route_45
17,24017IFB_1701,24017IFB_1701_17,ESTACIONES por Bº La Torre,1,,Route_46
17,24017IFB_1701,24017IFB_1701_18,CIRIEGO por Bº La Torre,0,,Route_45
17,24017IFB_1701,24017IFB_1701_19,ESTACIONES por Bº La Torre,1,,Route_46
17,24017IFB_1701,24017IFB_1701_20,CIRIEGO por Bº La Torre,0,,Route_45
17,24017IFB_1701,24017IFB_1701_21,ESTACIONES por Bº La Torre,1,,Route_46
17,24017IFB_1701,24017IFB_1701_22,CIRIEGO por Bº La Torre,0,,Route_45
17,24017IFB_1701,24017IFB_1701_23,ESTACIONES por Bº La Torre,1,,Route_46
17,24017IFB_1701,24017IFB_1701_24,CORBAN por Bº La Torre,0,,Route_49
17,24017IFB_1701,24017IFB_1701_25,ESTACIONES por Bº La Torre,1,,Route_50
17,24017IFB_1701,24017IFB_1701_26,CORBAN por Bº La Torre,0,,Route_49
17,24017IFB_1701,24017IFB_1701_27,ESTACIONES por Bº La Torre,1,,Route_50
17,24017IFB_1701,24017IFB_1701_28,CORBAN por Bº La Torre,0,,Route_49
17,24017IFB_1702,24017IFB_1702_2,CIRIEGO por Bº La Torre,0,,Route_45
17,24017IFB_1702,24017IFB_1702_3,ESTACIONES por Bº La Torre,1,,Route_46
17,24017IFB_1702,24017IFB_1702_4,CIRIEGO por Bº La Torre,0,,Route_45
17,24017IFB_1702,24017IFB_1702_5,ESTACIONES por Bº La Torre,1,,Route_46
17,24017IFB_1702,24017IFB_1702_6,CIRIEGO por Bº La Torre,0,,Route_45
17,24017IFB_1702,24017IFB_1702_7,ESTACIONES por Bº La Torre,1,,Route_46
17,24017IFB_1702,24017IFB_1702_8,CIRIEGO por Bº La Torre,0,,Route_45
17,24017IFB_1702,24017IFB_1702_9,ESTACIONES por Bº La Torre,1,,Route_46
17,24017IFB_1702,24017IFB_1702_10,CIRIEGO por Bº La Torre,0,,Route_45
17,24017IFB_1702,24017IFB_1702_11,ESTACIONES por Bº La Torre,1,,Route_46
17,24017IFB_1702,24017IFB_1702_12,CIRIEGO por Bº La Torre,0,,Route_45
17,24017IFB_1702,24017IFB_1702_13,ESTACIONES por Bº La Torre,1,,Route_46
17,24017IFB_1702,24017IFB_1702_14,CIRIEGO por Bº La Torre,0,,Route_45
17,24017IFB_1702,24017IFB_1702_15,ESTACIONES por Bº La Torre,1,,Route_46
17,24017IFB_1702,24017IFB_1702_16,CIRIEGO por Bº La Torre,0,,Route_45
17,24017IFB_1702,24017IFB_1702_17,ESTACIONES por Bº La Torre,1,,Route_46
17,24017IFB_1702,24017IFB_1702_18,CIRIEGO por Bº La Torre,0,,Route_45
17,24017IFB_1702,24017IFB_1702_19,ESTACIONES por Bº La Torre,1,,Route_46
17,24017IFB_1702,24017IFB_1702_20,CIRIEGO por Bº La Torre,0,,Route_45
17,24017IFB_1702,24017IFB_1702_21,ESTACIONES por Bº La Torre,1,,Route_46
17,24017IFB_1702,24017IFB_1702_22,CIRIEGO por Bº La Torre,0,,Route_45
17,24017IFB_1702,24017IFB_1702_23,ESTACIONES por Bº La Torre,1,,Route_46
101,24101INB_10101,24101INB_10101_2,CORBAN,1,,Route_370
101,24101INB_10101,24101INB_10101_3,REPUENTE,0,,Route_254
101,24101INB_10101,24101INB_10101_4,CORBAN,1,,Route_370
101,24101INB_10101,24101INB_10101_5,REPUENTE,0,,Route_254
101,24101INB_10101,24101INB_10101_6,CORBAN,1,,Route_370
101,24101INB_10101,24101INB_10101_7,REPUENTE,0,,Route_254
101,24101INB_10101,24101INB_10101_8,CORBAN,1,,Route_370
101,24101INB_10102,24101INB_10102_2,REPUENTE,0,,Route_254
101,24101INB_10102,24101INB_10102_3,CORBAN,1,,Route_370
101,24101INB_10102,24101INB_10102_4,REPUENTE,0,,Route_254
101,24101INB_10102,24101INB_10102_5,CORBAN,1,,Route_370
101,24101INB_10102,24101INB_10102_6,REPUENTE,0,,Route_254
101,24101INB_10102,24101INB_10102_7,CORBAN,1,,Route_370
101,24101INB_10102,24101INB_10102_8,REPUENTE,0,,Route_254
102,24102INB_10201,24102INB_10201_2,COMPLEJO,0,,Route_256
102,24102INB_10201,24102INB_10201_3,CORBAN,1,,Route_81
102,24102INB_10201,24102INB_10201_4,COMPLEJO,0,,Route_256
102,24102INB_10201,24102INB_10201_5,CORBAN,1,,Route_81
102,24102INB_10201,24102INB_10201_6,COMPLEJO,0,,Route_256
102,24102INB_10201,24102INB_10201_7,CORBAN,1,,Route_81
102,24102INB_10201,24102INB_10201_8,COMPLEJO,0,,Route_256
103,24103INB_10301,24103INB_10301_2,TOMAS y VALIENTE,1,,Route_393
103,24103INB_10301,24103INB_10301_3,PLAZA ITALIA,0,,Route_258
103,24103INB_10301,24103INB_10301_4,TOMAS y VALIENTE,1,,Route_393
103,24103INB_10301,24103INB_10301_5,PLAZA ITALIA,0,,Route_258
103,24103INB_10301,24103INB_10301_6,TOMAS y VALIENTE,1,,Route_393
103,24103INB_10301,24103INB_10301_7,PLAZA ITALIA,0,,Route_258
103,24103INB_10301,24103INB_10301_8,TOMAS y VALIENTE,1,,Route_393
103,24103INB_10301,24103INB_10301_9,PLAZA ITALIA,0,,Route_258
103,24103INB_10301,24103INB_10301_10,TOMAS y VALIENTE,1,,Route_393
103,24103INB_10301,24103INB_10301_11,PLAZA ITALIA,0,,Route_258
103,24103INB_10301,24103INB_10301_12,TOMAS y VALIENTE,1,,Route_393
1,24EILIA_0107,24EILIA_0107_2,PCTCAN-UNEATLANTICO,1,,Route_372
1,24EILIA_0107,24EILIA_0107_3,GONZALEZ TREVILLA,0,,Route_380
1,24EILIA_0107,24EILIA_0107_4,PCTCAN-UNEATLANTICO,1,,Route_372
1,24EILIA_0107,24EILIA_0107_5,GONZALEZ TREVILLA,0,,Route_380
1,24EILIA_0107,24EILIA_0107_6,PCTCAN-UNEATLANTICO,1,,Route_372
1,24EILIA_0107,24EILIA_0107_7,GONZALEZ TREVILLA,0,,Route_380
1,24EILIA_0107,24EILIA_0107_8,PCTCAN-UNEATLANTICO,1,,Route_372
41,24EILIA_R01,24EILIA_R01_2,INTERCAMBIADOR SARDINERO,0,,Route_344
41,24EILIA_R01,24EILIA_R01_3,INTERCAMBIADOR VALDECILLA,1,,Route_345
3,24EILIA_R01,24EILIA_R01_4,PASEO DE PEREDA 35,0,,Route_383
3,24EILIA_R01,24EILIA_R01_5,OJAIZ,1,,Route_11
3,24EILIA_R01,24EILIA_R01_6,PASEO DE PEREDA 35,0,,Route_383
3,24EILIA_R01,24EILIA_R01_7,OJAIZ,1,,Route_11
3,24EILIA_R01,24EILIA_R01_8,RECTORADO,0,,Route_384
61,24EILIA_R01,24EILIA_R01_9,COMPLEJO DEPORTIVO,0,,Route_366
62,24EILIA_R01,24EILIA_R01_10,COMPLEJO RUTH BEITIA,0,,Route_367
1,24EILIA_R02,24EILIA_R02_2,GONZALEZ TREVILLA,0,,Route_380
1,24EILIA_R02,24EILIA_R02_3,PCTCAN-UNEATLANTICO,1,,Route_372
100,24EILIA_R02,24EILIA_R02_4,INT. AVDA. VALDECILLA,1,,Route_174
100,24EILIA_R02,24EILIA_R02_5,INTERCAMBIADOR SARDINERO,0,,Route_394
100,24EILIA_R02,24EILIA_R02_6,INT. AVDA. VALDECILLA,1,,Route_174
100,24EILIA_R02,24EILIA_R02_7,INTERCAMBIADOR SARDINERO,0,,Route_394
42,24EILIA_R02,24EILIA_R02_8,ESTACIONES,1,,Route_245
42,24EILIA_R02,24EILIA_R02_9,ESTACIONES,1,,Route_245
2,24EILIA_R02,24EILIA_R02_10,CONSUELO BERGES,0,,Route_382
2,24EILIA_R02,24EILIA_R02_11,CORBAN,1,,Route_180
71,24EILIA_R03,24EILIA_R03_2,L.QUINTANILLA,0,,Route_195
44,24EILIA_R03,24EILIA_R03_3,INSTITUTOS,0,,Route_248
12,24EILIA_R03,24EILIA_R03_4,CARREFOUR,0,,Route_388
12,24EILIA_R03,24EILIA_R03_5,CARREFOUR,0,,Route_388
44,24EILIA_R03,24EILIA_R03_6,SAN MARTIN,1,,Route_249
51,24EILIA_R04,24EILIA_R04_2,MIRANDA,0,,Route_189
52,24EILIA_R04,24EILIA_R04_3,MIRANDA,0,,Route_191
3,24EILIA_R04,24EILIA_R04_4,OJAIZ,1,,Route_13
3,24EILIA_R04,24EILIA_R04_5,PASEO DE PEREDA 35,0,,Route_383
3,24EILIA_R04,24EILIA_R04_6,OJAIZ,1,,Route_11
3,24EILIA_R04,24EILIA_R04_7,PASEO DE PEREDA 35,0,,Route_383
2,24EILIA_R04,24EILIA_R04_8,CORBAN,1,,Route_180
42,24EILIA_R05,24EILIA_R05_2,RECTORADO,0,,Route_244
42,24EILIA_R05,24EILIA_R05_3,RECTORADO,0,,Route_244
4,24EILIA_R05,24EILIA_R05_4,BARRIO PESQUERO,0,,Route_185
4,24EILIA_R05,24EILIA_R05_5,INTERCAMBIADOR SARDINERO,1,,Route_186
4,24EILIA_R05,24EILIA_R05_6,BARRIO PESQUERO,0,,Route_185
4,24EILIA_R05,24EILIA_R05_7,INTERCAMBIADOR SARDINERO,1,,Route_186
12,24EILIA_R05,24EILIA_R05_8,CARREFOUR,0,,Route_388
71,24EILIA_R06,24EILIA_R06_2,L.QUINTANILLA,0,,Route_195
4,24EILIA_R06,24EILIA_R06_3,BARRIO PESQUERO,0,,Route_185
4,24EILIA_R06,24EILIA_R06_4,INTERCAMBIADOR SARDINERO,1,,Route_186
4,24EILIA_R06,24EILIA_R06_5,BARRIO PESQUERO,0,,Route_185
4,24EILIA_R06,24EILIA_R06_6,INTERCAMBIADOR SARDINERO,1,,Route_186
62,24EILIA_R06,24EILIA_R06_7,COMPLEJO RUTH BEITIA,0,,Route_367
43,24EILIA_R07,24EILIA_R07_2,INSTITUTOS,0,,Route_246
12,24EILIA_R07,24EILIA_R07_3,CARREFOUR,0,,Route_388
100,24EILIA_R07,24EILIA_R07_4,INT. AVDA. VALDECILLA,1,,Route_174
100,24EILIA_R07,24EILIA_R07_5,INTERCAMBIADOR SARDINERO,0,,Route_394
100,24EILIA_R07,24EILIA_R07_6,INT. AVDA. VALDECILLA,1,,Route_174
100,24EILIA_R07,24EILIA_R07_7,INTERCAMBIADOR SARDINERO,0,,Route_394
2,24EILIA_R07,24EILIA_R07_8,CORBAN,1,,Route_180
43,24EILIA_R07,24EILIA_R07_9,MIRANDA,1,,Route_247
61,24EILIA_R08,24EILIA_R08_2,COMPLEJO DEPORTIVO,0,,Route_366
62,24EILIA_R08,24EILIA_R08_3,COMPLEJO RUTH BEITIA,0,,Route_367
4,24EILIA_R08,24EILIA_R08_4,BARRIO PESQUERO,0,,Route_185
4,24EILIA_R08,24EILIA_R08_5,INTERCAMBIADOR SARDINERO,1,,Route_186
13,24EILIA_R09,24EILIA_R09_2,LLUJA,1,,Route_36
13,24EILIA_R09,24EILIA_R09_3,CUETO por el SARDINERO,0,,Route_375
71,24EILIA_R09,24EILIA_R09_4,L.QUINTANILLA,0,,Route_195
42,24EILIA_R09,24EILIA_R09_5,ESTACIONES,1,,Route_245
42,24EILIA_R09,24EILIA_R09_6,RECTORADO,0,,Route_244
12,24EILIA_R10,24EILIA_R10_2,CARREFOUR,0,,Route_388
12,24EILIA_R10,24EILIA_R10_3,CARREFOUR,0,,Route_388
1,24EILIA_R11,24EILIA_R11_2,PCTCAN-UNEATLANTICO,1,,Route_372
1,24EILIA_R11,24EILIA_R11_3,GONZALEZ TREVILLA,0,,Route_380
1,24EILIA_R11,24EILIA_R11_4,PCTCAN-UNEATLANTICO,1,,Route_372
1,24EILIA_R11,24EILIA_R11_5,GONZALEZ TREVILLA,0,,Route_380
1,24EILIA_R12,24EILIA_R12_2,GONZALEZ TREVILLA,0,,Route_380
1,24EILIA_R12,24EILIA_R12_3,PCTCAN-UNEATLANTICO,1,,Route_372
52,24EILIA_R12,24EILIA_R12_4,MIRANDA,0,,Route_191
51,24EILIA_R12,24EILIA_R12_5,MIRANDA,0,,Route_189
52,24EILIA_R14,24EILIA_R14_2,MIRANDA,0,,Route_191
1,R_EVENTO_3101A,R_EVENTO_3101A_2,GONZALEZ TREVILLA,0,,Route_381
1,R_EVENTO_3101A,R_EVENTO_3101A_3,GONZALEZ TREVILLA,0,,Route_381
1,R_EVENTO_3101A,R_EVENTO_3101A_4,ADARZO,1,,Route_374
31,R_EVENTO_3101A,R_EVENTO_3101A_5,ALISAL,1,,Route_266
31,R_EVENTO_3101A,R_EVENTO_3101A_6,ALISAL,1,,Route_266
31,R_EVENTO_3101A,R_EVENTO_3101A_7,ALISAL,1,,Route_266
1,R_EVENTO_3102A,R_EVENTO_3102A_2,ADARZO,1,,Route_374
1,R_EVENTO_3102A,R_EVENTO_3102A_3,GONZALEZ TREVILLA,0,,Route_381
1,R_EVENTO_3102A,R_EVENTO_3102A_4,ADARZO,1,,Route_374
1,R_EVENTO_3102A,R_EVENTO_3102A_5,GONZALEZ TREVILLA,0,,Route_381
1,R_EVENTO_3102A,R_EVENTO_3102A_6,ADARZO,1,,Route_374
31,R_EVENTO_3102A,R_EVENTO_3102A_7,ALISAL,1,,Route_266
1,R_EVENTO_3103A,R_EVENTO_3103A_2,ADARZO,1,,Route_374
31,R_EVENTO_3103A,R_EVENTO_3103A_3,ALISAL,1,,Route_266
31,R_EVENTO_3103A,R_EVENTO_3103A_4,ALISAL,1,,Route_266
31,R_EVENTO_3103A,R_EVENTO_3103A_5,ALISAL,1,,Route_266
1,R_EVENTO_3104A,R_EVENTO_3104A_2,GONZALEZ TREVILLA,0,,Route_381
1,R_EVENTO_3104A,R_EVENTO_3104A_3,GONZALEZ TREVILLA,0,,Route_381
1,R_EVENTO_3104A,R_EVENTO_3104A_4,ADARZO,1,,Route_374
31,R_EVENTO_3104A,R_EVENTO_3104A_5,ALISAL,1,,Route_266
31,R_EVENTO_3104A,R_EVENTO_3104A_6,ALISAL,1,,Route_266
1,R_EVENTO_3105A,R_EVENTO_3105A_2,GONZALEZ TREVILLA,0,,Route_381
1,R_EVENTO_3105A,R_EVENTO_3105A_3,ADARZO,1,,Route_374
1,R_EVENTO_3105A,R_EVENTO_3105A_4,ADARZO,1,,Route_374
31,R_EVENTO_3105A,R_EVENTO_3105A_5,ALISAL,1,,Route_266
31,R_EVENTO_3105A,R_EVENTO_3105A_6,ALISAL,1,,Route_266
1,R_EVENTO_3106A,R_EVENTO_3106A_2,ADARZO,1,,Route_374
1,R_EVENTO_3106A,R_EVENTO_3106A_3,GONZALEZ TREVILLA,0,,Route_381
1,R_EVENTO_3106A,R_EVENTO_3106A_4,ADARZO,1,,Route_374
31,R_EVENTO_3106A,R_EVENTO_3106A_5,ALISAL,1,,Route_266
